sample_id,freq_timer_ns,std_time_ns,freq_cycles,time_diff_ns
0,645,2848,3530,-2203
1,740,1190,2429,-450
2,462,696,1444,-234
3,191,398,764,-207
4,553,764,1682,-211
5,584,794,1765,-210
6,193,401,780,-208
7,213,420,825,-207
8,578,786,1733,-208
9,510,721,1570,-211
10,201,407,790,-206
11,194,405,784,-211
12,197,403,782,-206
13,186,393,753,-207
14,197,406,788,-209
15,198,408,790,-210
16,200,415,810,-215
17,191,398,768,-207
18,201,410,798,-209
19,190,401,769,-211
20,197,405,788,-208
21,196,402,784,-206
22,202,410,800,-208
23,189,395,765,-206
24,204,414,809,-210
25,188,400,768,-212
26,195,401,780,-206
27,194,401,772,-207
28,198,403,784,-205
29,196,407,790,-211
30,187,399,770,-212
31,195,403,778,-208
32,196,403,788,-207
33,196,402,782,-206
34,197,407,787,-210
35,193,402,776,-209
36,196,403,778,-207
37,192,402,780,-210
38,197,403,778,-206
39,198,405,780,-207
40,202,415,802,-213
41,196,404,780,-208
42,194,405,787,-211
43,193,401,772,-208
44,199,404,788,-205
45,189,396,762,-207
46,201,410,790,-209
47,194,404,776,-210
48,208,419,815,-211
49,193,402,784,-209
50,202,409,788,-207
51,188,398,766,-210
52,198,406,786,-208
53,198,409,790,-211
54,200,408,795,-208
55,194,406,780,-212
56,197,406,786,-209
57,186,395,762,-209
58,198,405,788,-207
59,185,397,766,-212
60,198,408,788,-210
61,198,407,790,-209
62,196,404,792,-208
63,187,395,755,-208
64,201,410,798,-209
65,192,404,780,-212
66,197,404,784,-207
67,192,397,770,-205
68,199,410,786,-211
69,195,398,774,-203
70,195,403,776,-208
71,193,400,772,-207
72,195,405,780,-210
73,192,399,774,-207
74,198,405,778,-207
75,193,403,776,-210
76,200,404,790,-204
77,188,392,756,-204
78,199,405,784,-206
79,196,407,790,-211
80,196,404,776,-208
81,185,395,762,-210
82,198,405,784,-207
83,199,406,784,-207
84,198,406,788,-208
85,199,410,792,-211
86,198,407,791,-209
87,188,397,772,-209
88,198,407,793,-209
89,197,406,792,-209
90,199,408,784,-209
91,195,403,776,-208
92,200,408,788,-208
93,189,396,762,-207
94,200,409,788,-209
95,185,395,758,-210
96,196,408,792,-212
97,188,395,765,-207
98,201,410,798,-209
99,195,399,776,-204
100,195,405,780,-210
101,702,1292,2361,-590
102,520,726,1582,-206
103,562,768,1690,-206
104,525,734,1617,-209
105,191,397,766,-206
106,205,412,802,-207
107,194,401,786,-207
108,546,752,1654,-206
109,195,405,778,-210
110,208,413,808,-205
111,193,403,771,-210
112,198,407,788,-209
113,196,402,784,-206
114,588,794,1759,-206
115,535,741,1633,-206
116,200,406,796,-206
117,194,402,784,-208
118,202,412,801,-210
119,186,396,762,-210
120,199,409,795,-210
121,187,396,762,-209
122,200,407,793,-207
123,199,409,794,-210
124,200,407,790,-207
125,195,404,784,-209
126,198,407,786,-209
127,194,405,780,-211
128,195,402,790,-207
129,191,400,770,-209
130,198,403,788,-205
131,190,398,764,-208
132,203,407,788,-204
133,194,402,778,-208
134,198,405,784,-207
135,197,404,776,-207
136,202,404,788,-202
137,189,394,755,-205
138,198,402,784,-204
139,192,400,768,-208
140,196,402,788,-206
141,193,402,772,-209
142,197,403,784,-206
143,190,395,765,-205
144,197,405,784,-208
145,184,392,750,-208
146,197,405,784,-208
147,190,399,769,-209
148,193,400,772,-207
149,193,402,778,-209
150,196,405,780,-209
151,191,400,764,-209
152,198,408,790,-210
153,193,403,776,-210
154,198,405,788,-207
155,188,396,763,-208
156,193,403,778,-210
157,184,394,759,-210
158,198,406,790,-208
159,194,404,778,-210
160,193,401,772,-208
161,186,393,758,-207
162,200,408,795,-208
163,185,392,754,-207
164,202,411,804,-209
165,193,401,780,-208
166,200,407,792,-207
167,193,401,778,-208
168,200,408,790,-208
169,187,396,762,-209
170,199,408,790,-209
171,198,406,788,-208
172,197,406,784,-209
173,186,392,761,-206
174,202,410,798,-208
175,192,401,770,-209
176,196,405,786,-209
177,197,405,780,-208
178,196,403,784,-207
179,193,402,776,-209
180,198,405,786,-207
181,194,400,770,-206
182,200,405,786,-205
183,189,396,761,-207
184,197,405,782,-208
185,199,406,790,-207
186,202,408,786,-206
187,189,394,758,-205
188,200,405,784,-205
189,195,401,773,-206
190,199,405,788,-206
191,194,403,774,-209
192,198,405,784,-207
193,193,401,770,-208
194,195,404,778,-209
195,196,406,784,-210
196,206,414,805,-208
197,584,964,1845,-380
198,197,404,784,-207
199,464,673,1455,-209
200,575,781,1716,-206
201,586,955,1928,-369
202,224,436,860,-212
203,196,401,768,-205
204,575,782,1722,-207
205,548,756,1666,-208
206,201,410,794,-209
207,192,400,770,-208
208,563,771,1698,-208
209,212,421,822,-209
210,540,745,1639,-205
211,205,413,805,-208
212,194,404,780,-210
213,483,686,1488,-203
214,194,402,780,-208
215,543,755,1649,-212
216,194,403,780,-209
217,482,691,1503,-209
218,195,404,784,-209
219,200,406,786,-206
220,471,681,1473,-210
221,538,746,1637,-208
222,544,750,1655,-206
223,201,408,796,-207
224,544,754,1653,-210
225,198,408,790,-210
226,196,407,790,-211
227,195,405,778,-210
228,483,693,1503,-210
229,196,405,780,-209
230,560,767,1688,-207
231,197,404,782,-207
232,506,713,1560,-207
233,196,405,782,-209
234,509,715,1564,-206
235,191,398,772,-207
236,507,715,1556,-208
237,194,401,780,-207
238,195,406,782,-211
239,499,703,1538,-204
240,191,399,766,-208
241,511,717,1566,-206
242,198,405,788,-207
243,547,754,1660,-207
244,199,407,788,-208
245,504,710,1550,-206
246,189,399,770,-210
247,507,711,1552,-204
248,192,396,762,-204
249,539,747,1637,-208
250,194,404,788,-210
251,547,755,1661,-208
252,189,397,764,-208
253,506,711,1556,-205
254,193,403,776,-210
255,199,406,791,-207
256,492,699,1521,-207
257,200,410,792,-210
258,545,752,1653,-207
259,193,401,774,-208
260,507,717,1560,-210
261,196,406,790,-210
262,547,757,1662,-210
263,193,404,780,-211
264,508,714,1560,-206
265,195,405,782,-210
266,512,717,1574,-205
267,195,402,780,-207
268,548,751,1657,-203
269,196,404,780,-208
270,547,755,1656,-208
271,198,404,784,-206
272,550,760,1670,-210
273,190,397,763,-207
274,505,714,1560,-209
275,543,752,1649,-209
276,193,404,784,-211
277,571,779,1714,-208
278,195,402,780,-207
279,502,711,1552,-209
280,203,408,794,-205
281,505,714,1560,-209
282,190,396,770,-206
283,505,713,1552,-208
284,197,404,778,-207
285,507,715,1564,-208
286,200,407,797,-207
287,195,401,780,-206
288,504,714,1556,-210
289,467,674,1461,-207
290,540,750,1641,-210
291,193,404,780,-211
292,474,682,1477,-208
293,540,749,1643,-209
294,544,756,1661,-212
295,198,405,786,-207
296,510,721,1574,-211
297,197,406,778,-209
298,564,774,1705,-210
299,507,716,1560,-209
300,200,407,788,-207
301,492,804,1590,-312
302,198,391,761,-193
303,173,369,711,-196
304,501,696,1530,-195
305,177,369,711,-192
306,529,725,1593,-196
307,509,703,1544,-194
308,510,704,1550,-194
309,184,378,732,-194
310,182,379,729,-197
311,185,381,732,-196
312,183,378,733,-195
313,187,377,733,-190
314,442,638,1379,-196
315,180,376,731,-196
316,508,703,1538,-195
317,183,379,729,-196
318,187,382,738,-195
319,184,382,743,-198
320,505,701,1542,-196
321,182,376,729,-194
322,507,703,1544,-196
323,177,373,712,-196
324,183,378,728,-195
325,506,699,1535,-193
326,184,376,731,-192
327,173,369,705,-196
328,171,366,699,-195
329,507,701,1540,-194
330,185,379,727,-194
331,185,380,737,-195
332,182,379,728,-197
333,179,376,725,-197
334,442,638,1379,-196
335,177,372,719,-195
336,183,375,729,-192
337,180,376,729,-196
338,188,383,740,-195
339,179,376,729,-197
340,180,376,731,-196
341,182,375,731,-193
342,187,379,735,-192
343,433,629,1361,-196
344,183,380,735,-197
345,183,375,728,-192
346,186,382,734,-196
347,182,376,729,-194
348,183,376,729,-193
349,436,628,1367,-192
350,183,377,725,-194
351,180,371,717,-191
352,505,700,1537,-195
353,175,373,719,-198
354,185,380,738,-195
355,507,701,1538,-194
356,183,380,741,-197
357,179,374,721,-195
358,442,637,1379,-195
359,182,377,725,-195
360,186,377,731,-191
361,182,377,729,-195
362,508,701,1539,-193
363,183,379,728,-196
364,182,376,727,-194
365,187,377,729,-190
366,508,702,1536,-194
367,179,374,713,-195
368,506,704,1538,-198
369,188,384,740,-196
370,507,700,1537,-193
371,176,370,715,-194
372,183,379,735,-196
373,174,368,706,-194
374,183,377,735,-194
375,509,701,1540,-192
376,181,378,733,-197
377,176,372,715,-196
378,185,381,740,-196
379,179,375,719,-196
380,173,365,705,-192
381,440,635,1375,-195
382,186,381,733,-195
383,509,707,1546,-198
384,182,380,728,-198
385,183,380,732,-197
386,509,708,1550,-199
387,177,373,723,-196
388,534,842,1696,-308
389,179,382,743,-203
390,439,634,1367,-195
391,179,370,711,-191
392,187,383,745,-196
393,183,378,727,-195
394,181,378,726,-197
395,184,376,731,-192
396,169,367,706,-198
397,180,377,727,-197
398,183,375,719,-192
399,180,378,729,-198
400,186,378,737,-192
401,956,1367,2777,-411
402,611,832,1867,-221
403,586,805,1799,-219
404,175,370,709,-195
405,531,743,1641,-212
406,185,384,745,-199
407,193,385,756,-192
408,178,373,723,-195
409,194,388,750,-194
410,183,377,731,-194
411,508,705,1543,-197
412,191,383,749,-192
413,511,707,1550,-196
414,188,384,749,-196
415,512,707,1554,-195
416,186,377,731,-191
417,182,378,729,-196
418,448,645,1397,-197
419,186,378,744,-192
420,192,387,752,-195
421,190,383,747,-193
422,189,381,748,-192
423,184,377,733,-193
424,189,383,747,-194
425,188,383,742,-195
426,187,382,745,-195
427,186,378,736,-192
428,191,384,747,-193
429,179,375,725,-196
430,194,387,747,-193
431,189,383,742,-194
432,186,379,742,-193
433,187,379,735,-192
434,186,379,735,-193
435,184,375,727,-191
436,190,382,745,-192
437,183,376,731,-193
438,174,365,707,-191
439,190,381,744,-191
440,184,378,738,-194
441,188,381,744,-193
442,174,367,705,-193
443,189,382,747,-193
444,186,382,739,-196
445,184,378,729,-194
446,181,376,732,-195
447,184,380,735,-196
448,197,389,760,-192
449,184,380,741,-196
450,175,367,709,-192
451,187,383,742,-196
452,182,377,734,-195
453,185,378,732,-193
454,183,377,725,-194
455,185,380,733,-195
456,178,372,715,-194
457,182,377,730,-195
458,179,374,725,-195
459,186,378,741,-192
460,187,381,741,-194
461,184,379,731,-195
462,174,372,713,-198
463,188,382,743,-194
464,178,370,719,-192
465,188,382,738,-194
466,179,375,731,-196
467,182,377,733,-195
468,180,374,723,-194
469,188,382,736,-194
470,179,374,723,-195
471,185,381,735,-196
472,180,371,715,-191
473,187,380,741,-193
474,184,379,733,-195
475,185,377,731,-192
476,179,371,721,-192
477,186,380,743,-194
478,177,368,713,-191
479,184,377,731,-193
480,178,369,711,-191
481,187,381,746,-194
482,179,374,727,-195
483,185,379,733,-194
484,179,373,715,-194
485,188,383,736,-195
486,173,370,713,-197
487,185,382,742,-197
488,175,374,715,-199
489,186,380,737,-194
490,180,374,723,-194
491,178,373,718,-195
492,182,376,731,-194
493,181,377,733,-196
494,180,372,719,-192
495,180,374,731,-194
496,179,370,715,-191
497,184,379,735,-195
498,179,377,729,-198
499,184,379,742,-195
500,177,368,707,-191
501,1042,1589,3081,-547
502,209,458,872,-249
503,399,645,1340,-246
504,192,436,812,-244
505,198,442,831,-244
506,540,751,1651,-211
507,199,406,788,-207
508,196,404,788,-208
509,199,403,784,-204
510,195,402,778,-207
511,473,681,1479,-208
512,194,401,776,-207
513,473,683,1480,-210
514,196,404,786,-208
515,200,410,792,-210
516,545,753,1651,-208
517,192,397,766,-205
518,547,753,1653,-206
519,200,408,790,-208
520,191,397,766,-206
521,200,411,801,-211
522,196,402,784,-206
523,513,723,1582,-210
524,198,407,792,-209
525,191,398,768,-207
526,545,754,1655,-209
527,195,401,772,-206
528,193,401,769,-208
529,202,410,794,-208
530,474,686,1483,-212
531,201,411,804,-210
532,192,400,768,-208
533,544,754,1654,-210
534,196,405,784,-209
535,195,403,784,-208
536,194,403,776,-209
537,195,406,788,-211
538,194,402,780,-208
539,199,407,794,-208
540,188,393,764,-205
541,194,405,784,-211
542,194,399,772,-205
543,198,408,790,-210
544,194,402,776,-208
545,473,679,1477,-206
546,198,404,776,-206
547,475,680,1477,-205
548,192,400,772,-208
549,197,404,780,-207
550,197,407,786,-210
551,546,755,1658,-209
552,192,402,780,-210
553,195,404,780,-209
554,473,680,1473,-207
555,199,405,786,-206
556,195,404,780,-209
557,196,405,784,-209
558,476,684,1487,-208
559,195,403,784,-208
560,476,685,1478,-209
561,202,410,794,-208
562,186,393,756,-207
563,548,755,1662,-207
564,196,404,777,-208
565,468,678,1465,-210
566,192,400,764,-208
567,196,403,784,-207
568,192,399,776,-207
569,189,398,769,-209
570,198,404,784,-206
571,201,407,788,-206
572,193,404,780,-211
573,546,753,1655,-207
574,196,403,776,-207
575,513,722,1577,-209
576,197,405,782,-208
577,197,404,782,-207
578,474,682,1477,-208
579,195,402,780,-207
580,543,752,1651,-209
581,197,405,786,-208
582,559,892,1775,-333
583,199,404,789,-205
584,517,724,1584,-207
585,190,397,772,-207
586,193,400,776,-207
587,194,402,780,-208
588,204,411,798,-207
589,192,399,776,-207
590,209,415,809,-206
591,189,399,769,-210
592,195,404,784,-209
593,208,415,815,-207
594,199,407,786,-208
595,190,398,765,-208
596,197,402,780,-205
597,208,416,816,-208
598,197,405,778,-208
599,211,416,806,-205
600,193,402,776,-209
601,603,1061,1990,-458
602,483,741,1564,-258
603,344,589,1199,-245
604,473,699,1527,-226
605,260,491,995,-231
606,391,645,1324,-254
607,189,421,823,-232
608,471,678,1471,-207
609,503,710,1546,-207
610,197,405,784,-208
611,541,750,1639,-209
612,204,415,808,-211
613,198,405,778,-207
614,206,415,809,-209
615,196,409,788,-213
616,212,417,813,-205
617,539,748,1640,-209
618,195,401,780,-206
619,215,421,819,-206
620,191,398,766,-207
621,191,398,766,-207
622,205,413,798,-208
623,196,402,780,-206
624,209,416,815,-207
625,197,405,782,-208
626,194,403,778,-209
627,489,697,1517,-208
628,192,398,772,-206
629,541,751,1642,-210
630,207,417,812,-210
631,192,399,772,-207
632,204,413,809,-209
633,206,412,796,-206
634,212,420,821,-208
635,543,749,1644,-206
636,209,415,809,-206
637,541,751,1647,-210
638,211,423,820,-212
639,543,748,1639,-205
640,209,415,809,-206
641,542,752,1648,-210
642,191,400,772,-209
643,529,738,1619,-209
644,190,398,773,-208
645,482,687,1484,-205
646,189,398,764,-209
647,520,729,1595,-209
648,195,403,780,-208
649,208,416,808,-208
650,198,407,792,-209
651,474,685,1480,-211
652,199,405,788,-206
653,210,417,815,-207
654,197,401,780,-204
655,543,749,1639,-206
656,208,415,814,-207
657,201,408,794,-207
658,192,400,773,-208
659,209,415,816,-206
660,196,402,780,-206
661,585,795,1755,-210
662,192,401,774,-209
663,214,423,825,-209
664,542,748,1643,-206
665,203,410,804,-207
666,541,748,1645,-207
667,204,412,796,-208
668,207,413,806,-206
669,544,751,1642,-207
670,213,419,824,-206
671,539,751,1647,-212
672,213,423,826,-210
673,188,397,766,-209
674,206,415,813,-209
675,542,749,1645,-207
676,193,398,772,-205
677,542,752,1647,-210
678,216,422,830,-206
679,198,406,788,-208
680,582,791,1751,-209
681,202,411,794,-209
682,217,422,833,-205
683,541,751,1646,-210
684,195,398,766,-203
685,547,757,1660,-210
686,195,402,780,-207
687,528,735,1611,-207
688,201,409,798,-208
689,198,404,786,-206
690,208,416,816,-208
691,541,748,1643,-207
692,206,417,815,-211
693,196,401,782,-205
694,539,746,1642,-207
695,207,414,810,-207
696,541,748,1640,-207
697,204,412,808,-208
698,196,405,778,-209
699,193,400,776,-207
700,201,409,792,-208
701,504,900,1692,-396
702,254,550,1009,-296
703,260,481,946,-221
704,255,476,939,-221
705,245,475,910,-230
706,243,458,912,-215
707,265,475,936,-210
708,276,518,1007,-242
709,315,549,1101,-234
710,281,511,1018,-230
711,241,462,906,-221
712,266,492,965,-226
713,272,478,956,-206
714,269,464,954,-195
715,341,541,1128,-200
716,278,484,971,-206
717,221,449,855,-228
718,259,454,920,-195
719,224,434,855,-210
720,286,498,1007,-212
721,225,447,883,-222
722,253,469,920,-216
723,238,453,881,-215
724,268,506,979,-238
725,240,449,886,-209
726,217,442,853,-225
727,259,508,989,-249
728,301,545,1081,-244
729,311,544,1085,-233
730,254,467,910,-213
731,240,466,896,-226
732,302,530,1058,-228
733,272,499,988,-227
734,233,444,875,-211
735,460,706,1487,-246
736,434,692,1371,-258
737,383,611,1272,-228
738,547,757,1649,-210
739,580,821,1771,-241
740,393,622,1282,-229
741,469,673,1449,-204
742,488,795,1572,-307
743,180,373,721,-193
744,511,706,1551,-195
745,182,384,748,-202
746,180,374,727,-194
747,187,378,739,-191
748,183,376,727,-193
749,176,369,715,-193
750,177,370,715,-193
751,179,375,727,-196
752,439,636,1382,-197
753,181,372,721,-191
754,175,370,713,-195
755,176,367,701,-191
756,181,373,721,-192
757,179,371,711,-192
758,179,373,723,-194
759,173,367,705,-194
760,175,371,711,-196
761,440,634,1373,-194
762,177,370,711,-193
763,438,636,1371,-198
764,180,375,721,-195
765,176,371,719,-195
766,177,371,711,-194
767,407,604,1291,-197
768,180,378,731,-198
769,175,372,713,-197
770,408,605,1296,-197
771,179,373,721,-194
772,641,885,1985,-244
773,530,831,1788,-301
774,621,993,1991,-372
775,431,646,1386,-215
776,479,701,1491,-222
777,432,808,1777,-376
778,222,441,845,-219
779,366,569,1199,-203
780,370,580,1215,-210
781,223,418,835,-195
782,354,549,1154,-195
783,374,594,1239,-220
784,206,415,802,-209
785,343,538,1125,-195
786,247,451,906,-204
787,240,459,897,-219
788,208,422,825,-214
789,356,575,1180,-219
790,530,732,1597,-202
791,413,626,1339,-213
792,241,458,906,-217
793,270,499,993,-229
794,242,457,910,-215
795,289,508,1016,-219
796,204,398,780,-194
797,262,478,955,-216
798,189,384,741,-195
799,230,447,866,-217
800,245,452,916,-207
801,827,1346,2598,-519
802,488,807,1591,-319
803,374,648,1316,-274
804,267,584,1059,-317
805,508,755,1599,-247
806,248,467,931,-219
807,286,537,1087,-251
808,330,559,1133,-229
809,231,464,903,-233
810,263,515,981,-252
811,240,466,892,-226
812,268,502,983,-234
813,234,483,922,-249
814,238,500,979,-262
815,239,467,910,-228
816,392,630,1314,-238
817,273,494,985,-221
818,372,604,1245,-232
819,292,534,1056,-242
820,495,756,1560,-261
821,419,649,1373,-230
822,416,661,1365,-245
823,420,644,1355,-224
824,590,795,1758,-205
825,197,405,780,-208
826,536,748,1635,-212
827,417,627,1330,-210
828,539,747,1635,-208
829,206,414,805,-208
830,196,406,784,-210
831,539,748,1646,-209
832,196,400,780,-204
833,549,758,1672,-209
834,535,746,1631,-211
835,198,402,790,-204
836,211,417,812,-206
837,199,406,791,-207
838,211,419,817,-208
839,473,681,1473,-208
840,202,408,792,-206
841,207,415,804,-208
842,194,401,782,-207
843,545,754,1659,-209
844,202,411,809,-209
845,544,754,1655,-210
846,211,416,819,-205
847,203,410,799,-207
848,199,409,790,-210
849,198,407,788,-209
850,208,421,816,-213
851,199,408,791,-209
852,203,409,801,-206
853,200,408,794,-208
854,544,752,1651,-208
855,198,406,786,-208
856,545,755,1654,-210
857,201,409,798,-208
858,474,682,1478,-208
859,197,405,786,-208
860,196,400,782,-204
861,542,753,1650,-211
862,190,401,776,-211
863,196,405,786,-209
864,545,755,1649,-210
865,196,403,782,-207
866,197,403,784,-206
867,544,753,1655,-209
868,189,398,772,-209
869,199,407,786,-208
870,545,753,1653,-208
871,194,401,776,-207
872,193,405,784,-212
873,512,722,1571,-210
874,187,394,760,-207
875,196,405,780,-209
876,546,753,1658,-207
877,198,408,788,-210
878,546,753,1657,-207
879,197,405,788,-208
880,186,396,764,-210
881,473,683,1471,-210
882,192,401,774,-209
883,201,409,798,-208
884,195,404,780,-209
885,547,756,1657,-209
886,197,405,784,-208
887,542,751,1643,-209
888,195,404,788,-209
889,197,404,780,-207
890,474,683,1475,-209
891,204,410,798,-206
892,189,398,766,-209
893,478,686,1488,-208
894,190,396,770,-206
895,196,403,788,-207
896,544,752,1653,-208
897,197,404,786,-207
898,186,396,755,-210
899,192,402,770,-210
900,198,406,784,-208
901,589,973,1906,-384
902,191,387,754,-196
903,183,380,728,-197
904,526,718,1586,-192
905,170,367,699,-197
906,507,705,1548,-198
907,176,371,719,-195
908,478,673,1468,-195
909,178,374,729,-196
910,543,736,1623,-193
911,494,686,1505,-192
912,185,377,733,-192
913,178,370,715,-192
914,532,727,1607,-195
915,516,711,1568,-195
916,187,377,735,-190
917,442,634,1373,-192
918,187,380,744,-193
919,176,367,711,-191
920,477,674,1473,-197
921,173,366,701,-193
922,476,674,1472,-198
923,184,379,739,-195
924,443,636,1381,-193
925,178,370,717,-192
926,481,673,1464,-192
927,176,370,715,-194
928,455,651,1414,-196
929,178,371,715,-193
930,448,643,1390,-195
931,178,375,719,-197
932,183,378,738,-195
933,181,376,722,-195
934,182,378,728,-196
935,181,372,721,-191
936,181,377,727,-196
937,180,375,721,-195
938,186,378,735,-192
939,179,372,717,-193
940,480,672,1472,-192
941,178,369,711,-191
942,184,379,739,-195
943,174,370,717,-196
944,186,381,739,-195
945,176,371,719,-195
946,184,377,731,-193
947,175,368,715,-193
948,477,673,1467,-196
949,176,367,704,-191
950,183,377,735,-194
951,441,636,1369,-195
952,181,377,729,-196
953,509,705,1546,-196
954,183,379,736,-196
955,181,371,728,-190
956,177,370,709,-193
957,441,637,1375,-196
958,184,380,731,-196
959,173,367,699,-194
960,189,386,749,-197
961,441,635,1375,-194
962,186,381,741,-195
963,177,374,719,-197
964,184,374,729,-190
965,531,973,1816,-442
966,280,493,991,-213
967,231,446,862,-215
968,562,809,1722,-247
969,226,435,865,-209
970,220,440,856,-220
971,249,485,933,-236
972,268,511,959,-243
973,270,495,967,-225
974,227,424,837,-197
975,235,443,886,-208
976,241,452,887,-211
977,367,565,1191,-198
978,226,427,855,-201
979,291,528,1046,-237
980,240,451,886,-211
981,254,474,938,-220
982,238,472,907,-234
983,364,569,1194,-205
984,358,604,1239,-246
985,394,599,1268,-205
986,342,544,1150,-202
987,337,534,1126,-197
988,294,498,1018,-204
989,262,475,950,-213
990,229,436,849,-207
991,401,624,1300,-223
992,378,590,1218,-212
993,355,563,1166,-208
994,231,430,855,-199
995,292,490,1016,-198
996,238,453,892,-215
997,302,522,1060,-220
998,249,455,910,-206
999,327,544,1121,-217
1000,215,422,810,-207
1001,650,1165,2113,-515
1002,356,582,1178,-226
1003,245,454,906,-209
1004,219,426,841,-207
1005,465,683,1456,-218
1006,224,440,853,-216
1007,384,602,1272,-218
1008,408,621,1318,-213
1009,326,533,1105,-207
1010,379,594,1244,-215
1011,333,562,1164,-229
1012,267,477,973,-210
1013,413,618,1315,-205
1014,262,474,955,-212
1015,481,712,1543,-231
1016,495,705,1534,-210
1017,387,617,1274,-230
1018,378,612,1282,-234
1019,471,688,1485,-217
1020,259,486,960,-227
1021,419,671,1359,-252
1022,420,632,1353,-212
1023,231,440,863,-209
1024,226,436,855,-210
1025,237,445,886,-208
1026,365,604,1218,-239
1027,274,513,1015,-239
1028,248,462,908,-214
1029,265,489,967,-224
1030,251,460,918,-209
1031,219,430,847,-211
1032,217,462,878,-245
1033,380,618,1276,-238
1034,267,502,961,-235
1035,437,681,1409,-244
1036,426,687,1459,-261
1037,221,448,861,-227
1038,267,518,1004,-251
1039,291,538,1050,-247
1040,283,543,1054,-260
1041,246,477,939,-231
1042,355,604,1235,-249
1043,445,681,1438,-236
1044,464,734,1509,-270
1045,255,512,991,-257
1046,359,596,1217,-237
1047,401,637,1322,-236
1048,424,663,1369,-239
1049,396,626,1296,-230
1050,403,645,1322,-242
1051,350,589,1205,-239
1052,434,658,1397,-224
1053,474,699,1491,-225
1054,230,456,892,-226
1055,435,658,1397,-223
1056,542,811,1700,-269
1057,234,450,889,-216
1058,355,587,1181,-232
1059,291,525,1036,-234
1060,293,551,1066,-258
1061,415,653,1351,-238
1062,460,703,1471,-243
1063,424,659,1377,-235
1064,338,593,1202,-255
1065,245,471,928,-226
1066,223,449,879,-226
1067,583,789,1747,-206
1068,525,733,1599,-208
1069,593,801,1769,-208
1070,197,404,780,-207
1071,206,416,809,-210
1072,565,772,1708,-207
1073,585,792,1755,-207
1074,530,738,1613,-208
1075,190,399,770,-209
1076,193,400,778,-207
1077,197,408,790,-211
1078,188,396,762,-208
1079,196,404,780,-208
1080,191,399,768,-208
1081,196,406,786,-210
1082,188,396,772,-208
1083,199,408,786,-209
1084,196,404,790,-208
1085,592,800,1775,-208
1086,455,661,1430,-206
1087,202,411,801,-209
1088,183,390,748,-207
1089,193,399,772,-206
1090,190,398,772,-208
1091,200,409,791,-209
1092,541,748,1640,-207
1093,198,405,784,-207
1094,193,401,770,-208
1095,197,408,786,-211
1096,552,762,1676,-210
1097,201,410,792,-209
1098,529,738,1613,-209
1099,195,403,788,-208
1100,530,736,1613,-206
1101,597,1135,1935,-538
1102,180,433,780,-253
1103,428,640,1349,-212
1104,179,373,717,-194
1105,495,687,1499,-192
1106,514,706,1548,-192
1107,194,389,766,-195
1108,183,378,725,-195
1109,187,380,739,-193
1110,182,377,732,-195
1111,194,386,757,-192
1112,442,640,1377,-198
1113,190,381,739,-191
1114,193,388,757,-195
1115,192,388,752,-196
1116,512,705,1546,-193
1117,190,383,741,-193
1118,193,387,755,-194
1119,186,380,739,-194
1120,190,385,750,-195
1121,186,378,731,-192
1122,190,384,750,-194
1123,184,378,734,-194
1124,193,386,752,-193
1125,183,376,737,-193
1126,175,367,705,-192
1127,182,377,729,-195
1128,192,385,753,-193
1129,186,384,743,-198
1130,187,382,741,-195
1131,186,378,732,-192
1132,183,376,723,-193
1133,184,375,731,-191
1134,182,377,733,-195
1135,184,380,734,-196
1136,181,376,729,-195
1137,186,382,743,-196
1138,183,374,725,-191
1139,183,379,731,-196
1140,185,380,731,-195
1141,183,378,733,-195
1142,183,381,732,-198
1143,181,375,729,-194
1144,177,368,709,-191
1145,186,382,738,-196
1146,178,373,719,-195
1147,185,380,735,-195
1148,183,378,737,-195
1149,570,913,1867,-343
1150,186,381,736,-195
1151,450,647,1400,-197
1152,180,376,729,-196
1153,546,742,1639,-196
1154,184,378,738,-194
1155,182,377,734,-195
1156,197,390,768,-193
1157,523,716,1574,-193
1158,189,384,750,-195
1159,516,711,1558,-195
1160,197,393,766,-196
1161,508,705,1552,-197
1162,177,369,709,-192
1163,185,379,735,-194
1164,467,658,1432,-191
1165,198,393,770,-195
1166,466,660,1432,-194
1167,192,391,763,-199
1168,513,707,1554,-194
1169,197,389,764,-192
1170,183,374,725,-191
1171,194,392,767,-198
1172,519,714,1566,-195
1173,193,385,754,-192
1174,176,370,715,-194
1175,191,385,751,-194
1176,183,373,723,-190
1177,189,387,757,-198
1178,183,374,725,-191
1179,178,371,715,-193
1180,182,376,729,-194
1181,456,649,1411,-193
1182,182,374,721,-192
1183,476,669,1463,-193
1184,175,367,709,-192
1185,180,373,719,-193
1186,513,705,1554,-192
1187,195,387,760,-192
1188,512,707,1554,-195
1189,187,384,743,-197
1190,178,374,717,-196
1191,193,385,758,-192
1192,514,709,1556,-195
1193,197,389,757,-192
1194,523,717,1584,-194
1195,193,387,758,-194
1196,180,372,715,-192
1197,181,375,719,-194
1198,177,373,721,-196
1199,192,386,749,-194
1200,177,370,719,-193
1201,677,1178,2165,-501
1202,298,607,1105,-309
1203,308,605,1092,-297
1204,246,528,927,-282
1205,262,484,942,-222
1206,315,524,1058,-209
1207,216,411,813,-195
1208,220,472,876,-252
1209,238,437,862,-199
1210,388,613,1263,-225
1211,263,514,955,-251
1212,356,590,1225,-234
1213,450,703,1440,-253
1214,405,619,1294,-214
1215,438,671,1414,-233
1216,278,482,989,-204
1217,260,501,963,-241
1218,349,592,1192,-243
1219,425,673,1361,-248
1220,396,626,1300,-230
1221,229,447,869,-218
1222,221,444,825,-223
1223,224,450,878,-226
1224,220,437,830,-217
1225,230,449,872,-219
1226,256,468,918,-212
1227,295,501,1016,-206
1228,403,607,1292,-204
1229,243,507,921,-264
1230,385,623,1262,-238
1231,208,459,853,-251
1232,256,462,918,-206
1233,430,658,1369,-228
1234,253,474,937,-221
1235,332,560,1132,-228
1236,246,470,916,-224
1237,246,442,888,-196
1238,217,421,823,-204
1239,242,464,901,-222
1240,270,500,977,-230
1241,237,480,924,-243
1242,411,627,1333,-216
1243,290,518,1017,-228
1244,323,538,1101,-215
1245,581,776,1727,-195
1246,184,378,726,-194
1247,521,717,1576,-196
1248,501,695,1532,-194
1249,185,375,732,-190
1250,191,383,745,-192
1251,187,377,727,-190
1252,196,395,769,-199
1253,185,375,727,-190
1254,197,391,766,-194
1255,185,378,731,-193
1256,519,711,1564,-192
1257,189,385,753,-196
1258,328,524,1091,-196
1259,180,375,719,-195
1260,513,709,1554,-196
1261,179,376,725,-197
1262,194,388,755,-194
1263,181,373,717,-192
1264,189,381,748,-192
1265,496,694,1516,-198
1266,213,485,953,-272
1267,512,708,1554,-196
1268,539,733,1625,-194
1269,192,385,748,-193
1270,533,727,1605,-194
1271,340,534,1123,-194
1272,179,374,719,-195
1273,185,381,738,-196
1274,550,742,1650,-192
1275,188,379,745,-191
1276,177,373,715,-196
1277,222,474,979,-252
1278,538,733,1623,-195
1279,544,736,1627,-192
1280,547,738,1641,-191
1281,477,674,1472,-197
1282,338,530,1109,-192
1283,420,615,1324,-195
1284,178,374,721,-196
1285,188,384,742,-196
1286,180,373,715,-193
1287,192,384,752,-192
1288,525,721,1588,-196
1289,529,723,1588,-194
1290,184,379,733,-195
1291,545,740,1635,-195
1292,360,553,1172,-193
1293,496,690,1509,-194
1294,251,443,902,-192
1295,176,369,707,-193
1296,183,376,721,-193
1297,184,377,733,-193
1298,179,375,723,-196
1299,179,377,729,-198
1300,550,743,1646,-193
1301,549,1013,1870,-464
1302,420,706,1424,-286
1303,530,750,1634,-220
1304,456,730,1580,-274
1305,528,757,1605,-229
1306,321,528,1095,-207
1307,212,434,817,-222
1308,218,447,841,-229
1309,228,451,853,-223
1310,438,655,1385,-217
1311,512,734,1584,-222
1312,618,831,1843,-213
1313,263,475,935,-212
1314,398,625,1302,-227
1315,246,471,906,-225
1316,213,428,818,-215
1317,407,640,1342,-233
1318,356,586,1196,-230
1319,279,508,997,-229
1320,299,527,1044,-228
1321,514,766,1621,-252
1322,236,449,882,-213
1323,198,409,786,-211
1324,411,666,1404,-255
1325,427,646,1361,-219
1326,389,610,1281,-221
1327,252,486,932,-234
1328,238,464,898,-226
1329,520,721,1584,-201
1330,590,786,1741,-196
1331,187,378,741,-191
1332,602,959,1922,-357
1333,245,450,892,-205
1334,385,613,1280,-228
1335,300,528,1054,-228
1336,495,715,1550,-220
1337,444,650,1401,-206
1338,573,786,1718,-213
1339,207,418,806,-211
1340,338,544,1129,-206
1341,390,628,1297,-238
1342,231,451,874,-220
1343,230,442,878,-212
1344,226,441,857,-215
1345,454,722,1560,-268
1346,358,597,1205,-239
1347,281,496,998,-215
1348,476,684,1479,-208
1349,412,635,1342,-223
1350,474,685,1477,-211
1351,571,774,1700,-203
1352,457,664,1430,-207
1353,359,576,1206,-217
1354,323,525,1087,-202
1355,333,534,1109,-201
1356,373,573,1198,-200
1357,240,466,904,-226
1358,219,426,815,-207
1359,521,723,1588,-202
1360,350,563,1162,-213
1361,343,551,1141,-208
1362,569,811,1755,-242
1363,242,478,930,-236
1364,337,576,1170,-239
1365,322,557,1113,-235
1366,502,735,1562,-233
1367,235,466,892,-231
1368,465,713,1495,-248
1369,284,526,1013,-242
1370,400,632,1306,-232
1371,240,476,906,-236
1372,259,498,953,-239
1373,270,508,987,-238
1374,258,497,965,-239
1375,409,658,1361,-249
1376,271,506,986,-235
1377,273,514,1005,-241
1378,272,510,992,-238
1379,272,504,987,-232
1380,270,501,985,-231
1381,248,489,937,-241
1382,268,498,983,-230
1383,270,504,989,-234
1384,267,509,992,-242
1385,271,507,991,-236
1386,284,515,1014,-231
1387,277,529,1034,-252
1388,261,496,973,-235
1389,282,524,1021,-242
1390,240,478,923,-238
1391,277,511,1007,-234
1392,269,509,994,-240
1393,252,509,962,-257
1394,232,473,910,-241
1395,227,461,887,-234
1396,226,464,880,-238
1397,225,461,866,-236
1398,240,474,910,-234
1399,285,513,1028,-228
1400,254,495,936,-241
1401,612,1081,1989,-469
1402,264,587,1037,-323
1403,393,681,1357,-288
1404,363,648,1235,-285
1405,375,599,1244,-224
1406,262,488,957,-226
1407,250,492,930,-242
1408,356,564,1174,-208
1409,448,665,1410,-217
1410,533,758,1655,-225
1411,436,651,1389,-215
1412,249,470,938,-221
1413,334,546,1118,-212
1414,392,623,1324,-231
1415,299,524,1050,-225
1416,358,564,1184,-206
1417,540,762,1659,-222
1418,502,728,1556,-226
1419,259,485,949,-226
1420,284,503,1012,-219
1421,235,438,859,-203
1422,385,593,1241,-208
1423,344,565,1170,-221
1424,273,513,998,-240
1425,385,613,1273,-228
1426,356,588,1191,-232
1427,283,514,1022,-231
1428,217,415,814,-198
1429,582,774,1724,-192
1430,181,377,729,-196
1431,556,754,1663,-198
1432,473,669,1463,-196
1433,188,381,748,-193
1434,178,372,711,-194
1435,543,739,1637,-196
1436,502,695,1525,-193
1437,442,635,1371,-193
1438,196,391,768,-195
1439,184,377,731,-193
1440,180,374,725,-194
1441,188,382,739,-194
1442,184,375,727,-191
1443,194,387,755,-193
1444,181,374,723,-193
1445,191,385,745,-194
1446,197,390,765,-193
1447,183,375,723,-192
1448,181,375,729,-194
1449,190,384,750,-194
1450,179,373,715,-194
1451,187,381,744,-194
1452,190,385,746,-195
1453,185,381,735,-196
1454,193,385,748,-192
1455,182,379,735,-197
1456,178,374,725,-196
1457,186,380,739,-194
1458,181,376,726,-195
1459,183,378,733,-195
1460,177,369,715,-192
1461,187,381,734,-194
1462,179,372,723,-193
1463,181,374,729,-193
1464,177,374,721,-197
1465,185,379,742,-194
1466,179,373,723,-194
1467,183,377,732,-194
1468,174,367,709,-193
1469,186,378,744,-192
1470,182,374,725,-192
1471,185,380,732,-195
1472,180,372,717,-192
1473,186,380,735,-194
1474,175,365,702,-190
1475,186,378,731,-192
1476,183,375,734,-192
1477,182,378,735,-196
1478,178,374,719,-196
1479,183,377,729,-194
1480,174,367,702,-193
1481,191,382,745,-191
1482,180,376,726,-196
1483,181,373,715,-192
1484,183,375,724,-192
1485,184,378,733,-194
1486,184,376,721,-192
1487,188,380,737,-192
1488,182,378,733,-196
1489,186,379,736,-193
1490,180,372,719,-192
1491,185,381,740,-196
1492,174,369,713,-195
1493,185,379,736,-194
1494,185,377,733,-192
1495,181,379,732,-198
1496,172,367,703,-195
1497,190,385,746,-195
1498,175,367,705,-192
1499,185,382,740,-197
1500,178,374,725,-196
1501,412,928,1560,-516
1502,250,576,989,-326
1503,251,571,988,-320
1504,525,793,1601,-268
1505,317,575,1144,-258
1506,403,703,1320,-300
1507,264,570,990,-306
1508,406,676,1334,-270
1509,420,648,1361,-228
1510,437,689,1432,-252
1511,479,735,1571,-256
1512,288,522,1024,-234
1513,373,623,1278,-250
1514,305,557,1088,-252
1515,555,1062,1903,-507
1516,257,538,1072,-281
1517,319,578,1158,-259
1518,460,696,1466,-236
1519,278,521,1070,-243
1520,240,464,910,-224
1521,435,672,1388,-237
1522,240,498,961,-258
1523,280,520,1044,-240
1524,373,626,1264,-253
1525,260,505,1001,-245
1526,420,664,1412,-244
1527,457,702,1455,-245
1528,271,508,1004,-237
1529,278,508,1005,-230
1530,216,443,837,-227
1531,275,492,983,-217
1532,308,564,1101,-256
1533,265,511,1022,-246
1534,262,518,999,-256
1535,252,522,1013,-270
1536,257,481,953,-224
1537,258,508,995,-250
1538,265,479,957,-214
1539,263,524,1003,-261
1540,262,508,965,-246
1541,310,547,1090,-237
1542,258,497,967,-239
1543,273,521,997,-248
1544,212,481,896,-269
1545,208,431,831,-223
1546,260,494,959,-234
1547,256,483,963,-227
1548,255,529,985,-274
1549,278,496,996,-218
1550,281,528,1066,-247
1551,259,508,986,-249
1552,310,543,1105,-233
1553,262,518,1015,-256
1554,267,483,984,-216
1555,265,505,979,-240
1556,261,514,979,-253
1557,273,512,975,-239
1558,273,524,1048,-251
1559,257,483,957,-226
1560,255,494,961,-239
1561,230,455,873,-225
1562,216,434,834,-218
1563,258,478,959,-220
1564,267,498,981,-231
1565,254,494,956,-240
1566,269,498,969,-229
1567,270,524,1023,-254
1568,272,519,1025,-247
1569,252,494,949,-242
1570,261,499,1012,-238
1571,250,487,972,-237
1572,270,513,1000,-243
1573,309,576,1097,-267
1574,267,530,1005,-263
1575,286,516,1030,-230
1576,223,444,847,-221
1577,281,491,996,-210
1578,255,506,971,-251
1579,273,509,1022,-236
1580,275,509,1004,-234
1581,268,519,1000,-251
1582,240,493,946,-253
1583,266,527,1026,-261
1584,274,545,1068,-271
1585,228,450,892,-222
1586,261,503,967,-242
1587,246,497,981,-251
1588,258,487,961,-229
1589,270,503,975,-233
1590,281,526,1036,-245
1591,266,520,981,-254
1592,269,503,997,-234
1593,278,518,1015,-240
1594,254,510,971,-256
1595,228,480,925,-252
1596,259,515,997,-256
1597,264,489,965,-225
1598,267,511,1004,-244
1599,252,460,922,-208
1600,272,500,992,-228
1601,807,1341,2480,-534
1602,315,674,1185,-359
1603,482,768,1505,-286
1604,397,680,1298,-283
1605,319,581,1081,-262
1606,219,474,843,-255
1607,237,476,924,-239
1608,230,439,859,-209
1609,221,434,831,-213
1610,187,396,742,-209
1611,411,649,1409,-238
1612,309,511,1050,-202
1613,273,498,989,-225
1614,315,511,1054,-196
1615,238,446,877,-208
1616,210,439,821,-229
1617,218,420,825,-202
1618,245,464,906,-219
1619,345,617,1310,-272
1620,436,689,1389,-253
1621,228,437,867,-209
1622,290,499,1012,-209
1623,382,582,1231,-200
1624,245,470,928,-225
1625,316,529,1099,-213
1626,282,515,1023,-233
1627,383,589,1243,-206
1628,364,566,1184,-202
1629,444,657,1392,-213
1630,250,448,904,-198
1631,512,757,1656,-245
1632,364,592,1220,-228
1633,422,647,1337,-225
1634,232,451,894,-219
1635,267,502,993,-235
1636,223,438,831,-215
1637,538,766,1651,-228
1638,443,683,1399,-240
1639,321,543,1109,-222
1640,241,459,906,-218
1641,262,474,944,-212
1642,432,657,1357,-225
1643,378,600,1251,-222
1644,386,621,1259,-235
1645,423,639,1355,-216
1646,269,499,987,-230
1647,249,498,924,-249
1648,400,640,1332,-240
1649,257,457,920,-200
1650,500,705,1526,-205
1651,206,429,831,-223
1652,239,448,883,-209
1653,225,474,930,-249
1654,359,596,1190,-237
1655,345,636,1278,-291
1656,522,724,1594,-202
1657,442,677,1437,-235
1658,387,602,1253,-215
1659,227,461,888,-234
1660,241,465,914,-224
1661,227,468,902,-241
1662,383,586,1222,-203
1663,237,455,890,-218
1664,227,453,889,-226
1665,238,443,875,-205
1666,437,671,1438,-234
1667,408,654,1356,-246
1668,423,648,1355,-225
1669,439,685,1424,-246
1670,421,660,1373,-239
1671,251,489,937,-238
1672,249,482,949,-233
1673,263,512,994,-249
1674,266,485,971,-219
1675,238,454,875,-216
1676,238,458,893,-220
1677,234,490,971,-256
1678,215,441,859,-226
1679,288,520,1057,-232
1680,276,532,1012,-256
1681,205,427,810,-222
1682,291,502,1024,-211
1683,235,446,865,-211
1684,287,524,1020,-237
1685,235,457,907,-222
1686,262,488,952,-226
1687,203,402,784,-199
1688,241,472,914,-231
1689,248,486,934,-238
1690,230,450,881,-220
1691,240,471,920,-231
1692,238,458,898,-220
1693,246,471,926,-225
1694,286,513,1020,-227
1695,230,472,880,-242
1696,233,460,882,-227
1697,607,1131,2100,-524
1698,340,593,1162,-253
1699,303,562,1073,-259
1700,272,532,1027,-260
1701,429,739,1437,-310
1702,162,326,636,-164
1703,155,314,605,-159
1704,423,585,1284,-162
1705,302,465,981,-163
1706,422,584,1284,-162
1707,423,584,1288,-161
1708,153,312,605,-159
1709,154,316,617,-162
1710,318,479,1026,-161
1711,152,315,608,-163
1712,156,318,612,-162
1713,150,310,599,-160
1714,164,326,638,-162
1715,339,503,1085,-164
1716,155,318,617,-163
1717,149,313,602,-164
1718,380,541,1178,-161
1719,159,319,629,-160
1720,155,319,615,-164
1721,157,321,624,-164
1722,151,312,603,-161
1723,164,325,642,-161
1724,155,315,611,-160
1725,160,322,630,-162
1726,157,317,616,-160
1727,161,325,629,-164
1728,154,316,615,-162
1729,159,321,625,-162
1730,153,315,612,-162
1731,679,1497,2659,-818
1732,131,286,545,-155
1733,140,293,564,-153
1734,142,297,572,-155
1735,141,293,566,-152
1736,153,305,592,-152
1737,141,297,568,-156
1738,147,298,585,-151
1739,140,292,564,-152
1740,141,296,569,-155
1741,149,302,587,-153
1742,142,293,569,-151
1743,138,294,563,-156
1744,131,285,544,-154
1745,144,294,577,-150
1746,133,285,549,-152
1747,143,295,570,-152
1748,154,307,598,-153
1749,142,295,570,-153
1750,151,304,589,-153
1751,140,294,566,-154
1752,154,306,598,-152
1753,143,299,575,-156
1754,150,302,587,-152
1755,145,299,581,-154
1756,144,295,575,-151
1757,148,301,589,-153
1758,141,293,561,-152
1759,153,307,597,-154
1760,142,294,567,-152
1761,149,301,591,-152
1762,138,292,563,-154
1763,141,292,569,-151
1764,139,291,567,-152
1765,148,304,585,-156
1766,147,300,585,-153
1767,147,303,589,-156
1768,142,297,573,-155
1769,149,303,589,-154
1770,139,294,559,-155
1771,153,307,599,-154
1772,141,293,567,-152
1773,152,307,599,-155
1774,141,296,568,-155
1775,152,305,596,-153
1776,141,295,568,-154
1777,151,305,595,-154
1778,142,297,573,-155
1779,152,307,599,-155
1780,138,289,559,-151
1781,139,291,560,-152
1782,147,302,585,-155
1783,141,293,572,-152
1784,154,307,594,-153
1785,143,294,572,-151
1786,146,300,585,-154
1787,136,290,556,-154
1788,147,303,587,-156
1789,138,294,566,-156
1790,152,304,589,-152
1791,144,296,568,-152
1792,148,301,583,-153
1793,142,294,572,-152
1794,149,305,589,-156
1795,142,293,570,-151
1796,151,300,593,-149
1797,142,292,571,-150
1798,148,299,583,-151
1799,137,290,559,-153
1800,140,292,563,-152
1801,411,766,1334,-355
1802,385,552,1195,-167
1803,119,253,483,-134
1804,122,253,485,-131
1805,122,252,494,-130
1806,119,252,486,-133
1807,123,254,493,-131
1808,296,483,1062,-187
1809,124,257,493,-133
1810,373,506,1121,-133
1811,325,457,1001,-132
1812,123,254,496,-131
1813,122,256,491,-134
1814,330,461,1007,-131
1815,121,254,490,-133
1816,297,429,931,-132
1817,122,253,482,-131
1818,126,258,497,-132
1819,120,253,488,-133
1820,123,255,496,-132
1821,338,471,1026,-133
1822,127,258,502,-131
1823,119,250,479,-131
1824,125,258,498,-133
1825,301,435,942,-134
1826,127,259,506,-132
1827,121,255,488,-134
1828,122,254,495,-132
1829,125,256,498,-131
1830,126,258,505,-132
1831,121,252,488,-131
1832,124,256,493,-132
1833,119,253,490,-134
1834,120,255,494,-135
1835,304,435,942,-131
1836,115,249,479,-134
1837,122,253,492,-131
1838,285,417,896,-132
1839,124,257,494,-133
1840,312,443,963,-131
1841,120,254,484,-134
1842,299,431,937,-132
1843,118,252,484,-134
1844,128,260,503,-132
1845,121,253,482,-132
1846,120,255,492,-135
1847,119,251,487,-132
1848,121,253,483,-132
1849,119,250,487,-131
1850,128,257,502,-129
1851,120,254,487,-134
1852,121,254,491,-133
1853,123,257,494,-134
1854,119,253,486,-134
1855,124,258,497,-134
1856,118,249,483,-131
1857,123,255,490,-132
1858,309,443,957,-134
1859,123,254,493,-131
1860,306,436,947,-130
1861,124,255,496,-131
1862,322,453,988,-131
1863,122,255,496,-133
1864,342,474,1040,-132
1865,119,250,479,-131
1866,125,260,502,-135
1867,122,256,492,-134
1868,309,439,953,-130
1869,122,254,491,-132
1870,115,249,477,-134
1871,122,254,489,-132
1872,126,260,506,-134
1873,347,481,1058,-134
1874,122,255,490,-133
1875,120,249,484,-129
1876,127,259,499,-132
1877,346,481,1050,-135
1878,123,256,493,-133
1879,124,256,496,-132
1880,340,475,1040,-135
1881,121,254,489,-133
1882,378,573,1176,-195
1883,118,238,465,-120
1884,296,420,914,-124
1885,114,236,459,-122
1886,336,459,1012,-123
1887,112,235,455,-123
1888,116,238,464,-122
1889,158,279,565,-121
1890,320,441,967,-121
1891,116,237,459,-121
1892,109,230,445,-121
1893,117,238,459,-121
1894,110,232,447,-122
1895,117,238,459,-121
1896,276,398,861,-122
1897,115,237,455,-122
1898,112,233,451,-121
1899,118,240,467,-122
1900,314,435,958,-121
1901,262,533,887,-271
1902,234,348,756,-114
1903,95,195,376,-100
1904,262,363,796,-101
1905,273,375,825,-102
1906,89,192,368,-103
1907,240,340,741,-100
1908,93,192,373,-99
1909,92,194,376,-102
1910,263,364,803,-101
1911,100,201,394,-101
1912,91,190,370,-99
1913,228,330,711,-102
1914,93,192,372,-99
1915,95,196,378,-101
1916,263,364,795,-101
1917,95,196,378,-101
1918,263,365,802,-102
1919,94,194,374,-100
1920,92,192,366,-100
1921,92,192,372,-100
1922,93,191,372,-98
1923,263,363,802,-100
1924,89,191,364,-102
1925,227,327,705,-100
1926,91,193,370,-102
1927,92,191,371,-99
1928,263,364,800,-101
1929,94,194,376,-100
1930,263,364,797,-101
1931,89,189,362,-100
1932,93,191,372,-98
1933,97,195,376,-98
1934,90,191,366,-101
1935,263,363,796,-100
1936,91,193,369,-102
1937,262,363,798,-101
1938,90,191,367,-101
1939,263,362,798,-99
1940,91,191,370,-100
1941,94,195,380,-101
1942,89,189,362,-100
1943,90,193,368,-103
1944,91,193,372,-102
1945,262,363,798,-101
1946,91,193,367,-102
1947,95,196,377,-101
1948,262,363,800,-101
1949,93,192,372,-99
1950,263,363,798,-100
1951,96,196,380,-100
1952,262,364,799,-102
1953,93,192,372,-99
1954,89,191,366,-102
1955,92,194,374,-102
1956,91,192,366,-101
1957,89,190,363,-101
1958,91,191,365,-100
1959,94,193,374,-99
1960,91,192,367,-101
1961,263,363,797,-100
1962,91,193,374,-102
1963,93,193,374,-100
1964,91,190,368,-99
1965,94,193,376,-99
1966,92,191,364,-99
1967,94,195,378,-101
1968,92,191,372,-99
1969,263,364,798,-101
1970,92,193,370,-101
1971,94,194,376,-100
1972,92,193,372,-101
1973,92,193,372,-101
1974,91,190,369,-99
1975,96,197,382,-101
1976,263,364,798,-101
1977,94,194,370,-100
1978,264,364,798,-100
1979,94,195,373,-101
1980,92,191,373,-99
1981,93,195,380,-102
1982,91,192,370,-101
1983,93,195,378,-102
1984,92,192,369,-100
1985,228,329,712,-101
1986,92,192,372,-100
1987,96,197,374,-101
1988,263,366,800,-103
1989,93,193,376,-100
1990,92,195,372,-103
1991,95,196,373,-101
1992,262,363,800,-101
1993,93,195,378,-102
1994,261,362,791,-101
1995,92,193,370,-101
1996,265,365,800,-100
1997,97,196,380,-99
1998,92,191,370,-99
1999,91,191,368,-100
2000,262,364,796,-102
2001,305,477,963,-172
2002,103,211,408,-108
2003,101,208,404,-107
2004,283,391,855,-108
2005,107,216,421,-109
2006,281,389,855,-108
2007,109,217,421,-108
2008,289,398,872,-109
2009,278,386,845,-108
2010,96,204,394,-108
2011,108,215,420,-107
2012,98,205,398,-107
2013,125,254,516,-129
2014,317,444,993,-127
2015,222,417,837,-195
2016,576,784,1725,-208
2017,582,790,1745,-208
2018,194,402,780,-208
2019,205,415,817,-210
2020,576,783,1731,-207
2021,540,749,1643,-209
2022,191,400,770,-209
2023,193,400,768,-207
2024,195,402,773,-207
2025,207,415,809,-208
2026,588,794,1761,-206
2027,559,770,1694,-211
2028,191,398,768,-207
2029,209,413,810,-204
2030,586,793,1759,-207
2031,545,753,1653,-208
2032,202,409,796,-207
2033,200,408,794,-208
2034,205,415,813,-210
2035,197,405,783,-208
2036,195,405,788,-210
2037,192,402,780,-210
2038,201,409,792,-208
2039,186,395,762,-209
2040,193,403,780,-210
2041,197,404,780,-207
2042,190,396,766,-206
2043,197,405,784,-208
2044,205,412,794,-207
2045,197,407,791,-210
2046,203,409,796,-206
2047,196,405,780,-209
2048,195,404,778,-209
2049,195,402,780,-207
2050,209,414,816,-205
2051,194,399,776,-205
2052,198,403,780,-205
2053,195,404,773,-209
2054,192,401,768,-209
2055,195,403,776,-208
2056,197,403,780,-206
2057,190,398,770,-208
2058,193,399,772,-206
2059,195,403,780,-208
2060,191,398,763,-207
2061,196,401,778,-205
2062,188,393,760,-205
2063,192,399,772,-207
2064,193,398,772,-205
2065,188,395,766,-207
2066,192,400,768,-208
2067,190,401,772,-211
2068,192,402,776,-210
2069,196,402,780,-206
2070,191,401,772,-210
2071,198,408,794,-210
2072,287,491,963,-204
2073,141,284,540,-143
2074,146,268,533,-122
2075,144,262,516,-118
2076,145,271,532,-126
2077,145,278,538,-133
2078,132,259,492,-127
2079,279,404,874,-125
2080,303,420,923,-117
2081,295,461,1005,-166
2082,227,347,738,-120
2083,126,254,494,-128
2084,188,327,640,-139
2085,344,484,1043,-140
2086,244,376,786,-132
2087,264,390,831,-126
2088,135,265,511,-130
2089,190,310,638,-120
2090,145,273,530,-128
2091,202,335,684,-133
2092,204,341,697,-137
2093,326,446,977,-120
2094,134,254,498,-120
2095,144,262,522,-118
2096,178,300,608,-122
2097,125,245,483,-120
2098,213,335,687,-122
2099,180,297,611,-117
2100,140,259,516,-119
2101,309,566,1040,-257
2102,110,245,439,-135
2103,231,360,734,-129
2104,116,233,453,-117
2105,108,225,431,-117
2106,116,233,455,-117
2107,287,468,943,-181
2108,211,326,685,-115
2109,106,221,429,-115
2110,115,228,449,-113
2111,106,223,427,-117
2112,111,229,437,-118
2113,217,332,701,-115
2114,241,357,766,-116
2115,108,225,429,-117
2116,112,227,443,-115
2117,105,220,420,-115
2118,214,330,699,-116
2119,324,441,975,-117
2120,107,223,430,-116
2121,245,361,772,-116
2122,117,232,455,-115
2123,329,445,985,-116
2124,251,368,792,-117
2125,110,227,438,-117
2126,268,382,827,-114
2127,108,226,440,-118
2128,306,423,925,-117
2129,264,377,815,-113
2130,108,225,438,-117
2131,117,234,457,-117
2132,105,221,425,-116
2133,120,237,470,-117
2134,309,424,931,-115
2135,109,224,433,-115
2136,109,224,434,-115
2137,115,231,455,-116
2138,106,223,430,-117
2139,108,225,431,-117
2140,297,415,907,-118
2141,117,232,457,-115
2142,108,225,435,-117
2143,115,232,445,-117
2144,108,225,433,-117
2145,115,231,447,-116
2146,107,223,429,-116
2147,263,380,827,-117
2148,109,227,441,-118
2149,252,368,796,-116
2150,107,221,429,-114
2151,105,222,427,-117
2152,109,227,440,-118
2153,112,226,441,-114
2154,251,368,792,-117
2155,109,226,441,-117
2156,310,424,938,-114
2157,105,221,425,-116
2158,107,221,429,-114
2159,108,224,437,-116
2160,108,224,432,-116
2161,113,228,443,-115
2162,109,223,432,-114
2163,309,426,936,-117
2164,117,233,457,-116
2165,105,222,432,-117
2166,106,224,430,-118
2167,113,231,449,-118
2168,279,396,859,-117
2169,119,235,459,-116
2170,106,224,431,-118
2171,261,376,815,-115
2172,107,222,429,-115
2173,117,232,453,-115
2174,294,410,897,-116
2175,119,233,457,-114
2176,271,388,843,-117
2177,112,229,445,-117
2178,107,223,427,-116
2179,106,224,433,-118
2180,114,231,449,-117
2181,272,388,845,-116
2182,114,229,449,-115
2183,110,228,442,-118
2184,255,373,800,-118
2185,108,226,434,-118
2186,111,227,442,-116
2187,262,380,821,-118
2188,109,224,437,-115
2189,112,226,439,-114
2190,309,426,937,-117
2191,119,236,461,-117
2192,110,227,441,-117
2193,256,372,808,-116
2194,112,228,443,-116
2195,281,398,866,-117
2196,116,230,451,-114
2197,104,222,429,-118
2198,113,228,437,-115
2199,312,431,946,-119
2200,111,227,443,-116
2201,292,515,950,-223
2202,230,362,746,-132
2203,225,367,737,-142
2204,291,450,917,-159
2205,201,344,693,-143
2206,235,390,782,-155
2207,249,390,817,-141
2208,161,298,591,-137
2209,141,277,534,-136
2210,156,305,589,-149
2211,135,267,530,-132
2212,299,434,936,-135
2213,324,452,987,-128
2214,287,430,902,-143
2215,204,344,711,-140
2216,319,469,1018,-150
2217,272,404,857,-132
2218,138,270,528,-132
2219,164,309,613,-145
2220,242,389,799,-147
2221,193,345,686,-152
2222,252,394,823,-142
2223,228,626,1392,-398
2224,136,274,522,-138
2225,157,299,595,-142
2226,155,302,575,-147
2227,219,357,730,-138
2228,170,320,630,-150
2229,186,326,647,-140
2230,224,360,737,-136
2231,197,343,699,-146
2232,385,505,1130,-120
2233,114,236,455,-122
2234,300,420,922,-120
2235,112,234,451,-122
2236,117,235,457,-118
2237,300,420,916,-120
2238,321,442,971,-121
2239,299,420,916,-121
2240,113,234,455,-121
2241,316,441,967,-125
2242,113,234,455,-121
2243,115,235,461,-120
2244,113,235,453,-122
2245,112,234,451,-122
2246,112,233,451,-121
2247,115,238,461,-123
2248,273,396,853,-123
2249,111,230,443,-119
2250,299,422,918,-123
2251,108,230,439,-122
2252,112,231,447,-119
2253,293,415,904,-122
2254,112,234,451,-122
2255,293,415,904,-122
2256,113,234,453,-121
2257,276,398,859,-122
2258,321,556,1050,-235
2259,333,466,1003,-133
2260,249,392,811,-143
2261,145,279,542,-134
2262,257,397,833,-140
2263,187,328,652,-141
2264,261,394,833,-133
2265,201,330,671,-129
2266,232,362,752,-130
2267,275,411,864,-136
2268,237,377,780,-140
2269,248,408,835,-160
2270,249,401,818,-152
2271,184,312,636,-128
2272,198,352,725,-154
2273,326,466,1002,-140
2274,182,326,642,-144
2275,208,353,711,-145
2276,234,384,768,-150
2277,322,446,983,-124
2278,260,405,839,-145
2279,273,408,863,-135
2280,228,353,742,-125
2281,289,450,975,-161
2282,190,318,648,-128
2283,221,362,756,-141
2284,238,418,865,-180
2285,201,339,688,-138
2286,192,333,673,-141
2287,136,273,520,-137
2288,340,485,1044,-145
2289,286,434,910,-148
2290,279,428,896,-149
2291,179,326,642,-147
2292,176,322,636,-146
2293,311,455,975,-144
2294,301,452,955,-151
2295,169,319,626,-150
2296,169,318,615,-149
2297,177,328,638,-151
2298,144,289,556,-145
2299,151,301,573,-150
2300,149,300,575,-151
2301,301,548,1034,-247
2302,125,248,486,-123
2303,117,242,469,-125
2304,339,466,1024,-127
2305,116,242,469,-126
2306,113,240,461,-127
2307,331,456,1003,-125
2308,119,246,476,-127
2309,332,460,1008,-128
2310,117,244,475,-127
2311,288,414,898,-126
2312,123,250,485,-127
2313,117,245,474,-128
2314,331,458,1009,-127
2315,118,245,477,-127
2316,120,245,473,-125
2317,113,241,468,-128
2318,336,462,1020,-126
2319,118,248,477,-130
2320,126,250,490,-124
2321,121,246,477,-125
2322,330,459,1010,-129
2323,114,242,459,-128
2324,314,440,961,-126
2325,116,240,467,-124
2326,120,247,481,-127
2327,289,415,894,-126
2328,121,246,478,-125
2329,117,244,473,-127
2330,332,460,1012,-128
2331,120,246,477,-126
2332,329,454,996,-125
2333,119,245,475,-126
2334,122,250,482,-128
2335,117,245,471,-128
2336,119,248,482,-129
2337,288,416,898,-128
2338,119,249,477,-130
2339,114,240,463,-126
2340,119,248,478,-129
2341,289,417,902,-128
2342,120,246,477,-126
2343,331,458,1006,-127
2344,118,244,479,-126
2345,121,247,481,-126
2346,121,248,478,-127
2347,122,247,475,-125
2348,120,245,473,-125
2349,120,246,475,-126
2350,331,456,1005,-125
2351,119,246,474,-127
2352,120,246,477,-126
2353,118,244,475,-126
2354,119,247,476,-128
2355,119,246,477,-127
2356,221,347,727,-126
2357,118,246,470,-128
2358,118,245,471,-127
2359,117,244,471,-127
2360,330,459,1005,-129
2361,119,245,474,-126
2362,121,245,478,-124
2363,117,243,469,-126
2364,119,246,475,-127
2365,119,242,469,-123
2366,119,245,475,-126
2367,288,414,894,-126
2368,120,245,474,-125
2369,114,242,463,-128
2370,123,247,481,-124
2371,120,248,476,-128
2372,121,247,478,-126
2373,335,463,1016,-128
2374,122,247,479,-125
2375,117,243,469,-126
2376,120,248,477,-128
2377,331,459,1009,-128
2378,120,246,478,-126
2379,113,242,465,-129
2380,124,250,483,-126
2381,118,243,467,-125
2382,120,246,480,-126
2383,115,240,465,-125
2384,331,458,1006,-127
2385,121,247,481,-126
2386,332,460,1011,-128
2387,119,246,474,-127
2388,121,250,485,-129
2389,332,460,1012,-128
2390,119,247,479,-128
2391,290,419,902,-129
2392,122,250,488,-128
2393,122,249,483,-127
2394,312,439,961,-127
2395,116,244,467,-128
2396,119,246,475,-127
2397,117,243,469,-126
2398,121,248,482,-127
2399,117,244,469,-127
2400,121,246,480,-125
2401,359,588,1186,-229
2402,126,257,500,-131
2403,345,479,1055,-134
2404,127,256,501,-129
2405,123,256,493,-133
2406,120,252,481,-132
2407,300,434,935,-134
2408,124,257,502,-133
2409,131,264,514,-133
2410,346,479,1050,-133
2411,124,257,495,-133
2412,129,261,508,-132
2413,125,259,495,-134
2414,122,253,489,-131
2415,121,254,492,-133
2416,124,257,498,-133
2417,125,257,498,-132
2418,125,256,493,-131
2419,126,256,496,-130
2420,122,255,490,-133
2421,126,257,500,-131
2422,123,255,493,-132
2423,123,258,500,-135
2424,125,257,490,-132
2425,124,258,499,-134
2426,120,255,492,-135
2427,124,255,494,-131
2428,116,248,475,-132
2429,128,259,504,-131
2430,123,256,491,-133
2431,127,259,498,-132
2432,118,250,476,-132
2433,123,255,492,-132
2434,124,255,500,-131
2435,125,259,505,-134
2436,121,256,494,-135
2437,123,256,492,-133
2438,116,249,482,-133
2439,125,256,500,-131
2440,123,255,490,-132
2441,123,257,495,-134
2442,121,254,487,-133
2443,334,647,1148,-313
2444,260,410,853,-150
2445,171,311,613,-140
2446,156,301,597,-145
2447,181,327,656,-146
2448,163,320,612,-157
2449,156,302,599,-146
2450,167,302,612,-135
2451,157,301,593,-144
2452,221,357,740,-136
2453,260,411,831,-151
2454,190,360,685,-170
2455,175,324,622,-149
2456,149,299,581,-150
2457,312,463,981,-151
2458,229,384,786,-155
2459,330,486,1030,-156
2460,295,437,928,-142
2461,171,340,644,-169
2462,207,375,740,-168
2463,152,298,572,-146
2464,265,413,855,-148
2465,154,299,583,-145
2466,269,414,869,-145
2467,254,394,832,-140
2468,167,317,633,-150
2469,242,398,834,-156
2470,250,394,819,-144
2471,216,376,739,-160
2472,147,300,575,-153
2473,160,303,583,-143
2474,226,380,773,-154
2475,235,385,782,-150
2476,156,317,603,-161
2477,286,445,926,-159
2478,294,454,945,-160
2479,183,350,678,-167
2480,204,374,739,-170
2481,179,344,664,-165
2482,186,349,681,-163
2483,245,408,831,-163
2484,182,353,697,-171
2485,188,349,687,-161
2486,181,343,672,-162
2487,171,332,644,-161
2488,197,356,709,-159
2489,196,354,701,-158
2490,184,341,661,-157
2491,193,355,701,-162
2492,174,345,669,-171
2493,171,338,646,-167
2494,185,355,689,-170
2495,177,341,658,-164
2496,182,348,676,-166
2497,178,341,652,-163
2498,176,335,658,-159
2499,167,330,636,-163
2500,173,338,650,-165
2501,298,523,1000,-225
2502,237,361,766,-124
2503,130,257,503,-127
2504,278,407,865,-129
2505,231,353,758,-122
2506,284,431,894,-147
2507,334,498,1067,-164
2508,256,406,829,-150
2509,250,396,823,-146
2510,177,312,631,-135
2511,145,285,548,-140
2512,271,401,849,-130
2513,133,277,522,-144
2514,175,308,615,-133
2515,128,262,499,-134
2516,116,238,463,-122
2517,150,285,560,-135
2518,361,478,1062,-117
2519,105,222,427,-117
2520,260,380,816,-120
2521,317,434,955,-117
2522,106,222,430,-116
2523,326,442,979,-116
2524,108,224,433,-116
2525,111,230,444,-119
2526,107,223,431,-116
2527,270,386,835,-116
2528,105,223,428,-118
2529,327,443,979,-116
2530,109,226,435,-117
2531,109,224,437,-115
2532,302,418,918,-116
2533,109,227,438,-118
2534,116,233,453,-117
2535,109,226,435,-117
2536,329,443,985,-114
2537,110,227,443,-117
2538,302,418,918,-116
2539,107,222,433,-115
2540,340,481,1038,-141
2541,112,227,441,-115
2542,315,436,955,-121
2543,116,235,457,-119
2544,112,235,453,-123
2545,313,435,955,-122
2546,255,17044,41897,-16789
2547,236,391,794,-155
2548,111,237,455,-126
2549,304,425,930,-121
2550,110,233,451,-123
2551,114,238,455,-124
2552,123,245,479,-122
2553,116,237,460,-121
2554,118,239,469,-121
2555,114,235,457,-121
2556,120,242,471,-122
2557,116,238,461,-122
2558,121,243,473,-122
2559,112,233,449,-121
2560,112,234,453,-122
2561,114,236,461,-122
2562,114,234,453,-120
2563,115,236,457,-121
2564,119,240,465,-121
2565,115,236,453,-121
2566,119,240,469,-121
2567,116,238,461,-122
2568,119,241,465,-122
2569,115,237,455,-122
2570,122,243,477,-121
2571,114,235,455,-121
2572,115,237,459,-122
2573,115,237,463,-122
2574,118,241,472,-123
2575,114,235,455,-121
2576,120,240,469,-120
2577,114,236,459,-122
2578,116,236,459,-120
2579,114,235,457,-121
2580,121,241,471,-120
2581,116,235,457,-119
2582,116,237,465,-121
2583,115,235,453,-120
2584,114,234,453,-120
2585,113,235,453,-122
2586,119,240,465,-121
2587,118,240,465,-122
2588,115,235,459,-120
2589,113,234,453,-121
2590,111,233,453,-122
2591,116,237,461,-121
2592,112,233,453,-121
2593,115,237,457,-122
2594,113,234,453,-121
2595,113,236,453,-123
2596,112,233,449,-121
2597,114,236,461,-122
2598,114,234,457,-120
2599,117,239,461,-122
2600,115,236,457,-121
2601,472,812,1471,-340
2602,417,592,1265,-175
2603,130,274,508,-144
2604,127,282,504,-155
2605,241,386,792,-145
2606,118,251,479,-133
2607,122,252,486,-130
2608,123,254,497,-131
2609,119,249,478,-130
2610,122,253,493,-131
2611,319,454,981,-135
2612,122,253,490,-131
2613,124,256,498,-132
2614,300,431,938,-131
2615,121,255,492,-134
2616,126,258,498,-132
2617,281,415,892,-134
2618,119,253,484,-134
2619,116,252,479,-136
2620,126,259,498,-133
2621,127,257,498,-130
2622,300,434,938,-134
2623,124,256,498,-132
2624,301,435,940,-134
2625,122,254,493,-132
2626,120,252,488,-132
2627,123,259,497,-136
2628,370,610,1197,-240
2629,359,545,1107,-186
2630,179,329,648,-150
2631,144,297,573,-153
2632,163,309,607,-146
2633,302,470,965,-168
2634,174,329,648,-155
2635,299,444,948,-145
2636,156,302,593,-146
2637,262,405,851,-143
2638,257,399,839,-142
2639,191,345,678,-154
2640,202,354,709,-152
2641,289,438,922,-149
2642,270,420,867,-150
2643,175,325,640,-150
2644,268,419,882,-151
2645,224,386,773,-162
2646,294,457,953,-163
2647,183,320,650,-137
2648,207,358,738,-151
2649,227,367,760,-140
2650,152,288,574,-136
2651,158,297,587,-139
2652,166,308,607,-142
2653,266,413,861,-147
2654,173,319,638,-146
2655,167,307,604,-140
2656,151,285,558,-134
2657,241,386,810,-145
2658,156,295,583,-139
2659,248,387,815,-139
2660,255,392,823,-137
2661,283,417,892,-134
2662,178,325,644,-147
2663,214,367,741,-153
2664,160,313,597,-153
2665,135,288,549,-153
2666,149,304,606,-155
2667,186,342,683,-156
2668,168,344,658,-176
2669,270,427,895,-157
2670,191,361,697,-170
2671,199,352,707,-153
2672,195,359,704,-164
2673,156,318,608,-162
2674,168,332,632,-164
2675,175,340,654,-165
2676,247,416,843,-169
2677,315,481,1026,-166
2678,376,536,1160,-160
2679,427,593,1284,-166
2680,257,425,864,-168
2681,380,543,1166,-163
2682,297,470,977,-173
2683,248,421,855,-173
2684,190,357,694,-167
2685,290,457,952,-167
2686,252,416,845,-164
2687,180,347,685,-167
2688,186,347,682,-161
2689,181,343,670,-162
2690,274,443,920,-169
2691,184,341,673,-157
2692,187,355,697,-168
2693,188,345,680,-157
2694,187,353,687,-166
2695,175,349,652,-174
2696,271,428,892,-157
2697,371,539,1158,-168
2698,321,497,1016,-176
2699,227,397,805,-170
2700,266,435,884,-169
2701,324,596,1142,-272
2702,175,309,629,-134
2703,242,378,782,-136
2704,208,344,702,-136
2705,154,293,590,-139
2706,140,293,549,-153
2707,305,461,983,-156
2708,155,295,577,-140
2709,169,319,632,-150
2710,174,313,629,-139
2711,259,419,860,-160
2712,153,326,583,-173
2713,208,366,725,-158
2714,145,306,579,-161
2715,156,317,617,-161
2716,184,328,646,-144
2717,220,390,782,-170
2718,315,456,984,-141
2719,164,312,614,-148
2720,147,288,573,-141
2721,285,432,922,-147
2722,256,408,841,-152
2723,367,519,1127,-152
2724,274,423,896,-149
2725,167,323,636,-156
2726,220,366,747,-146
2727,333,486,1046,-153
2728,176,326,628,-150
2729,232,390,796,-158
2730,309,461,975,-152
2731,319,463,996,-144
2732,164,321,615,-157
2733,194,339,684,-145
2734,149,285,561,-136
2735,402,535,1190,-133
2736,122,253,493,-131
2737,298,429,930,-131
2738,130,262,509,-132
2739,125,259,501,-134
2740,129,262,500,-133
2741,123,253,494,-130
2742,346,479,1052,-133
2743,127,259,506,-132
2744,123,255,495,-132
2745,326,462,1004,-136
2746,125,258,494,-133
2747,126,258,498,-132
2748,347,479,1054,-132
2749,125,258,504,-133
2750,301,436,938,-135
2751,127,258,501,-131
2752,117,251,483,-134
2753,124,256,498,-132
2754,127,257,496,-130
2755,326,459,1000,-133
2756,123,255,492,-132
2757,130,262,512,-132
2758,122,254,485,-132
2759,128,259,504,-131
2760,123,255,488,-132
2761,127,257,500,-130
2762,348,480,1054,-132
2763,123,258,494,-135
2764,121,252,484,-131
2765,128,263,507,-135
2766,123,256,494,-133
2767,128,260,506,-132
2768,300,435,947,-135
2769,129,260,509,-131
2770,306,439,945,-133
2771,126,258,506,-132
2772,125,256,496,-131
2773,351,485,1060,-134
2774,126,257,498,-131
2775,124,255,495,-131
2776,348,483,1056,-135
2777,126,258,501,-132
2778,121,253,485,-132
2779,327,461,1003,-134
2780,121,252,490,-131
2781,126,257,498,-131
2782,118,250,486,-132
2783,347,480,1054,-133
2784,119,251,485,-132
2785,123,256,490,-133
2786,352,484,1065,-132
2787,123,254,492,-131
2788,122,254,487,-132
2789,127,259,500,-132
2790,120,254,492,-134
2791,123,254,490,-131
2792,117,250,479,-133
2793,125,257,499,-132
2794,119,251,491,-132
2795,127,259,505,-132
2796,123,256,494,-133
2797,126,258,502,-132
2798,127,258,498,-131
2799,345,477,1048,-132
2800,118,249,482,-131
2801,295,585,1046,-290
2802,249,398,835,-149
2803,250,399,837,-149
2804,191,337,689,-146
2805,232,406,849,-174
2806,188,333,662,-145
2807,171,317,632,-146
2808,235,388,792,-153
2809,190,346,685,-156
2810,262,417,866,-155
2811,197,355,707,-158
2812,191,342,686,-151
2813,126,276,514,-150
2814,378,615,1225,-237
2815,169,318,642,-149
2816,267,414,859,-147
2817,208,372,735,-164
2818,155,303,589,-148
2819,163,307,607,-144
2820,137,288,549,-151
2821,158,298,589,-140
2822,155,305,585,-150
2823,182,338,660,-156
2824,178,325,648,-147
2825,235,399,811,-164
2826,307,455,961,-148
2827,234,392,798,-158
2828,244,420,871,-176
2829,223,374,761,-151
2830,150,284,563,-134
2831,230,368,758,-138
2832,153,286,563,-133
2833,227,363,761,-136
2834,156,296,583,-140
2835,161,301,605,-140
2836,259,409,851,-150
2837,159,295,589,-136
2838,212,349,727,-137
2839,246,388,806,-142
2840,188,327,666,-139
2841,258,401,834,-143
2842,196,352,701,-156
2843,188,346,673,-158
2844,343,486,1062,-143
2845,223,376,766,-153
2846,267,424,877,-157
2847,186,355,689,-169
2848,295,455,947,-160
2849,229,391,782,-162
2850,177,339,668,-162
2851,193,358,699,-165
2852,183,344,664,-161
2853,181,341,662,-160
2854,180,341,658,-161
2855,183,346,676,-163
2856,192,356,704,-164
2857,155,320,611,-165
2858,175,336,646,-161
2859,176,340,650,-164
2860,175,340,656,-165
2861,155,316,606,-161
2862,190,349,691,-159
2863,177,345,656,-168
2864,174,335,648,-161
2865,176,344,666,-168
2866,185,343,672,-158
2867,194,356,693,-162
2868,185,346,670,-161
2869,165,326,626,-161
2870,186,356,682,-170
2871,172,337,652,-165
2872,164,331,638,-167
2873,185,342,672,-157
2874,181,345,670,-164
2875,143,312,589,-169
2876,152,317,595,-165
2877,143,310,589,-167
2878,148,311,583,-163
2879,146,303,570,-157
2880,155,328,619,-173
2881,157,310,589,-153
2882,143,290,552,-147
2883,178,336,658,-158
2884,169,330,642,-161
2885,172,334,640,-162
2886,156,315,601,-159
2887,175,343,658,-168
2888,193,355,693,-162
2889,180,337,658,-157
2890,183,344,668,-161
2891,190,354,694,-164
2892,192,357,699,-165
2893,184,350,687,-166
2894,188,351,691,-163
2895,173,333,646,-160
2896,185,343,674,-158
2897,174,333,638,-159
2898,163,334,632,-171
2899,170,334,642,-164
2900,169,333,634,-164
2901,405,867,1389,-462
2902,344,544,1127,-200
2903,310,485,1023,-175
2904,298,472,984,-174
2905,323,493,1042,-170
2906,278,453,904,-175
2907,221,359,743,-138
2908,149,292,565,-143
2909,149,294,575,-145
2910,223,393,794,-170
2911,181,336,674,-155
2912,210,377,739,-167
2913,177,346,662,-169
2914,185,370,723,-185
2915,193,357,691,-164
2916,181,357,689,-176
2917,313,488,1023,-175
2918,355,528,1113,-173
2919,204,369,729,-165
2920,207,379,765,-172
2921,164,337,634,-173
2922,183,360,691,-177
2923,179,349,681,-170
2924,340,516,1091,-176
2925,187,357,685,-170
2926,206,383,759,-177
2927,213,391,772,-178
2928,197,375,727,-178
2929,191,374,753,-183
2930,184,352,681,-168
2931,310,488,1022,-178
2932,414,564,1242,-150
2933,238,423,851,-185
2934,172,344,671,-172
2935,301,513,1087,-212
2936,402,565,1223,-163
2937,372,546,1166,-174
2938,449,623,1357,-174
2939,381,555,1182,-174
2940,379,552,1187,-173
2941,365,527,1129,-162
2942,398,571,1225,-173
2943,339,511,1071,-172
2944,189,373,732,-184
2945,197,369,715,-172
2946,171,335,650,-164
2947,212,378,756,-166
2948,213,399,786,-186
2949,211,374,743,-163
2950,289,463,958,-174
2951,322,489,1046,-167
2952,232,390,799,-158
2953,398,549,1205,-151
2954,340,488,1055,-148
2955,374,521,1145,-147
2956,189,340,674,-151
2957,275,421,886,-146
2958,169,333,650,-164
2959,146,290,558,-144
2960,305,452,955,-147
2961,300,445,959,-145
2962,298,443,946,-145
2963,324,467,1002,-143
2964,266,427,869,-161
2965,319,471,1009,-152
2966,400,548,1203,-148
2967,316,464,1001,-148
2968,274,416,885,-142
2969,325,500,1068,-175
2970,417,561,1241,-144
2971,312,477,997,-165
2972,263,429,896,-166
2973,213,393,763,-180
2974,189,358,689,-169
2975,271,414,872,-143
2976,377,543,1147,-166
2977,395,567,1235,-172
2978,361,515,1109,-154
2979,300,469,1005,-169
2980,292,436,927,-144
2981,296,466,967,-170
2982,236,399,811,-163
2983,217,377,746,-160
2984,420,602,1298,-182
2985,402,554,1215,-152
2986,378,539,1170,-161
2987,216,366,744,-150
2988,150,302,572,-152
2989,148,291,567,-143
2990,139,317,605,-178
2991,258,406,857,-148
2992,350,509,1101,-159
2993,403,568,1219,-165
2994,300,440,940,-140
2995,298,457,936,-159
2996,195,364,727,-169
2997,194,349,705,-155
2998,351,616,1142,-265
2999,194,359,709,-165
3000,263,423,866,-160
3001,398,1623,1972,-1225
3002,264,371,809,-107
3003,268,387,817,-119
3004,107,216,422,-109
3005,97,205,394,-108
3006,108,215,420,-107
3007,101,209,407,-108
3008,101,207,398,-106
3009,103,211,409,-108
3010,103,212,410,-109
3011,111,218,423,-107
3012,104,211,410,-107
3013,109,218,426,-109
3014,104,213,414,-109
3015,106,214,417,-108
3016,99,206,399,-107
3017,99,207,400,-108
3018,103,212,410,-109
3019,100,208,403,-108
3020,103,210,406,-107
3021,104,213,414,-109
3022,103,210,404,-107
3023,107,216,421,-109
3024,104,213,413,-109
3025,106,214,417,-108
3026,95,202,388,-107
3027,97,204,394,-107
3028,103,212,410,-109
3029,109,217,423,-108
3030,101,210,407,-109
3031,109,216,423,-107
3032,101,210,406,-109
3033,108,215,419,-107
3034,103,210,410,-107
3035,108,215,420,-107
3036,101,210,404,-109
3037,111,218,426,-107
3038,100,208,402,-108
3039,103,210,408,-107
3040,103,211,410,-108
3041,109,215,421,-106
3042,101,208,406,-107
3043,99,205,399,-106
3044,96,205,392,-109
3045,98,205,396,-107
3046,105,213,419,-108
3047,100,209,404,-109
3048,103,209,408,-106
3049,110,216,424,-106
3050,99,208,402,-109
3051,106,216,421,-110
3052,100,209,403,-109
3053,104,209,405,-105
3054,101,209,404,-108
3055,106,214,419,-108
3056,105,212,413,-107
3057,105,211,412,-106
3058,104,211,410,-107
3059,105,211,412,-106
3060,99,204,398,-105
3061,105,212,411,-107
3062,101,209,404,-108
3063,107,214,418,-107
3064,102,208,404,-106
3065,109,216,422,-107
3066,100,206,400,-106
3067,102,210,404,-108
3068,108,216,422,-108
3069,98,207,398,-109
3070,110,218,433,-108
3071,100,207,403,-107
3072,108,216,421,-108
3073,101,210,407,-109
3074,105,214,415,-109
3075,97,207,398,-110
3076,97,205,396,-108
3077,109,217,427,-108
3078,103,212,411,-109
3079,107,213,415,-106
3080,101,207,400,-106
3081,100,207,402,-107
3082,106,215,418,-109
3083,97,204,388,-107
3084,104,210,410,-106
3085,104,211,414,-107
3086,99,206,400,-107
3087,106,214,417,-108
3088,100,206,398,-106
3089,102,210,406,-108
3090,101,209,406,-108
3091,108,216,424,-108
3092,97,205,392,-108
3093,100,208,400,-108
3094,109,216,422,-107
3095,98,206,396,-108
3096,106,214,415,-108
3097,99,208,402,-109
3098,104,213,413,-109
3099,97,204,392,-107
3100,101,208,402,-107
3101,329,580,1048,-251
3102,260,362,788,-102
3103,240,340,737,-100
3104,263,363,795,-100
3105,103,201,396,-98
3106,92,194,369,-102
3107,244,344,753,-100
3108,100,199,392,-99
3109,95,193,376,-98
3110,98,200,386,-102
3111,94,193,374,-99
3112,103,203,400,-100
3113,94,193,374,-99
3114,252,351,768,-99
3115,93,193,374,-100
3116,93,194,375,-101
3117,94,194,374,-100
3118,94,195,372,-101
3119,93,193,374,-100
3120,93,192,373,-99
3121,94,194,374,-100
3122,93,194,376,-101
3123,94,193,374,-99
3124,93,193,374,-100
3125,94,194,374,-100
3126,96,195,382,-99
3127,93,193,376,-100
3128,854,1379,3000,-525
3129,270,367,811,-97
3130,89,187,361,-98
3131,90,187,365,-97
3132,270,366,809,-96
3133,90,186,361,-96
3134,90,184,352,-94
3135,262,359,794,-97
3136,90,189,368,-99
3137,239,336,731,-97
3138,91,188,360,-97
3139,237,335,731,-98
3140,88,187,360,-99
3141,240,338,735,-98
3142,92,189,364,-97
3143,215,313,680,-98
3144,89,188,361,-99
3145,237,334,729,-97
3146,90,189,367,-99
3147,87,185,358,-98
3148,263,362,800,-99
3149,90,188,364,-98
3150,89,186,357,-97
3151,91,189,362,-98
3152,88,187,360,-99
3153,92,189,367,-97
3154,239,337,738,-98
3155,90,186,360,-96
3156,90,188,366,-98
3157,92,191,370,-99
3158,232,330,719,-98
3159,90,187,361,-97
3160,90,187,360,-97
3161,238,334,729,-96
3162,88,187,360,-99
3163,92,190,365,-98
3164,91,189,370,-98
3165,91,187,361,-96
3166,87,183,354,-96
3167,270,368,811,-98
3168,88,186,360,-98
3169,91,188,363,-97
3170,238,337,735,-99
3171,89,185,359,-96
3172,89,186,361,-97
3173,91,188,364,-97
3174,89,187,361,-98
3175,91,188,364,-97
3176,91,189,365,-98
3177,262,360,794,-98
3178,90,186,360,-96
3179,237,334,729,-97
3180,88,185,356,-97
3181,233,330,717,-97
3182,90,185,359,-95
3183,91,190,363,-99
3184,89,186,358,-97
3185,90,188,364,-98
3186,89,185,359,-96
3187,237,334,725,-97
3188,87,184,353,-97
3189,218,316,682,-98
3190,89,186,358,-97
3191,320,538,1048,-218
3192,144,255,518,-111
3193,109,218,413,-109
3194,124,232,455,-108
3195,120,233,451,-113
3196,121,234,455,-113
3197,109,210,410,-101
3198,106,207,404,-101
3199,116,225,443,-109
3200,109,211,422,-102
3201,265,580,963,-315
3202,131,242,483,-111
3203,133,254,484,-121
3204,241,346,743,-105
3205,165,282,568,-117
3206,127,244,491,-117
3207,119,231,450,-112
3208,194,337,703,-143
3209,167,283,575,-116
3210,192,321,672,-129
3211,135,252,497,-117
3212,131,245,486,-114
3213,152,255,524,-103
3214,121,223,445,-102
3215,120,229,447,-109
3216,272,387,829,-115
3217,234,355,749,-121
3218,283,400,864,-117
3219,232,366,770,-134
3220,225,336,709,-111
3221,178,293,597,-115
3222,117,224,443,-107
3223,326,427,962,-101
3224,93,195,375,-102
3225,220,335,729,-115
3226,182,282,595,-100
3227,91,194,371,-103
3228,262,362,796,-100
3229,179,280,591,-101
3230,92,193,376,-101
3231,263,363,795,-100
3232,97,198,384,-101
3233,263,363,796,-100
3234,95,194,376,-99
3235,94,194,376,-100
3236,93,194,374,-101
3237,283,382,847,-99
3238,266,371,816,-105
3239,94,197,382,-103
3240,102,201,390,-99
3241,97,197,382,-100
3242,98,200,386,-102
3243,97,197,382,-100
3244,93,193,374,-100
3245,94,194,375,-100
3246,95,196,380,-101
3247,94,195,380,-101
3248,100,200,394,-100
3249,94,194,373,-100
3250,91,195,376,-104
3251,97,197,380,-100
3252,96,199,388,-103
3253,94,193,374,-99
3254,100,200,392,-100
3255,96,195,379,-99
3256,98,199,390,-101
3257,93,195,378,-102
3258,101,199,390,-98
3259,96,197,378,-101
3260,92,193,371,-101
3261,96,197,382,-101
3262,91,192,366,-101
3263,98,198,384,-100
3264,91,190,369,-99
3265,98,197,385,-99
3266,91,191,365,-100
3267,96,196,380,-100
3268,91,193,374,-102
3269,92,194,374,-102
3270,92,192,371,-100
3271,95,197,380,-102
3272,91,191,372,-100
3273,98,198,383,-100
3274,92,193,372,-101
3275,97,197,382,-100
3276,91,193,367,-102
3277,98,198,388,-100
3278,94,194,374,-100
3279,95,198,382,-103
3280,93,193,374,-100
3281,95,196,379,-101
3282,91,193,370,-102
3283,97,198,380,-101
3284,94,195,376,-101
3285,97,196,377,-99
3286,94,194,374,-100
3287,96,196,385,-100
3288,92,195,374,-103
3289,94,196,376,-102
3290,91,192,372,-101
3291,95,196,378,-101
3292,92,192,373,-100
3293,97,199,388,-102
3294,93,192,369,-99
3295,97,196,381,-99
3296,91,193,367,-102
3297,96,196,384,-100
3298,92,191,368,-99
3299,97,198,382,-101
3300,90,192,370,-102
3301,278,512,963,-234
3302,162,290,579,-128
3303,206,331,676,-125
3304,128,240,479,-112
3305,112,221,424,-109
3306,125,234,463,-109
3307,283,391,861,-108
3308,252,359,778,-107
3309,185,297,622,-112
3310,120,226,449,-106
3311,187,299,624,-112
3312,119,226,443,-107
3313,118,224,443,-106
3314,205,319,663,-114
3315,197,309,654,-112
3316,181,294,603,-113
3317,196,301,635,-105
3318,129,248,498,-119
3319,153,272,549,-119
3320,131,236,476,-105
3321,138,245,498,-107
3322,114,218,427,-104
3323,120,234,457,-114
3324,114,220,433,-106
3325,121,229,457,-108
3326,118,226,441,-108
3327,130,237,477,-107
3328,134,248,491,-114
3329,125,247,481,-122
3330,136,246,489,-110
3331,116,223,439,-107
3332,118,223,441,-105
3333,173,285,581,-112
3334,205,313,658,-108
3335,204,310,652,-106
3336,208,315,672,-107
3337,125,233,455,-108
3338,270,407,869,-137
3339,241,353,757,-112
3340,139,262,502,-123
3341,176,293,599,-117
3342,129,235,471,-106
3343,185,288,607,-103
3344,205,314,668,-109
3345,245,355,768,-110
3346,307,427,928,-120
3347,216,339,707,-123
3348,133,251,504,-118
3349,204,311,662,-107
3350,210,318,672,-108
3351,165,280,559,-115
3352,110,215,421,-105
3353,192,303,632,-111
3354,161,266,553,-105
3355,102,209,404,-107
3356,106,214,414,-108
3357,122,253,505,-131
3358,148,256,520,-108
3359,150,268,534,-118
3360,220,324,695,-104
3361,222,339,698,-117
3362,240,360,760,-120
3363,155,260,531,-105
3364,138,273,499,-135
3365,222,333,705,-111
3366,202,318,672,-116
3367,231,343,731,-112
3368,190,307,640,-117
3369,135,238,481,-103
3370,231,350,737,-119
3371,180,290,608,-110
3372,116,233,437,-117
3373,131,245,481,-114
3374,110,222,425,-112
3375,114,219,432,-105
3376,113,227,434,-114
3377,211,316,674,-105
3378,276,385,838,-109
3379,182,308,638,-126
3380,273,510,934,-237
3381,151,277,542,-126
3382,172,299,614,-127
3383,169,280,566,-111
3384,128,240,471,-112
3385,191,304,646,-113
3386,144,268,531,-124
3387,155,277,558,-122
3388,162,304,615,-142
3389,111,214,420,-103
3390,228,339,729,-111
3391,171,308,603,-137
3392,134,260,496,-126
3393,212,329,687,-117
3394,213,339,717,-126
3395,183,308,621,-125
3396,171,311,612,-140
3397,167,295,585,-128
3398,153,274,550,-121
3399,142,265,535,-123
3400,153,271,537,-118
3401,321,568,1040,-247
3402,215,347,720,-132
3403,96,200,386,-104
3404,271,376,824,-105
3405,193,298,630,-105
3406,99,204,394,-105
3407,103,207,405,-104
3408,98,201,393,-103
3409,236,342,739,-106
3410,97,200,390,-103
3411,98,202,388,-104
3412,100,205,394,-105
3413,100,204,392,-104
3414,99,204,394,-105
3415,103,207,405,-104
3416,97,202,390,-105
3417,97,202,390,-105
3418,99,203,390,-104
3419,106,209,410,-103
3420,102,205,396,-103
3421,100,204,394,-104
3422,99,203,394,-104
3423,94,198,381,-104
3424,104,207,406,-103
3425,97,201,388,-104
3426,102,204,400,-102
3427,97,201,388,-104
3428,100,203,392,-103
3429,98,203,392,-105
3430,97,201,390,-104
3431,96,199,386,-103
3432,99,204,394,-105
3433,98,201,388,-103
3434,106,207,407,-101
3435,99,202,392,-103
3436,97,200,388,-103
3437,98,201,388,-103
3438,103,207,400,-104
3439,97,199,388,-102
3440,102,208,402,-106
3441,97,202,390,-105
3442,101,205,400,-104
3443,94,196,378,-102
3444,96,201,388,-105
3445,97,201,390,-104
3446,101,203,392,-102
3447,102,204,402,-102
3448,100,206,402,-106
3449,102,207,398,-105
3450,100,205,402,-105
3451,105,209,408,-104
3452,100,205,398,-105
3453,106,209,410,-103
3454,97,201,388,-104
3455,100,206,402,-106
3456,100,204,396,-104
3457,100,204,397,-104
3458,104,207,406,-103
3459,95,199,384,-104
3460,100,203,394,-103
3461,103,209,406,-106
3462,100,204,396,-104
3463,98,203,390,-105
3464,96,201,390,-105
3465,101,205,401,-104
3466,104,206,406,-102
3467,99,204,398,-105
3468,99,203,396,-104
3469,96,199,388,-103
3470,100,204,392,-104
3471,95,201,387,-106
3472,100,204,396,-104
3473,95,201,388,-106
3474,98,205,398,-107
3475,99,202,392,-103
3476,98,202,390,-104
3477,96,199,386,-103
3478,100,203,394,-103
3479,94,198,378,-104
3480,99,204,397,-105
3481,190,295,621,-105
3482,99,204,392,-105
3483,237,341,739,-104
3484,253,357,774,-104
3485,102,205,398,-103
3486,272,377,826,-105
3487,98,201,390,-103
3488,170,318,678,-148
3489,96,202,385,-106
3490,98,202,396,-104
3491,97,201,386,-104
3492,252,357,776,-105
3493,96,199,386,-103
3494,100,204,401,-104
3495,271,376,831,-105
3496,98,201,392,-103
3497,271,376,826,-105
3498,81,188,358,-107
3499,176,281,587,-105
3500,97,201,390,-104
3501,262,507,892,-245
3502,226,339,699,-113
3503,152,255,514,-103
3504,122,220,441,-98
3505,113,216,425,-103
3506,103,200,394,-97
3507,111,213,421,-102
3508,117,227,442,-110
3509,103,201,397,-98
3510,101,208,392,-107
3511,103,200,394,-97
3512,107,210,417,-103
3513,106,211,414,-105
3514,108,211,412,-103
3515,113,215,420,-102
3516,110,227,436,-117
3517,126,233,463,-107
3518,126,225,457,-99
3519,105,213,411,-108
3520,101,199,390,-98
3521,107,213,409,-106
3522,113,213,419,-100
3523,121,219,440,-98
3524,104,217,408,-113
3525,105,212,408,-107
3526,121,218,441,-97
3527,105,202,400,-97
3528,116,214,428,-98
3529,115,215,429,-100
3530,106,208,400,-102
3531,103,208,398,-105
3532,104,217,402,-113
3533,107,203,406,-96
3534,108,216,410,-108
3535,103,208,396,-105
3536,115,217,429,-102
3537,102,198,392,-96
3538,108,218,429,-110
3539,126,232,459,-106
3540,235,340,731,-105
3541,205,337,715,-132
3542,193,307,629,-114
3543,259,376,800,-117
3544,222,330,707,-108
3545,272,386,828,-114
3546,205,318,662,-113
3547,236,340,729,-104
3548,247,356,764,-109
3549,116,227,436,-111
3550,124,233,462,-109
3551,245,359,762,-114
3552,154,277,554,-123
3553,225,337,706,-112
3554,125,245,475,-120
3555,161,280,561,-119
3556,149,262,520,-113
3557,121,236,461,-115
3558,270,387,837,-117
3559,280,401,845,-121
3560,105,205,398,-100
3561,262,361,795,-99
3562,215,330,680,-115
3563,200,303,646,-103
3564,238,352,751,-114
3565,125,244,479,-119
3566,236,352,748,-116
3567,183,298,608,-115
3568,205,319,662,-114
3569,278,511,981,-233
3570,169,277,571,-108
3571,110,215,419,-105
3572,203,311,660,-108
3573,119,224,439,-105
3574,115,218,435,-103
3575,171,268,559,-97
3576,269,371,811,-102
3577,189,296,615,-107
3578,199,297,634,-98
3579,172,273,569,-101
3580,118,228,440,-110
3581,221,332,709,-111
3582,157,256,531,-99
3583,170,278,576,-108
3584,165,278,567,-113
3585,142,258,532,-116
3586,290,403,881,-113
3587,280,390,845,-110
3588,251,353,767,-102
3589,117,222,441,-105
3590,173,278,573,-105
3591,120,218,437,-98
3592,118,226,449,-108
3593,183,287,599,-104
3594,110,210,414,-100
3595,118,224,443,-106
3596,240,345,743,-105
3597,141,259,500,-118
3598,114,223,437,-109
3599,124,240,461,-116
3600,173,306,573,-133
3601,280,558,943,-278
3602,235,373,784,-138
3603,136,258,489,-122
3604,169,274,567,-105
3605,115,219,435,-104
3606,205,314,658,-109
3607,255,368,798,-113
3608,112,211,418,-99
3609,118,222,439,-104
3610,230,331,715,-101
3611,167,271,558,-104
3612,136,241,484,-105
3613,339,451,1001,-112
3614,183,287,597,-104
3615,192,292,622,-100
3616,106,207,409,-101
3617,182,281,591,-99
3618,104,291,404,-187
3619,191,292,622,-101
3620,168,270,561,-102
3621,216,319,686,-103
3622,209,316,670,-107
3623,193,303,626,-110
3624,192,299,634,-107
3625,172,282,581,-110
3626,115,226,443,-111
3627,192,293,623,-101
3628,193,325,705,-132
3629,178,291,610,-113
3630,235,359,774,-124
3631,299,414,902,-115
3632,210,330,690,-120
3633,165,285,573,-120
3634,154,260,537,-106
3635,188,323,683,-135
3636,161,273,568,-112
3637,315,416,924,-101
3638,240,340,740,-100
3639,119,226,445,-107
3640,161,275,561,-114
3641,195,305,646,-110
3642,197,310,648,-113
3643,203,311,648,-108
3644,205,315,664,-110
3645,145,269,550,-124
3646,189,301,621,-112
3647,186,292,616,-106
3648,156,260,528,-104
3649,156,263,539,-107
3650,199,320,663,-121
3651,293,400,889,-107
3652,173,275,577,-102
3653,168,283,587,-115
3654,203,306,646,-103
3655,138,246,494,-108
3656,168,286,589,-118
3657,179,283,595,-104
3658,253,370,794,-117
3659,162,272,558,-110
3660,185,290,603,-105
3661,111,214,421,-103
3662,210,312,671,-102
3663,212,317,670,-105
3664,172,277,573,-105
3665,127,240,473,-113
3666,195,297,628,-102
3667,201,315,662,-114
3668,162,266,548,-104
3669,115,226,433,-111
3670,116,221,437,-105
3671,197,297,636,-100
3672,203,312,648,-109
3673,278,378,835,-100
3674,297,409,900,-112
3675,127,249,475,-122
3676,254,377,796,-123
3677,165,275,562,-110
3678,110,212,418,-102
3679,122,232,465,-110
3680,193,304,625,-111
3681,111,224,433,-113
3682,110,223,422,-113
3683,114,222,440,-108
3684,128,240,487,-112
3685,120,220,441,-100
3686,217,326,695,-109
3687,134,254,489,-120
3688,139,250,506,-111
3689,189,290,611,-101
3690,111,217,421,-106
3691,140,260,510,-120
3692,199,316,662,-117
3693,105,205,401,-100
3694,106,206,406,-100
3695,171,274,573,-103
3696,167,269,559,-102
3697,174,275,575,-101
3698,171,272,567,-101
3699,105,290,506,-185
3700,208,323,679,-115
3701,259,474,839,-215
3702,153,274,527,-121
3703,169,280,565,-111
3704,165,274,549,-109
3705,172,261,547,-89
3706,131,231,473,-100
3707,138,223,465,-85
3708,138,223,467,-85
3709,149,234,491,-85
3710,165,252,532,-87
3711,141,228,469,-87
3712,139,226,468,-87
3713,140,226,467,-86
3714,141,226,467,-85
3715,163,249,524,-86
3716,135,217,449,-82
3717,125,208,428,-83
3718,165,249,524,-84
3719,163,248,522,-85
3720,161,248,524,-87
3721,163,246,524,-83
3722,163,249,522,-86
3723,137,225,461,-88
3724,141,227,469,-86
3725,160,246,516,-86
3726,158,244,514,-86
3727,138,224,461,-86
3728,137,223,461,-86
3729,159,244,516,-85
3730,158,246,514,-88
3731,159,244,512,-85
3732,171,258,542,-87
3733,126,211,430,-85
3734,167,255,534,-88
3735,139,225,463,-86
3736,140,227,465,-87
3737,141,225,469,-84
3738,161,245,518,-84
3739,139,224,463,-85
3740,162,248,522,-86
3741,140,226,465,-86
3742,141,227,470,-86
3743,138,225,463,-87
3744,139,225,467,-86
3745,140,225,466,-85
3746,140,225,465,-85
3747,138,227,467,-89
3748,139,225,463,-86
3749,140,226,464,-86
3750,127,213,435,-86
3751,128,212,439,-84
3752,161,249,518,-88
3753,163,249,524,-86
3754,138,225,467,-87
3755,164,250,524,-86
3756,139,225,463,-86
3757,163,246,524,-83
3758,211,358,715,-147
3759,172,257,551,-85
3760,179,262,564,-83
3761,154,237,502,-83
3762,170,254,544,-84
3763,156,238,506,-82
3764,172,256,546,-84
3765,156,241,506,-85
3766,139,222,465,-83
3767,159,242,516,-83
3768,142,224,470,-82
3769,161,243,516,-82
3770,159,241,514,-82
3771,141,225,470,-84
3772,141,225,469,-84
3773,159,245,514,-86
3774,160,246,518,-86
3775,180,263,566,-83
3776,171,255,547,-84
3777,152,237,493,-85
3778,131,217,449,-86
3779,136,218,455,-82
3780,173,258,548,-85
3781,178,261,561,-83
3782,179,261,560,-82
3783,170,255,547,-85
3784,169,254,536,-85
3785,177,264,558,-87
3786,159,244,514,-85
3787,174,260,548,-86
3788,179,264,562,-85
3789,170,256,542,-86
3790,176,261,553,-85
3791,175,261,553,-86
3792,185,269,583,-84
3793,171,255,543,-84
3794,184,268,581,-84
3795,172,257,550,-85
3796,153,236,500,-83
3797,174,258,550,-84
3798,169,251,540,-82
3799,171,256,547,-85
3800,172,256,553,-84
3801,260,477,847,-217
3802,72,147,288,-75
3803,197,270,596,-73
3804,199,272,599,-73
3805,137,211,449,-74
3806,69,144,277,-75
3807,76,151,296,-75
3808,71,147,282,-76
3809,73,148,288,-75
3810,68,144,279,-76
3811,170,243,530,-73
3812,71,146,283,-75
3813,66,142,272,-76
3814,69,143,277,-74
3815,68,143,276,-75
3816,73,147,288,-74
3817,68,144,277,-76
3818,74,147,290,-73
3819,66,141,274,-75
3820,72,146,285,-74
3821,68,144,276,-76
3822,72,149,286,-77
3823,68,142,274,-74
3824,73,147,285,-74
3825,66,140,270,-74
3826,69,144,278,-75
3827,68,143,274,-75
3828,75,149,290,-74
3829,67,142,272,-75
3830,69,143,277,-74
3831,66,141,268,-75
3832,73,148,290,-75
3833,68,143,276,-75
3834,75,150,291,-75
3835,70,144,276,-74
3836,67,143,278,-76
3837,73,149,288,-76
3838,68,144,280,-76
3839,67,142,275,-75
3840,71,146,281,-75
3841,70,146,280,-76
3842,67,142,274,-75
3843,70,144,280,-74
3844,74,149,290,-75
3845,69,144,276,-75
3846,73,147,287,-74
3847,65,141,271,-76
3848,69,145,278,-76
3849,71,145,282,-74
3850,71,147,284,-76
3851,67,140,270,-73
3852,74,149,288,-75
3853,67,143,279,-76
3854,72,146,281,-74
3855,69,143,276,-74
3856,74,148,288,-74
3857,68,140,270,-72
3858,74,148,292,-74
3859,68,143,274,-75
3860,74,147,287,-73
3861,67,142,274,-75
3862,73,146,286,-73
3863,66,141,270,-75
3864,74,149,290,-75
3865,66,143,274,-77
3866,72,147,284,-75
3867,67,141,270,-74
3868,69,141,272,-72
3869,66,141,270,-75
3870,67,144,278,-77
3871,68,142,274,-74
3872,70,144,280,-74
3873,76,150,296,-74
3874,69,144,278,-75
3875,69,145,278,-76
3876,68,143,274,-75
3877,71,146,283,-75
3878,69,143,277,-74
3879,71,146,287,-75
3880,70,145,280,-75
3881,70,145,280,-75
3882,68,143,278,-75
3883,68,141,272,-73
3884,73,145,284,-72
3885,67,140,270,-73
3886,73,146,285,-73
3887,69,142,275,-73
3888,74,148,289,-74
3889,66,141,270,-75
3890,72,146,284,-74
3891,69,144,280,-75
3892,73,146,286,-73
3893,197,308,630,-111
3894,67,142,276,-75
3895,203,279,612,-76
3896,191,267,583,-76
3897,181,255,554,-74
3898,69,143,276,-74
3899,70,144,280,-74
3900,169,242,522,-73
3901,275,516,930,-241
3902,106,232,432,-126
3903,99,218,400,-119
3904,218,337,692,-119
3905,174,276,571,-102
3906,117,219,433,-102
3907,189,292,605,-103
3908,121,211,427,-90
3909,168,271,560,-103
3910,210,295,650,-85
3911,178,284,564,-106
3912,86,180,342,-94
3913,188,282,593,-94
3914,228,329,699,-101
3915,159,242,516,-83
3916,131,216,447,-85
3917,164,250,526,-86
3918,167,254,536,-87
3919,128,225,451,-97
3920,216,317,685,-101
3921,146,242,495,-96
3922,152,399,505,-247
3923,157,248,510,-91
3924,214,302,662,-88
3925,105,199,390,-94
3926,179,284,593,-105
3927,108,200,394,-92
3928,121,217,442,-96
3929,156,240,509,-84
3930,132,223,459,-91
3931,108,200,388,-92
3932,204,298,634,-94
3933,95,187,361,-92
3934,168,255,543,-87
3935,180,272,575,-92
3936,145,230,482,-85
3937,134,227,467,-93
3938,106,202,393,-96
3939,100,199,378,-99
3940,150,247,497,-97
3941,141,232,469,-91
3942,94,177,353,-83
3943,101,211,376,-110
3944,140,264,545,-124
3945,220,317,677,-97
3946,207,301,654,-94
3947,182,274,577,-92
3948,235,335,721,-100
3949,140,247,486,-107
3950,170,253,542,-83
3951,96,178,353,-82
3952,234,317,702,-83
3953,87,172,333,-85
3954,90,173,339,-83
3955,126,223,445,-97
3956,210,305,654,-95
3957,249,395,810,-146
3958,83,174,323,-91
3959,186,279,607,-93
3960,195,277,599,-82
3961,236,319,707,-83
3962,78,160,308,-82
3963,77,162,313,-85
3964,73,10393,301,-10320
3965,211,312,689,-101
3966,79,161,315,-82
3967,208,290,636,-82
3968,214,298,652,-84
3969,80,162,315,-82
3970,75,159,309,-84
3971,219,302,664,-83
3972,156,239,506,-83
3973,211,293,640,-82
3974,78,160,313,-82
3975,233,316,699,-83
3976,134,222,461,-88
3977,167,251,532,-84
3978,213,296,648,-83
3979,190,274,593,-84
3980,151,236,496,-85
3981,212,295,646,-83
3982,189,274,593,-85
3983,81,164,319,-83
3984,78,160,313,-82
3985,189,272,589,-83
3986,79,165,321,-86
3987,74,157,302,-83
3988,80,163,317,-83
3989,77,162,313,-85
3990,83,166,323,-83
3991,189,272,591,-83
3992,80,161,313,-81
3993,188,271,587,-83
3994,80,165,319,-85
3995,77,160,311,-83
3996,82,166,325,-84
3997,75,158,305,-83
3998,83,164,319,-81
3999,190,274,591,-84
4000,78,162,313,-84
4001,257,473,837,-216
4002,87,206,362,-119
4003,278,396,839,-118
4004,221,338,695,-117
4005,80,186,348,-106
4006,252,346,754,-94
4007,187,289,606,-102
4008,80,182,344,-102
4009,79,165,319,-86
4010,74,177,329,-103
4011,80,166,321,-86
4012,76,164,314,-88
4013,79,167,321,-88
4014,79,165,317,-86
4015,226,313,689,-87
4016,83,184,348,-101
4017,80,166,321,-86
4018,81,167,323,-86
4019,200,286,622,-86
4020,81,180,341,-99
4021,80,165,319,-85
4022,79,163,318,-84
4023,79,163,315,-84
4024,82,166,325,-84
4025,228,314,690,-86
4026,84,183,347,-99
4027,81,166,321,-85
4028,80,167,325,-87
4029,228,314,691,-86
4030,80,166,323,-86
4031,179,265,567,-86
4032,81,165,321,-84
4033,80,166,321,-86
4034,74,158,303,-84
4035,79,165,319,-86
4036,181,266,570,-85
4037,78,163,313,-85
4038,73,161,306,-88
4039,78,163,315,-85
4040,180,265,573,-85
4041,80,164,319,-84
4042,79,167,321,-88
4043,79,167,325,-88
4044,181,267,575,-86
4045,80,167,323,-87
4046,201,286,621,-85
4047,78,162,315,-84
4048,80,165,321,-85
4049,206,637,1227,-431
4050,75,156,300,-81
4051,188,268,583,-80
4052,74,155,298,-81
4053,185,266,576,-81
4054,72,153,295,-81
4055,72,154,297,-82
4056,72,153,295,-81
4057,77,157,305,-80
4058,171,251,537,-80
4059,74,157,300,-83
4060,209,291,635,-82
4061,75,155,299,-80
4062,73,154,298,-81
4063,74,154,295,-80
4064,185,265,575,-80
4065,75,157,301,-82
4066,73,156,301,-83
4067,74,155,299,-81
4068,71,153,293,-82
4069,73,154,297,-81
4070,73,155,297,-82
4071,75,156,301,-81
4072,169,250,538,-81
4073,74,155,298,-81
4074,74,155,298,-81
4075,75,158,308,-83
4076,215,296,648,-81
4077,73,153,296,-80
4078,76,156,301,-80
4079,75,156,301,-81
4080,73,154,295,-81
4081,75,156,301,-81
4082,73,154,297,-81
4083,74,154,297,-80
4084,73,154,297,-81
4085,74,154,295,-80
4086,73,155,299,-82
4087,75,156,301,-81
4088,76,157,303,-81
4089,72,154,295,-82
4090,72,153,297,-81
4091,75,154,299,-79
4092,185,266,578,-81
4093,73,154,295,-81
4094,72,154,295,-82
4095,72,153,291,-81
4096,76,158,301,-82
4097,73,154,297,-81
4098,73,154,297,-81
4099,84,205,384,-121
4100,83,192,372,-109
4101,215,451,776,-236
4102,131,217,447,-86
4103,81,167,321,-86
4104,189,275,591,-86
4105,79,163,318,-84
4106,223,310,681,-87
4107,81,165,319,-84
4108,75,159,303,-84
4109,82,167,323,-85
4110,77,162,311,-85
4111,80,165,317,-85
4112,85,170,329,-85
4113,80,166,325,-86
4114,85,170,333,-85
4115,81,165,321,-84
4116,84,169,331,-85
4117,78,164,319,-86
4118,225,311,681,-86
4119,83,168,327,-85
4120,78,164,317,-86
4121,84,169,332,-85
4122,81,167,323,-86
4123,81,167,323,-86
4124,82,168,325,-86
4125,81,167,323,-86
4126,80,167,319,-87
4127,81,166,325,-85
4128,83,167,329,-84
4129,82,168,323,-86
4130,82,167,327,-85
4131,84,169,327,-85
4132,83,169,327,-86
4133,79,162,313,-83
4134,82,168,325,-86
4135,81,166,323,-85
4136,81,167,325,-86
4137,84,169,330,-85
4138,80,166,322,-86
4139,79,164,317,-85
4140,83,168,329,-85
4141,80,166,321,-86
4142,83,170,331,-87
4143,87,174,341,-87
4144,81,167,321,-86
4145,83,169,329,-86
4146,80,165,321,-85
4147,86,170,335,-84
4148,81,169,327,-88
4149,85,171,331,-86
4150,81,167,325,-86
4151,85,169,327,-84
4152,81,167,321,-86
4153,82,169,327,-87
4154,82,170,331,-88
4155,83,169,329,-86
4156,83,170,331,-87
4157,80,165,319,-85
4158,228,410,784,-182
4159,191,278,597,-87
4160,102,199,386,-97
4161,138,236,473,-98
4162,255,352,772,-97
4163,286,386,849,-100
4164,229,316,695,-87
4165,97,183,363,-86
4166,175,266,569,-91
4167,93,189,362,-96
4168,226,321,691,-95
4169,224,325,697,-101
4170,240,339,739,-99
4171,171,266,554,-95
4172,242,330,730,-88
4173,122,221,437,-99
4174,180,271,579,-91
4175,142,228,473,-86
4176,241,339,746,-98
4177,142,235,489,-93
4178,134,220,453,-86
4179,171,265,565,-94
4180,134,221,455,-87
4181,179,268,573,-89
4182,115,208,414,-93
4183,90,185,353,-95
4184,107,204,398,-97
4185,109,209,406,-100
4186,91,193,372,-102
4187,173,260,554,-87
4188,236,392,770,-156
4189,181,283,589,-102
4190,199,307,640,-108
4191,123,230,447,-107
4192,177,285,583,-108
4193,126,234,459,-108
4194,121,227,443,-106
4195,163,266,544,-103
4196,218,322,684,-104
4197,202,305,652,-103
4198,161,272,553,-111
4199,152,263,518,-111
4200,118,228,449,-110
4201,291,518,916,-227
4202,173,294,583,-121
4203,81,190,349,-109
4204,82,187,341,-105
4205,86,178,335,-92
4206,88,186,358,-98
4207,79,169,313,-90
4208,81,164,319,-83
4209,81,164,321,-83
4210,245,364,776,-119
4211,84,277,394,-193
4212,236,331,733,-95
4213,80,174,341,-94
4214,79,164,319,-85
4215,79,165,317,-86
4216,80,166,321,-86
4217,81,167,323,-86
4218,83,169,325,-86
4219,80,167,323,-87
4220,80,167,323,-87
4221,238,323,711,-85
4222,78,165,317,-87
4223,79,164,314,-85
4224,84,167,327,-83
4225,81,167,323,-86
4226,82,166,321,-84
4227,80,168,321,-88
4228,74,159,306,-85
4229,76,162,313,-86
4230,77,162,311,-85
4231,78,161,309,-83
4232,82,168,325,-86
4233,78,162,313,-84
4234,79,163,316,-84
4235,79,165,319,-86
4236,75,162,309,-87
4237,77,161,308,-84
4238,77,162,313,-85
4239,76,164,313,-88
4240,75,162,313,-87
4241,79,166,317,-87
4242,78,165,315,-87
4243,78,163,315,-85
4244,82,166,323,-84
4245,79,165,319,-86
4246,74,161,310,-87
4247,77,164,315,-87
4248,78,163,317,-85
4249,80,166,321,-86
4250,81,166,321,-85
4251,76,163,313,-87
4252,80,164,317,-84
4253,82,165,319,-83
4254,74,159,307,-85
4255,77,163,312,-86
4256,81,168,325,-87
4257,76,163,313,-87
4258,80,164,317,-84
4259,81,166,319,-85
4260,82,167,325,-85
4261,78,165,320,-87
4262,73,159,307,-86
4263,74,158,303,-84
4264,82,167,323,-85
4265,77,162,313,-85
4266,79,166,319,-87
4267,76,163,313,-87
4268,80,166,321,-86
4269,77,162,314,-85
4270,79,164,319,-85
4271,79,164,319,-85
4272,82,165,322,-83
4273,80,166,319,-86
4274,80,166,321,-86
4275,78,164,315,-86
4276,76,163,311,-87
4277,78,163,313,-85
4278,78,162,310,-84
4279,74,160,309,-86
4280,79,166,321,-87
4281,80,167,321,-87
4282,80,166,321,-86
4283,78,163,315,-85
4284,79,164,318,-85
4285,79,165,319,-86
4286,79,164,315,-85
4287,78,163,313,-85
4288,79,165,317,-86
4289,76,164,314,-88
4290,77,162,313,-85
4291,78,163,315,-85
4292,83,168,325,-85
4293,80,167,323,-87
4294,82,166,323,-84
4295,80,165,315,-85
4296,79,164,317,-85
4297,78,164,314,-86
4298,81,166,323,-85
4299,78,163,315,-85
4300,79,164,315,-85
4301,251,430,824,-179
4302,88,175,339,-87
4303,85,173,336,-88
4304,226,313,689,-87
4305,82,171,333,-89
4306,83,173,336,-90
4307,83,171,331,-88
4308,90,178,345,-88
4309,82,170,329,-88
4310,84,173,337,-89
4311,80,168,323,-88
4312,86,173,338,-87
4313,80,169,325,-89
4314,84,172,335,-88
4315,81,169,327,-88
4316,86,175,337,-89
4317,84,172,333,-88
4318,83,172,333,-89
4319,82,171,331,-89
4320,82,170,327,-88
4321,81,170,327,-89
4322,84,173,337,-89
4323,83,173,335,-90
4324,80,169,325,-89
4325,84,172,331,-88
4326,77,166,321,-89
4327,81,169,325,-88
4328,83,170,333,-87
4329,80,169,327,-89
4330,85,174,335,-89
4331,85,174,337,-89
4332,83,172,333,-89
4333,83,170,329,-87
4334,85,171,334,-86
4335,82,171,327,-89
4336,84,172,333,-88
4337,82,171,329,-89
4338,84,172,333,-88
4339,84,173,335,-89
4340,85,173,335,-88
4341,80,166,321,-86
4342,83,174,333,-91
4343,83,169,329,-86
4344,85,173,335,-88
4345,82,169,329,-87
4346,83,172,334,-89
4347,83,172,333,-89
4348,85,175,339,-90
4349,81,169,325,-88
4350,83,173,333,-90
4351,81,170,329,-89
4352,83,171,331,-88
4353,81,169,325,-88
4354,78,165,319,-87
4355,82,173,331,-91
4356,84,173,335,-89
4357,81,166,321,-85
4358,83,172,335,-89
4359,232,394,758,-162
4360,177,271,566,-94
4361,94,197,376,-103
4362,109,208,406,-99
4363,109,208,408,-99
4364,99,195,384,-96
4365,112,218,406,-106
4366,129,228,455,-99
4367,105,195,392,-90
4368,88,183,351,-95
4369,110,213,416,-103
4370,111,204,412,-93
4371,105,199,394,-94
4372,136,250,487,-114
4373,197,294,622,-97
4374,250,353,764,-103
4375,178,278,579,-100
4376,123,229,453,-106
4377,131,237,465,-106
4378,111,210,416,-99
4379,90,179,347,-89
4380,104,199,390,-95
4381,103,196,380,-93
4382,101,193,382,-92
4383,102,190,378,-88
4384,97,195,380,-98
4385,231,779,770,-548
4386,212,329,672,-117
4387,212,320,672,-108
4388,124,232,451,-108
4389,134,240,478,-106
4390,160,270,543,-110
4391,210,314,666,-104
4392,146,256,514,-110
4393,144,255,514,-111
4394,195,305,638,-110
4395,195,310,636,-115
4396,184,302,613,-118
4397,185,298,611,-113
4398,232,338,721,-106
4399,207,313,658,-106
4400,152,263,528,-111
4401,266,476,892,-210
4402,249,372,784,-123
4403,208,305,654,-97
4404,186,290,599,-104
4405,89,184,356,-95
4406,96,190,370,-94
4407,214,307,666,-93
4408,90,184,355,-94
4409,90,183,358,-93
4410,90,185,362,-95
4411,88,182,353,-94
4412,96,192,376,-96
4413,88,182,354,-94
4414,87,180,348,-93
4415,88,183,352,-95
4416,90,184,356,-94
4417,89,182,354,-93
4418,88,182,352,-94
4419,88,183,356,-95
4420,86,180,350,-94
4421,90,182,352,-92
4422,87,181,350,-94
4423,88,183,356,-95
4424,89,180,350,-91
4425,90,185,356,-95
4426,89,183,356,-94
4427,88,182,352,-94
4428,89,181,352,-92
4429,90,184,356,-94
4430,86,180,348,-94
4431,90,183,356,-93
4432,86,181,349,-95
4433,90,183,356,-93
4434,88,182,354,-94
4435,90,183,356,-93
4436,89,185,354,-96
4437,89,184,356,-95
4438,88,182,350,-94
4439,91,185,362,-94
4440,85,177,342,-92
4441,88,183,356,-95
4442,86,182,349,-96
4443,90,185,358,-95
4444,88,184,355,-96
4445,89,183,353,-94
4446,86,181,345,-95
4447,90,184,359,-94
4448,88,181,351,-93
4449,89,183,353,-94
4450,88,182,352,-94
4451,89,183,354,-94
4452,88,181,350,-93
4453,90,185,358,-95
4454,90,184,355,-94
4455,88,183,355,-95
4456,90,183,353,-93
4457,89,183,353,-94
4458,86,178,344,-92
4459,89,183,354,-94
4460,87,182,351,-95
4461,90,184,359,-94
4462,91,183,355,-92
4463,91,183,356,-92
4464,88,182,354,-94
4465,90,186,357,-96
4466,89,184,355,-95
4467,90,185,361,-95
4468,89,183,353,-94
4469,89,185,360,-96
4470,89,184,356,-95
4471,89,183,356,-94
4472,88,184,353,-96
4473,90,182,355,-92
4474,87,180,347,-93
4475,90,184,356,-94
4476,87,181,350,-94
4477,91,187,362,-96
4478,88,182,353,-94
4479,90,184,357,-94
4480,88,181,349,-93
4481,90,184,360,-94
4482,85,178,347,-93
4483,89,183,351,-94
4484,87,181,351,-94
4485,89,184,358,-95
4486,84,178,344,-94
4487,89,184,353,-95
4488,85,179,347,-94
4489,89,184,360,-95
4490,86,181,345,-95
4491,90,182,357,-92
4492,86,180,347,-94
4493,89,182,354,-93
4494,84,178,341,-94
4495,91,183,357,-92
4496,84,178,342,-94
4497,90,186,360,-96
4498,88,182,351,-94
4499,90,184,355,-94
4500,86,178,342,-92
4501,267,509,918,-242
4502,234,454,849,-220
4503,153,317,599,-164
4504,213,335,678,-122
4505,172,285,575,-113
4506,235,347,731,-112
4507,204,311,658,-107
4508,199,305,642,-106
4509,182,286,601,-104
4510,345,454,1014,-109
4511,113,226,426,-113
4512,118,232,459,-114
4513,114,221,427,-107
4514,114,221,435,-107
4515,115,224,437,-109
4516,127,245,493,-118
4517,119,232,455,-113
4518,120,236,453,-116
4519,176,286,592,-110
4520,229,341,726,-112
4521,195,309,638,-114
4522,213,337,698,-124
4523,190,317,648,-127
4524,174,298,605,-124
4525,121,233,461,-112
4526,174,301,614,-127
4527,179,307,634,-128
4528,122,238,465,-116
4529,166,291,589,-125
4530,102,223,418,-121
4531,204,355,760,-151
4532,127,252,479,-125
4533,107,223,419,-116
4534,117,235,451,-118
4535,235,347,742,-112
4536,309,423,932,-114
4537,133,246,485,-113
4538,126,234,473,-108
4539,138,251,498,-113
4540,175,298,609,-123
4541,210,367,778,-157
4542,117,239,447,-122
4543,142,260,508,-118
4544,161,285,562,-124
4545,158,269,557,-111
4546,219,512,1014,-293
4547,274,378,833,-104
4548,109,223,422,-114
4549,265,367,806,-102
4550,104,208,408,-104
4551,290,393,869,-103
4552,201,303,644,-102
4553,97,199,386,-102
4554,299,414,892,-115
4555,282,500,956,-218
4556,119,228,455,-109
4557,128,239,473,-111
4558,156,289,571,-133
4559,132,252,502,-120
4560,115,235,441,-120
4561,124,235,461,-111
4562,121,230,459,-109
4563,126,238,467,-112
4564,142,285,524,-143
4565,173,283,585,-110
4566,176,294,599,-118
4567,284,400,867,-116
4568,192,315,642,-123
4569,155,267,546,-112
4570,133,251,478,-118
4571,109,222,433,-113
4572,168,276,581,-108
4573,119,233,441,-114
4574,159,276,566,-117
4575,139,264,509,-125
4576,122,227,448,-105
4577,127,235,466,-108
4578,114,223,435,-109
4579,226,344,727,-118
4580,244,360,764,-116
4581,230,349,739,-119
4582,295,419,901,-124
4583,173,303,616,-130
4584,166,290,579,-124
4585,302,432,936,-130
4586,280,412,875,-132
4587,175,300,599,-125
4588,215,344,707,-129
4589,148,278,542,-130
4590,145,272,532,-127
4591,143,274,532,-131
4592,147,272,532,-125
4593,154,284,548,-130
4594,148,276,538,-128
4595,149,275,536,-126
4596,151,279,547,-128
4597,168,295,585,-127
4598,187,322,656,-135
4599,144,270,528,-126
4600,142,271,526,-129
4601,271,472,914,-201
4602,158,261,539,-103
4603,114,238,453,-124
4604,294,415,904,-121
4605,184,312,640,-128
4606,108,216,421,-108
4607,98,206,398,-108
4608,306,414,916,-108
4609,270,377,825,-107
4610,97,206,398,-109
4611,284,392,859,-108
4612,104,212,413,-108
4613,283,391,863,-108
4614,104,212,410,-108
4615,245,353,765,-108
4616,103,210,408,-107
4617,97,205,396,-108
4618,102,212,409,-110
4619,100,210,405,-110
4620,102,211,409,-109
4621,284,393,861,-109
4622,106,213,421,-107
4623,107,214,419,-107
4624,283,392,861,-109
4625,102,210,406,-108
4626,282,391,855,-109
4627,100,206,400,-106
4628,103,211,408,-108
4629,100,207,402,-107
4630,282,391,857,-109
4631,97,204,392,-107
4632,245,354,764,-109
4633,99,207,401,-108
4634,103,211,408,-108
4635,97,204,390,-107
4636,267,372,816,-105
4637,104,210,412,-106
4638,103,211,408,-108
4639,103,211,408,-108
4640,104,210,409,-106
4641,97,206,396,-109
4642,104,211,410,-107
4643,100,209,405,-109
4644,102,210,406,-108
4645,100,207,402,-107
4646,265,374,816,-109
4647,99,209,404,-110
4648,104,211,411,-107
4649,101,208,404,-107
4650,245,354,764,-109
4651,101,208,400,-107
4652,102,209,406,-107
4653,103,209,406,-106
4654,99,208,402,-109
4655,98,206,396,-108
4656,266,374,818,-108
4657,99,206,400,-107
4658,103,211,409,-108
4659,283,390,859,-107
4660,101,209,404,-108
4661,103,210,408,-107
4662,102,212,408,-110
4663,283,391,857,-108
4664,102,210,411,-108
4665,96,203,390,-107
4666,246,353,765,-107
4667,96,205,394,-109
4668,246,354,770,-108
4669,98,207,399,-109
4670,245,354,764,-109
4671,100,208,400,-108
4672,103,210,408,-107
4673,247,354,766,-107
4674,103,212,412,-109
4675,283,392,859,-109
4676,102,210,410,-108
4677,284,392,863,-108
4678,102,211,409,-109
4679,100,208,402,-108
4680,104,213,416,-109
4681,96,204,394,-108
4682,247,354,768,-107
4683,100,209,404,-109
4684,104,211,410,-107
4685,103,210,410,-107
4686,266,375,816,-109
4687,99,208,402,-109
4688,104,212,410,-108
4689,98,209,402,-111
4690,104,212,410,-108
4691,246,355,768,-109
4692,104,213,410,-109
4693,103,210,408,-107
4694,104,210,408,-106
4695,97,205,396,-108
4696,104,213,412,-109
4697,244,352,761,-108
4698,105,211,408,-106
4699,95,204,392,-109
4700,265,372,816,-107
4701,349,672,1168,-323
4702,140,305,545,-165
4703,274,446,882,-172
4704,168,299,591,-131
4705,213,334,702,-121
4706,149,272,551,-123
4707,161,277,568,-116
4708,307,422,932,-115
4709,286,400,875,-114
4710,274,390,847,-116
4711,233,358,751,-125
4712,326,461,992,-135
4713,297,423,906,-126
4714,348,480,1046,-132
4715,311,436,949,-125
4716,261,391,841,-130
4717,284,414,895,-130
4718,171,307,611,-136
4719,212,354,723,-142
4720,236,367,772,-131
4721,282,419,904,-137
4722,217,337,721,-120
4723,230,346,736,-116
4724,322,446,981,-124
4725,174,295,593,-121
4726,135,259,510,-124
4727,153,279,556,-126
4728,114,233,446,-119
4729,257,381,806,-124
4730,133,261,498,-128
4731,153,269,546,-116
4732,181,302,627,-121
4733,137,258,503,-121
4734,186,335,703,-149
4735,305,422,922,-117
4736,218,370,786,-152
4737,162,287,577,-125
4738,111,232,453,-121
4739,127,249,480,-122
4740,121,239,461,-118
4741,116,240,473,-124
4742,308,526,1025,-218
4743,103,217,413,-114
4744,295,405,890,-110
4745,100,212,408,-112
4746,293,407,890,-114
4747,113,225,439,-112
4748,105,216,421,-111
4749,272,385,843,-113
4750,107,218,422,-111
4751,253,365,788,-112
4752,108,220,430,-112
4753,103,216,415,-113
4754,106,217,420,-111
4755,252,363,788,-111
4756,107,222,425,-115
4757,104,217,414,-113
4758,99,211,404,-112
4759,104,218,416,-114
4760,107,219,427,-112
4761,101,213,411,-112
4762,107,220,427,-113
4763,103,214,414,-111
4764,107,220,426,-113
4765,284,397,870,-113
4766,100,212,408,-112
4767,100,213,408,-113
4768,108,220,427,-112
4769,102,214,409,-112
4770,106,219,426,-113
4771,107,218,423,-111
4772,264,374,812,-110
4773,106,218,421,-112
4774,108,221,430,-113
4775,103,218,418,-115
4776,97,210,402,-113
4777,103,212,412,-109
4778,103,214,413,-111
4779,103,216,416,-113
4780,109,220,426,-111
4781,104,215,414,-111
4782,107,219,427,-112
4783,100,213,410,-113
4784,106,217,422,-111
4785,103,215,412,-112
4786,109,220,425,-111
4787,101,216,415,-115
4788,107,220,422,-113
4789,95,208,400,-113
4790,101,214,413,-113
4791,104,215,417,-111
4792,106,218,422,-112
4793,103,215,414,-112
4794,108,220,429,-112
4795,284,396,866,-112
4796,106,216,422,-110
4797,261,372,810,-111
4798,105,217,419,-112
4799,99,210,403,-111
4800,230,342,733,-112
4801,303,655,1046,-352
4802,161,328,616,-167
4803,247,419,836,-172
4804,261,411,857,-150
4805,246,412,817,-166
4806,172,303,617,-131
4807,225,352,729,-127
4808,319,447,983,-128
4809,322,457,985,-135
4810,268,402,854,-134
4811,198,318,656,-120
4812,186,318,656,-132
4813,171,289,591,-118
4814,137,257,510,-120
4815,264,399,821,-135
4816,178,310,612,-132
4817,140,258,518,-118
4818,148,276,548,-128
4819,284,411,877,-127
4820,265,389,833,-124
4821,216,335,697,-119
4822,127,246,476,-119
4823,182,317,640,-135
4824,226,366,737,-140
4825,238,360,760,-122
4826,136,260,502,-124
4827,155,278,561,-123
4828,237,369,793,-132
4829,171,325,630,-154
4830,157,293,569,-136
4831,257,384,817,-127
4832,311,450,942,-139
4833,244,382,804,-138
4834,220,360,763,-140
4835,149,268,536,-119
4836,122,250,475,-128
4837,242,400,782,-158
4838,234,360,770,-126
4839,252,395,801,-143
4840,140,270,524,-130
4841,241,393,782,-152
4842,201,355,701,-154
4843,220,346,725,-126
4844,188,329,659,-141
4845,235,368,774,-133
4846,144,270,534,-126
4847,130,269,511,-139
4848,257,395,830,-138
4849,247,377,796,-130
4850,151,292,572,-141
4851,120,245,478,-125
4852,117,245,461,-128
4853,124,256,496,-132
4854,126,252,479,-126
4855,189,322,658,-133
4856,158,281,557,-123
4857,146,273,538,-127
4858,222,359,737,-137
4859,203,338,693,-135
4860,130,261,506,-131
4861,311,440,959,-129
4862,196,331,672,-135
4863,151,290,559,-139
4864,222,366,759,-144
4865,239,370,762,-131
4866,140,262,516,-122
4867,122,247,469,-125
4868,368,485,1086,-117
4869,112,229,446,-117
4870,248,383,830,-135
4871,94,215,409,-121
4872,111,226,436,-115
4873,305,421,924,-116
4874,108,224,437,-116
4875,111,228,440,-117
4876,261,376,815,-115
4877,108,226,433,-118
4878,105,222,432,-117
4879,265,384,829,-119
4880,111,224,437,-113
4881,112,227,441,-115
4882,109,224,431,-115
4883,111,226,435,-115
4884,111,228,445,-117
4885,305,421,924,-116
4886,110,226,443,-116
4887,111,225,435,-114
4888,111,225,437,-114
4889,305,423,929,-118
4890,107,224,435,-117
4891,110,228,441,-118
4892,111,228,441,-117
4893,112,227,443,-115
4894,109,224,435,-115
4895,305,423,926,-118
4896,105,223,430,-118
4897,109,227,438,-118
4898,110,226,438,-116
4899,304,423,926,-119
4900,107,224,429,-117
4901,388,637,1253,-249
4902,206,333,690,-127
4903,115,243,467,-128
4904,364,490,1088,-126
4905,115,241,465,-126
4906,330,460,1014,-130
4907,127,253,492,-126
4908,357,487,1075,-130
4909,335,464,1020,-129
4910,119,246,483,-127
4911,122,250,487,-128
4912,119,248,483,-129
4913,125,252,491,-127
4914,360,488,1077,-128
4915,355,483,1068,-128
4916,121,250,484,-129
4917,128,255,500,-127
4918,337,463,1022,-126
4919,331,458,1001,-127
4920,121,246,478,-125
4921,121,246,479,-125
4922,332,458,1003,-126
4923,116,242,467,-126
4924,349,476,1048,-127
4925,332,456,1001,-124
4926,119,245,477,-126
4927,118,243,469,-125
4928,422,665,1367,-243
4929,274,408,869,-134
4930,257,396,837,-139
4931,161,308,619,-147
4932,147,277,550,-130
4933,152,304,581,-152
4934,253,382,817,-129
4935,142,283,540,-141
4936,163,306,606,-143
4937,149,280,552,-131
4938,130,265,511,-135
4939,185,328,658,-143
4940,153,293,569,-140
4941,143,286,547,-143
4942,163,300,595,-137
4943,158,303,591,-145
4944,147,294,571,-147
4945,161,310,597,-149
4946,146,284,549,-138
4947,133,264,511,-131
4948,292,430,922,-138
4949,309,445,952,-136
4950,136,271,524,-135
4951,257,389,818,-132
4952,229,368,759,-139
4953,318,457,989,-139
4954,193,333,676,-140
4955,205,337,701,-132
4956,288,418,904,-130
4957,241,373,784,-132
4958,307,462,1013,-155
4959,299,448,951,-149
4960,314,451,979,-137
4961,203,349,707,-146
4962,254,389,822,-135
4963,223,368,768,-145
4964,193,339,683,-146
4965,241,430,903,-189
4966,355,535,1156,-180
4967,388,546,1174,-158
4968,290,441,922,-151
4969,257,415,853,-158
4970,275,435,904,-160
4971,273,428,889,-155
4972,172,326,628,-154
4973,173,333,638,-160
4974,157,324,623,-167
4975,167,320,624,-153
4976,176,334,650,-158
4977,187,348,688,-161
4978,175,332,639,-157
4979,180,335,654,-155
4980,170,326,634,-156
4981,174,332,632,-158
4982,185,341,668,-156
4983,155,315,614,-160
4984,166,319,617,-153
4985,159,312,603,-153
4986,177,331,654,-154
4987,183,339,670,-156
4988,179,334,650,-155
4989,183,344,679,-161
4990,176,331,638,-155
4991,171,327,639,-156
4992,171,322,624,-151
4993,161,313,605,-152
4994,166,325,632,-159
4995,182,338,662,-156
4996,147,297,572,-150
4997,157,320,609,-163
4998,155,310,587,-155
4999,134,295,548,-161
5000,155,301,579,-146
5001,354,641,1158,-287
5002,232,415,784,-183
5003,118,254,473,-136
5004,343,481,1040,-138
5005,119,257,477,-138
5006,358,484,1070,-126
5007,329,454,999,-125
5008,330,458,1005,-128
5009,119,246,476,-127
5010,120,247,475,-127
5011,121,247,478,-126
5012,127,254,501,-127
5013,289,418,910,-129
5014,121,250,479,-129
5015,117,243,473,-126
5016,358,484,1067,-126
5017,319,443,971,-124
5018,121,248,481,-127
5019,119,245,475,-126
5020,121,245,477,-124
5021,116,244,471,-128
5022,357,483,1068,-126
5023,269,396,851,-127
5024,121,248,483,-127
5025,116,243,471,-127
5026,345,473,1044,-128
5027,120,247,475,-127
5028,121,247,479,-126
5029,331,459,1008,-128
5030,119,245,475,-126
5031,288,417,898,-129
5032,355,484,1068,-129
5033,323,452,989,-129
5034,121,247,474,-126
5035,122,247,481,-125
5036,120,245,477,-125
5037,287,413,896,-126
5038,120,246,478,-126
5039,289,415,897,-126
5040,120,246,480,-126
5041,114,237,459,-123
5042,122,248,481,-126
5043,117,245,470,-128
5044,287,414,895,-127
5045,118,245,474,-127
5046,331,458,1007,-127
5047,115,243,463,-128
5048,119,246,479,-127
5049,113,239,457,-126
5050,119,246,477,-127
5051,289,415,898,-126
5052,119,245,473,-126
5053,122,249,484,-127
5054,331,459,1005,-128
5055,116,243,469,-127
5056,311,439,955,-128
5057,117,242,471,-125
5058,121,248,478,-127
5059,331,459,1005,-128
5060,121,251,484,-130
5061,331,458,1005,-127
5062,119,245,476,-126
5063,117,246,473,-129
5064,121,247,479,-126
5065,330,458,1004,-128
5066,114,240,465,-126
5067,290,417,904,-127
5068,115,244,469,-129
5069,111,239,461,-128
5070,288,415,896,-127
5071,113,238,461,-125
5072,348,474,1044,-126
5073,121,247,481,-126
5074,120,247,480,-127
5075,116,242,467,-126
5076,289,417,898,-128
5077,114,242,469,-128
5078,329,457,1002,-128
5079,112,240,459,-128
5080,285,411,893,-126
5081,111,240,463,-129
5082,290,417,900,-127
5083,115,241,465,-126
5084,289,413,896,-124
5085,119,246,476,-127
5086,289,415,901,-126
5087,118,244,476,-126
5088,120,247,477,-127
5089,119,244,473,-125
5090,289,416,900,-127
5091,117,243,469,-126
5092,120,247,478,-127
5093,120,245,473,-125
5094,121,245,477,-124
5095,330,460,1008,-130
5096,119,245,478,-126
5097,120,246,479,-126
5098,332,459,1012,-127
5099,117,245,474,-128
5100,120,248,481,-128
5101,357,655,1186,-298
5102,360,500,1095,-140
5103,250,395,812,-145
5104,178,355,656,-177
5105,200,348,698,-148
5106,191,339,694,-148
5107,153,309,571,-156
5108,156,315,598,-159
5109,242,374,792,-132
5110,147,280,558,-133
5111,149,282,563,-133
5112,142,287,565,-145
5113,544,897,1661,-353
5114,199,331,682,-132
5115,232,363,763,-131
5116,349,480,1058,-131
5117,126,258,502,-132
5118,127,261,499,-134
5119,129,261,508,-132
5120,123,255,492,-132
5121,122,252,481,-130
5122,130,261,512,-131
5123,122,254,484,-132
5124,121,250,487,-129
5125,128,260,500,-132
5126,121,253,487,-132
5127,133,264,520,-131
5128,126,257,500,-131
5129,129,262,510,-133
5130,125,255,496,-130
5131,125,257,500,-132
5132,129,262,500,-133
5133,128,259,504,-131
5134,124,256,499,-132
5135,126,256,492,-130
5136,121,257,491,-136
5137,126,259,498,-133
5138,120,253,485,-133
5139,127,260,506,-133
5140,123,255,492,-132
5141,122,257,498,-135
5142,123,257,494,-134
5143,117,251,485,-134
5144,125,260,500,-135
5145,123,253,493,-130
5146,122,254,496,-132
5147,123,254,493,-131
5148,124,257,494,-133
5149,123,254,487,-131
5150,123,253,491,-130
5151,120,252,486,-132
5152,125,255,493,-130
5153,121,254,490,-133
5154,122,254,486,-132
5155,122,254,489,-132
5156,120,252,484,-132
5157,124,255,493,-131
5158,125,260,504,-135
5159,121,252,489,-131
5160,123,254,496,-131
5161,122,255,490,-133
5162,126,259,508,-133
5163,122,252,491,-130
5164,122,253,489,-131
5165,121,253,490,-132
5166,125,257,499,-132
5167,124,257,492,-133
5168,125,258,501,-133
5169,121,254,490,-133
5170,126,260,502,-134
5171,120,254,493,-134
5172,122,255,492,-133
5173,119,253,492,-134
5174,122,253,485,-131
5175,122,254,487,-132
5176,124,257,498,-133
5177,123,256,497,-133
5178,121,255,500,-134
5179,123,254,488,-131
5180,120,252,484,-132
5181,123,255,491,-132
5182,121,254,485,-133
5183,123,255,492,-132
5184,125,256,495,-131
5185,121,253,487,-132
5186,123,256,492,-133
5187,121,253,490,-132
5188,123,255,490,-132
5189,122,256,492,-134
5190,125,258,501,-133
5191,120,253,488,-133
5192,121,255,494,-134
5193,120,254,491,-134
5194,127,259,504,-132
5195,122,253,488,-131
5196,122,254,494,-132
5197,119,252,489,-133
5198,122,256,489,-134
5199,123,253,492,-130
5200,123,257,496,-134
5201,374,658,1178,-284
5202,345,453,1010,-108
5203,102,212,409,-110
5204,290,397,878,-107
5205,269,377,823,-108
5206,342,450,1003,-108
5207,244,349,762,-105
5208,97,206,396,-109
5209,104,212,408,-108
5210,98,206,399,-108
5211,105,213,416,-108
5212,100,208,402,-108
5213,105,216,419,-111
5214,96,205,394,-109
5215,109,215,422,-106
5216,98,207,400,-109
5217,97,207,400,-110
5218,106,214,414,-108
5219,102,210,405,-108
5220,101,210,405,-109
5221,102,208,406,-106
5222,95,204,390,-109
5223,97,206,396,-109
5224,108,218,425,-110
5225,99,208,401,-109
5226,101,209,404,-108
5227,104,213,412,-109
5228,94,203,390,-109
5229,98,206,397,-108
5230,95,204,390,-109
5231,99,208,398,-109
5232,95,203,386,-108
5233,99,206,396,-107
5234,98,206,396,-108
5235,101,210,406,-109
5236,97,207,398,-110
5237,100,208,402,-108
5238,97,205,394,-108
5239,97,206,396,-109
5240,96,203,388,-107
5241,101,209,404,-108
5242,96,203,390,-107
5243,102,209,404,-107
5244,98,206,396,-108
5245,97,205,396,-108
5246,99,207,400,-108
5247,97,206,397,-109
5248,99,207,396,-108
5249,98,206,396,-108
5250,99,206,396,-107
5251,99,208,399,-109
5252,97,205,394,-108
5253,98,206,396,-108
5254,93,201,387,-108
5255,99,206,400,-107
5256,95,202,386,-107
5257,97,205,396,-108
5258,96,204,392,-108
5259,99,206,401,-107
5260,95,203,392,-108
5261,100,208,400,-108
5262,94,202,388,-108
5263,97,204,392,-107
5264,95,203,388,-108
5265,99,206,396,-107
5266,96,205,394,-109
5267,98,206,399,-108
5268,97,205,394,-108
5269,95,203,386,-108
5270,93,200,382,-107
5271,97,207,399,-110
5272,96,205,392,-109
5273,96,205,392,-109
5274,95,204,392,-109
5275,101,209,404,-108
5276,97,203,394,-106
5277,97,203,392,-106
5278,99,206,398,-107
5279,100,208,402,-108
5280,97,205,392,-108
5281,97,204,390,-107
5282,96,205,392,-109
5283,101,207,400,-106
5284,97,205,396,-108
5285,95,204,392,-109
5286,99,206,398,-107
5287,97,206,394,-109
5288,96,205,394,-109
5289,97,206,396,-109
5290,92,200,382,-108
5291,99,208,400,-109
5292,98,206,398,-108
5293,99,207,400,-108
5294,97,206,398,-109
5295,101,210,405,-109
5296,98,205,392,-107
5297,100,208,399,-108
5298,96,204,392,-108
5299,98,206,396,-108
5300,97,205,394,-108
5301,330,594,1050,-264
5302,270,464,896,-194
5303,96,195,376,-99
5304,268,367,808,-99
5305,260,358,788,-98
5306,91,194,374,-103
5307,275,376,831,-101
5308,246,347,760,-101
5309,90,191,367,-101
5310,89,191,366,-102
5311,226,327,705,-101
5312,90,191,368,-101
5313,92,192,371,-100
5314,90,191,366,-101
5315,93,195,374,-102
5316,291,393,874,-102
5317,242,341,740,-99
5318,93,192,371,-99
5319,95,193,374,-98
5320,248,350,762,-102
5321,89,191,368,-102
5322,93,191,370,-98
5323,94,196,378,-102
5324,241,341,746,-100
5325,91,192,370,-101
5326,93,194,376,-101
5327,92,194,376,-102
5328,92,191,373,-99
5329,92,192,371,-100
5330,93,192,367,-99
5331,91,191,372,-100
5332,88,189,362,-101
5333,279,380,839,-101
5334,90,191,368,-101
5335,93,194,372,-101
5336,91,191,370,-100
5337,94,194,375,-100
5338,92,193,369,-101
5339,92,193,375,-101
5340,250,350,768,-100
5341,92,192,369,-100
5342,92,192,371,-100
5343,244,344,755,-100
5344,91,193,369,-102
5345,93,193,373,-100
5346,92,190,371,-98
5347,273,371,820,-98
5348,92,193,374,-101
5349,274,375,827,-101
5350,91,191,372,-100
5351,92,192,372,-100
5352,89,190,364,-101
5353,92,193,375,-101
5354,92,193,371,-101
5355,245,344,753,-99
5356,92,195,372,-103
5357,94,195,374,-101
5358,91,191,368,-100
5359,93,195,374,-102
5360,93,195,376,-102
5361,89,191,366,-102
5362,91,194,375,-103
5363,227,328,709,-101
5364,92,195,372,-103
5365,92,192,374,-100
5366,89,191,368,-102
5367,91,190,365,-99
5368,84,216,420,-132
5369,85,176,339,-91
5370,214,305,664,-91
5371,82,172,331,-90
5372,210,300,652,-90
5373,84,177,337,-93
5374,79,170,321,-91
5375,83,175,338,-92
5376,81,174,333,-93
5377,86,178,342,-92
5378,83,174,339,-91
5379,243,332,735,-89
5380,83,176,339,-93
5381,86,178,341,-92
5382,85,176,339,-91
5383,242,332,734,-90
5384,84,173,332,-89
5385,239,331,725,-92
5386,83,176,335,-93
5387,86,175,341,-89
5388,210,302,655,-92
5389,84,175,341,-91
5390,220,313,681,-93
5391,81,171,330,-90
5392,232,325,715,-93
5393,82,175,335,-93
5394,79,170,323,-91
5395,84,174,338,-90
5396,226,316,690,-90
5397,83,173,335,-90
5398,82,175,337,-93
5399,83,174,335,-91
5400,233,325,713,-92
5401,274,507,896,-233
5402,129,210,434,-81
5403,74,155,302,-81
5404,214,294,648,-80
5405,82,163,317,-81
5406,74,154,295,-80
5407,79,159,311,-80
5408,73,152,292,-79
5409,80,160,313,-80
5410,75,156,300,-81
5411,81,162,315,-81
5412,74,154,296,-80
5413,79,159,309,-80
5414,74,155,299,-81
5415,81,161,315,-80
5416,74,155,298,-81
5417,79,161,311,-82
5418,73,154,297,-81
5419,79,158,309,-79
5420,73,154,298,-81
5421,76,156,302,-80
5422,74,154,296,-80
5423,77,157,303,-80
5424,78,159,309,-81
5425,76,157,306,-81
5426,71,153,290,-82
5427,71,151,292,-80
5428,80,161,313,-81
5429,76,158,305,-82
5430,78,160,312,-82
5431,76,155,303,-79
5432,74,154,299,-80
5433,77,158,307,-81
5434,79,161,318,-82
5435,75,157,303,-82
5436,80,161,313,-81
5437,78,158,308,-80
5438,76,158,302,-82
5439,74,157,301,-83
5440,73,153,293,-80
5441,80,161,313,-81
5442,73,155,298,-82
5443,80,161,314,-81
5444,75,155,299,-80
5445,79,161,311,-82
5446,76,159,307,-83
5447,75,157,301,-82
5448,74,154,300,-80
5449,75,154,298,-79
5450,82,161,313,-79
5451,75,155,301,-80
5452,74,155,299,-81
5453,76,158,307,-82
5454,76,156,303,-80
5455,83,163,322,-80
5456,72,155,299,-83
5457,76,157,305,-81
5458,81,161,313,-80
5459,74,157,300,-83
5460,80,160,311,-80
5461,75,156,303,-81
5462,73,154,299,-81
5463,78,159,309,-81
5464,73,155,299,-82
5465,80,160,315,-80
5466,73,155,300,-82
5467,80,161,312,-81
5468,74,152,292,-78
5469,77,155,302,-78
5470,76,158,303,-82
5471,76,156,303,-80
5472,72,152,293,-80
5473,76,156,303,-80
5474,71,152,293,-81
5475,84,162,321,-78
5476,71,152,293,-81
5477,80,161,317,-81
5478,74,154,295,-80
5479,81,162,315,-81
5480,72,154,294,-82
5481,75,157,300,-82
5482,77,158,307,-81
5483,77,157,301,-80
5484,74,153,297,-79
5485,76,155,301,-79
5486,74,155,299,-81
5487,82,164,319,-82
5488,74,153,295,-79
5489,78,159,311,-81
5490,74,155,299,-81
5491,79,160,313,-81
5492,73,154,296,-81
5493,79,160,314,-81
5494,73,155,299,-82
5495,77,158,307,-81
5496,74,155,299,-81
5497,80,161,317,-81
5498,75,157,305,-82
5499,74,154,299,-80
5500,73,154,294,-81
5501,261,504,878,-243
5502,255,417,825,-162
5503,246,336,737,-90
5504,135,225,459,-90
5505,96,179,353,-83
5506,161,249,522,-88
5507,123,207,424,-84
5508,151,239,494,-88
5509,127,209,433,-82
5510,100,181,363,-81
5511,88,167,333,-79
5512,187,275,587,-88
5513,98,183,354,-85
5514,92,172,337,-80
5515,153,250,514,-97
5516,101,192,374,-91
5517,171,263,548,-92
5518,149,241,501,-92
5519,127,225,455,-98
5520,100,189,370,-89
5521,92,176,347,-84
5522,127,209,431,-82
5523,88,175,337,-87
5524,87,165,327,-78
5525,90,169,337,-79
5526,90,177,350,-87
5527,95,176,349,-81
5528,91,178,343,-87
5529,97,191,367,-94
5530,84,176,335,-92
5531,96,188,378,-92
5532,149,241,510,-92
5533,89,173,338,-84
5534,161,243,518,-82
5535,94,180,355,-86
5536,92,177,344,-85
5537,92,181,348,-89
5538,88,174,341,-86
5539,101,194,386,-93
5540,88,179,343,-91
5541,170,275,577,-105
5542,92,183,356,-91
5543,154,246,506,-92
5544,97,195,374,-98
5545,105,202,394,-97
5546,168,266,550,-98
5547,115,212,410,-97
5548,175,270,562,-95
5549,116,210,422,-94
5550,105,206,405,-101
5551,114,210,413,-96
5552,109,208,402,-99
5553,104,199,386,-95
5554,100,199,383,-99
5555,100,197,378,-97
5556,112,206,398,-94
5557,100,195,379,-95
5558,106,207,404,-101
5559,112,207,408,-95
5560,105,199,390,-94
5561,113,215,410,-102
5562,109,209,409,-100
5563,113,207,409,-94
5564,115,208,408,-93
5565,109,210,414,-101
5566,110,204,404,-94
5567,108,204,396,-96
5568,107,203,394,-96
5569,110,209,404,-99
5570,107,202,396,-95
5571,109,205,404,-96
5572,113,210,408,-97
5573,112,207,406,-95
5574,109,206,400,-97
5575,223,379,741,-156
5576,168,262,545,-94
5577,154,252,516,-98
5578,186,287,595,-101
5579,97,195,371,-98
5580,171,274,559,-103
5581,92,191,361,-99
5582,95,194,367,-99
5583,162,259,532,-97
5584,116,205,413,-89
5585,165,261,543,-96
5586,190,290,603,-100
5587,107,205,402,-98
5588,113,210,411,-97
5589,123,220,438,-97
5590,189,283,597,-94
5591,111,212,416,-101
5592,112,206,406,-94
5593,103,202,390,-99
5594,177,276,575,-99
5595,117,212,419,-95
5596,109,206,402,-97
5597,114,208,411,-94
5598,187,291,618,-104
5599,135,233,472,-98
5600,119,216,427,-97
5601,207,394,692,-187
5602,161,245,506,-84
5603,72,153,282,-81
5604,222,303,658,-81
5605,68,145,280,-77
5606,76,151,297,-75
5607,70,147,287,-77
5608,197,272,595,-75
5609,199,272,599,-73
5610,72,146,284,-74
5611,70,145,278,-75
5612,208,284,623,-76
5613,206,281,617,-75
5614,73,149,292,-76
5615,69,144,276,-75
5616,71,146,283,-75
5617,71,144,278,-73
5618,70,144,279,-74
5619,70,144,282,-74
5620,72,145,282,-73
5621,77,182,337,-105
5622,77,183,335,-106
5623,77,178,341,-101
5624,76,209,341,-133
5625,71,147,285,-76
5626,74,150,293,-76
5627,73,148,286,-75
5628,75,153,297,-78
5629,71,148,287,-77
5630,73,151,288,-78
5631,71,149,287,-78
5632,74,151,290,-77
5633,73,149,287,-76
5634,73,150,288,-77
5635,73,149,289,-76
5636,73,150,290,-77
5637,72,149,288,-77
5638,72,149,290,-77
5639,69,146,280,-77
5640,71,149,286,-78
5641,71,148,287,-77
5642,73,151,294,-78
5643,71,147,285,-76
5644,72,150,290,-78
5645,69,146,281,-77
5646,73,150,288,-77
5647,72,149,287,-77
5648,74,150,290,-76
5649,68,145,278,-77
5650,73,149,291,-76
5651,71,147,282,-76
5652,73,151,293,-78
5653,71,147,284,-76
5654,73,149,290,-76
5655,70,146,278,-76
5656,73,149,288,-76
5657,69,146,281,-77
5658,73,150,290,-77
5659,70,146,283,-76
5660,74,150,290,-76
5661,69,147,278,-78
5662,73,150,295,-77
5663,69,146,282,-77
5664,73,149,291,-76
5665,68,146,279,-78
5666,73,150,294,-77
5667,71,146,283,-75
5668,74,150,292,-76
5669,69,146,280,-77
5670,73,149,291,-76
5671,69,146,278,-77
5672,72,149,291,-77
5673,69,146,278,-77
5674,71,148,288,-77
5675,69,146,281,-77
5676,73,149,288,-76
5677,68,145,280,-77
5678,74,150,291,-76
5679,70,146,280,-76
5680,74,150,292,-76
5681,69,144,277,-75
5682,75,151,288,-76
5683,70,146,284,-76
5684,72,150,291,-78
5685,70,146,280,-76
5686,73,149,289,-76
5687,71,148,284,-77
5688,74,149,288,-75
5689,70,146,283,-76
5690,72,150,288,-78
5691,69,147,280,-78
5692,72,150,293,-78
5693,68,145,278,-77
5694,73,150,291,-77
5695,69,146,280,-77
5696,73,149,288,-76
5697,70,147,283,-77
5698,75,150,293,-75
5699,70,147,282,-77
5700,72,148,289,-76
5701,205,364,693,-159
5702,234,425,743,-191
5703,151,239,500,-88
5704,87,175,341,-88
5705,95,177,356,-82
5706,88,179,337,-91
5707,89,171,333,-82
5708,144,237,483,-93
5709,139,228,461,-89
5710,171,266,543,-95
5711,143,222,464,-79
5712,92,180,356,-88
5713,138,218,453,-80
5714,135,220,459,-85
5715,197,289,622,-92
5716,94,205,418,-111
5717,102,193,374,-91
5718,93,184,343,-91
5719,153,241,510,-88
5720,219,308,671,-89
5721,180,269,565,-89
5722,85,164,319,-79
5723,126,204,425,-78
5724,107,186,376,-79
5725,150,228,484,-78
5726,143,226,471,-83
5727,140,224,469,-84
5728,132,221,453,-89
5729,131,212,438,-81
5730,151,229,487,-78
5731,86,166,323,-80
5732,90,179,362,-89
5733,149,230,483,-81
5734,94,174,346,-80
5735,92,176,349,-84
5736,163,262,532,-99
5737,90,168,337,-78
5738,87,170,335,-83
5739,145,229,481,-84
5740,133,218,449,-85
5741,223,317,681,-94
5742,182,279,585,-97
5743,167,259,538,-92
5744,111,205,402,-94
5745,111,207,413,-96
5746,99,192,370,-93
5747,112,209,408,-97
5748,97,192,367,-95
5749,110,207,401,-97
5750,111,203,407,-92
5751,110,213,421,-103
5752,103,197,380,-94
5753,108,202,395,-94
5754,112,208,407,-96
5755,106,196,388,-90
5756,108,205,402,-97
5757,108,204,394,-96
5758,110,206,400,-96
5759,108,200,394,-92
5760,106,206,405,-100
5761,110,207,412,-97
5762,110,206,400,-96
5763,111,206,406,-95
5764,106,200,390,-94
5765,145,234,479,-89
5766,140,232,465,-92
5767,159,250,518,-91
5768,161,256,522,-95
5769,90,182,351,-92
5770,97,192,370,-95
5771,101,200,388,-99
5772,95,188,363,-93
5773,148,240,489,-92
5774,113,216,415,-103
5775,213,309,654,-96
5776,210,303,650,-93
5777,226,316,685,-90
5778,155,248,514,-93
5779,109,202,402,-93
5780,96,190,366,-94
5781,164,258,537,-94
5782,107,200,396,-93
5783,109,203,398,-94
5784,109,199,394,-90
5785,111,207,404,-96
5786,109,201,400,-92
5787,109,199,392,-90
5788,107,201,394,-94
5789,110,206,399,-96
5790,108,204,402,-96
5791,108,207,402,-99
5792,108,202,396,-94
5793,111,206,404,-95
5794,107,201,392,-94
5795,107,202,394,-95
5796,109,205,406,-96
5797,110,204,402,-94
5798,109,203,396,-94
5799,97,191,368,-94
5800,109,201,400,-92
5801,189,416,650,-227
5802,83,170,341,-87
5803,185,266,575,-81
5804,178,271,575,-93
5805,120,194,404,-74
5806,207,289,628,-82
5807,205,294,630,-89
5808,148,229,475,-81
5809,89,173,337,-84
5810,138,221,461,-83
5811,192,268,587,-76
5812,167,242,524,-75
5813,189,265,579,-76
5814,158,236,502,-78
5815,194,278,597,-84
5816,202,281,612,-79
5817,141,220,464,-79
5818,88,166,325,-78
5819,79,153,302,-74
5820,90,169,334,-79
5821,123,200,415,-77
5822,124,203,417,-79
5823,86,173,334,-87
5824,165,246,524,-81
5825,213,294,642,-81
5826,151,227,481,-76
5827,139,232,473,-93
5828,81,165,313,-84
5829,124,218,441,-94
5830,85,163,318,-78
5831,79,164,313,-85
5832,90,172,334,-82
5833,101,181,358,-80
5834,93,180,347,-87
5835,107,195,384,-88
5836,128,237,485,-109
5837,131,220,445,-89
5838,186,261,571,-75
5839,174,261,570,-87
5840,197,283,609,-86
5841,125,211,427,-86
5842,80,158,307,-78
5843,147,224,479,-77
5844,94,174,347,-80
5845,195,284,607,-89
5846,164,245,520,-81
5847,90,170,331,-80
5848,145,226,477,-81
5849,181,268,565,-87
5850,185,272,592,-87
5851,96,177,349,-81
5852,81,164,315,-83
5853,194,279,609,-85
5854,183,269,571,-86
5855,498,586,1365,-88
5856,97,182,360,-85
5857,101,192,376,-91
5858,95,185,364,-90
5859,78,161,311,-83
5860,79,152,301,-73
5861,226,300,667,-74
5862,73,146,288,-73
5863,191,265,581,-74
5864,163,237,508,-74
5865,74,149,290,-75
5866,70,143,277,-73
5867,194,269,587,-75
5868,69,143,277,-74
5869,202,276,609,-74
5870,75,150,295,-75
5871,194,270,591,-76
5872,169,245,528,-76
5873,194,269,589,-75
5874,71,145,282,-74
5875,194,268,587,-74
5876,74,147,289,-73
5877,169,242,526,-73
5878,195,269,589,-74
5879,70,144,280,-74
5880,193,269,589,-76
5881,70,145,282,-75
5882,195,270,592,-75
5883,198,272,597,-74
5884,71,146,283,-75
5885,171,246,532,-75
5886,195,270,592,-75
5887,71,145,283,-74
5888,194,270,591,-76
5889,167,242,522,-75
5890,204,280,619,-76
5891,70,144,277,-74
5892,170,246,532,-76
5893,212,287,634,-75
5894,69,143,278,-74
5895,195,269,591,-74
5896,69,145,278,-76
5897,196,269,591,-73
5898,70,145,278,-75
5899,194,269,589,-75
5900,187,338,644,-151
5901,214,385,715,-171
5902,162,240,516,-78
5903,127,208,429,-81
5904,84,176,333,-92
5905,94,178,349,-84
5906,171,258,548,-87
5907,152,241,508,-89
5908,144,223,470,-79
5909,154,241,510,-87
5910,165,246,522,-81
5911,134,226,473,-92
5912,117,202,415,-85
5913,179,267,562,-88
5914,204,282,618,-78
5915,145,234,473,-89
5916,240,329,719,-89
5917,125,216,426,-91
5918,158,239,508,-81
5919,190,268,587,-78
5920,227,318,688,-91
5921,140,226,463,-86
5922,151,230,489,-79
5923,152,242,500,-90
5924,132,210,437,-78
5925,174,265,561,-91
5926,171,257,544,-86
5927,177,264,558,-87
5928,159,241,508,-82
5929,208,290,627,-82
5930,158,237,508,-79
5931,106,195,386,-89
5932,99,187,361,-88
5933,164,254,538,-90
5934,224,309,679,-85
5935,158,237,504,-79
5936,172,250,542,-78
5937,222,301,665,-79
5938,168,248,528,-80
5939,147,226,473,-79
5940,177,269,568,-92
5941,101,194,373,-93
5942,143,234,486,-91
5943,147,244,520,-97
5944,235,324,707,-89
5945,148,227,482,-79
5946,143,229,477,-86
5947,83,171,323,-88
5948,94,176,345,-82
5949,196,283,606,-87
5950,149,231,485,-82
5951,204,294,627,-90
5952,150,233,490,-83
5953,158,238,506,-80
5954,89,168,333,-79
5955,89,176,350,-87
5956,77,166,311,-89
5957,74,166,317,-92
5958,75,155,302,-80
5959,92,173,344,-81
5960,93,171,342,-78
5961,85,174,336,-89
5962,86,166,329,-80
5963,105,195,400,-90
5964,93,182,358,-89
5965,140,230,490,-90
5966,217,303,671,-86
5967,101,181,369,-80
5968,176,258,558,-82
5969,87,168,331,-81
5970,100,186,360,-86
5971,108,190,388,-82
5972,84,177,348,-93
5973,85,176,335,-91
5974,87,170,329,-83
5975,80,164,317,-84
5976,83,162,317,-79
5977,85,168,323,-83
5978,169,260,548,-91
5979,165,256,535,-91
5980,98,187,370,-89
5981,87,169,331,-82
5982,89,169,331,-80
5983,84,173,327,-89
5984,93,172,341,-79
5985,80,162,313,-82
5986,77,156,301,-79
5987,78,158,309,-80
5988,78,157,304,-79
5989,87,173,329,-86
5990,82,166,329,-84
5991,84,172,338,-88
5992,84,167,327,-83
5993,91,241,504,-150
5994,88,170,337,-82
5995,77,160,309,-83
5996,80,167,325,-87
5997,97,176,355,-79
5998,100,183,368,-83
5999,100,183,371,-83
6000,89,170,337,-81
6001,247,426,778,-179
6002,164,232,505,-68
6003,137,206,436,-69
6004,135,206,436,-71
6005,119,187,394,-68
6006,136,205,435,-69
6007,128,197,415,-69
6008,161,235,495,-74
6009,112,180,376,-68
6010,136,202,431,-66
6011,110,179,366,-69
6012,80,148,297,-68
6013,100,172,350,-72
6014,72,140,272,-68
6015,78,148,292,-70
6016,74,142,280,-68
6017,131,200,428,-69
6018,87,158,319,-71
6019,109,205,416,-96
6020,83,150,301,-67
6021,140,207,445,-67
6022,75,142,282,-67
6023,87,166,331,-79
6024,73,144,289,-71
6025,64,130,252,-66
6026,68,138,269,-70
6027,72,138,270,-66
6028,88,154,313,-66
6029,89,163,327,-74
6030,90,162,327,-72
6031,69,143,282,-74
6032,70,139,276,-69
6033,71,144,282,-73
6034,98,171,345,-73
6035,143,215,457,-72
6036,106,178,361,-72
6037,125,203,432,-78
6038,167,238,522,-71
6039,114,182,376,-68
6040,148,216,461,-68
6041,175,245,536,-70
6042,118,187,392,-69
6043,179,250,543,-71
6044,196,273,591,-77
6045,182,258,552,-76
6046,158,237,505,-79
6047,161,240,518,-79
6048,142,214,455,-72
6049,130,197,417,-67
6050,110,182,370,-72
6051,109,191,384,-82
6052,162,236,502,-74
6053,134,202,427,-68
6054,90,164,331,-74
6055,84,153,305,-69
6056,73,143,274,-70
6057,122,197,410,-75
6058,70,142,277,-72
6059,63,138,260,-75
6060,70,142,278,-72
6061,74,153,292,-79
6062,84,218,449,-134
6063,89,162,323,-73
6064,81,163,311,-82
6065,136,206,437,-70
6066,78,152,299,-74
6067,139,212,453,-73
6068,157,229,489,-72
6069,88,172,325,-84
6070,76,152,286,-76
6071,98,169,345,-71
6072,171,250,524,-79
6073,130,206,421,-76
6074,150,227,489,-77
6075,194,286,601,-92
6076,195,277,587,-82
6077,171,251,529,-80
6078,165,242,514,-77
6079,177,254,542,-77
6080,119,200,421,-81
6081,77,152,295,-75
6082,89,169,333,-80
6083,74,148,283,-74
6084,72,151,284,-79
6085,75,154,292,-79
6086,71,150,289,-79
6087,72,150,281,-78
6088,75,156,303,-81
6089,123,197,404,-74
6090,184,281,611,-97
6091,139,211,445,-72
6092,85,164,321,-79
6093,72,139,276,-67
6094,76,146,289,-70
6095,72,144,282,-72
6096,75,149,293,-74
6097,129,199,419,-70
6098,140,215,448,-75
6099,169,306,569,-137
6100,123,200,409,-77
6101,263,449,829,-186
6102,196,268,589,-72
6103,99,171,349,-72
6104,173,245,534,-72
6105,159,232,500,-73
6106,69,140,272,-71
6107,72,146,284,-74
6108,169,243,522,-74
6109,68,141,276,-73
6110,72,144,283,-72
6111,69,140,270,-71
6112,73,145,282,-72
6113,68,140,274,-72
6114,183,257,561,-74
6115,67,138,268,-71
6116,66,140,270,-74
6117,184,258,565,-74
6118,68,140,270,-72
6119,206,279,617,-73
6120,67,141,270,-74
6121,74,146,289,-72
6122,68,141,272,-73
6123,69,142,276,-73
6124,585,1164,2322,-579
6125,64,134,258,-70
6126,181,250,552,-69
6127,68,138,270,-70
6128,180,248,550,-68
6129,68,138,268,-70
6130,65,134,258,-69
6131,162,233,506,-71
6132,64,132,256,-68
6133,72,142,277,-70
6134,181,250,546,-69
6135,66,135,260,-69
6136,71,139,274,-68
6137,181,251,550,-70
6138,66,137,262,-71
6139,181,250,547,-69
6140,66,135,264,-69
6141,72,142,277,-70
6142,65,134,258,-69
6143,66,135,264,-69
6144,70,139,272,-69
6145,64,134,260,-70
6146,164,232,504,-68
6147,64,134,258,-70
6148,182,253,555,-71
6149,68,138,268,-70
6150,69,139,274,-70
6151,63,131,258,-68
6152,64,133,258,-69
6153,65,135,260,-70
6154,67,136,266,-69
6155,65,135,264,-70
6156,65,133,260,-68
6157,185,253,557,-68
6158,65,133,258,-68
6159,68,136,264,-68
6160,64,133,258,-69
6161,180,249,544,-69
6162,65,135,262,-70
6163,68,137,267,-69
6164,64,134,260,-70
6165,64,133,258,-69
6166,69,139,272,-70
6167,61,131,252,-70
6168,66,136,264,-70
6169,64,134,260,-70
6170,179,247,542,-68
6171,63,132,258,-69
6172,72,142,276,-70
6173,191,261,575,-70
6174,68,137,266,-69
6175,65,135,260,-70
6176,68,138,268,-70
6177,190,260,573,-70
6178,69,138,266,-69
6179,65,135,262,-70
6180,70,139,272,-69
6181,63,132,256,-69
6182,69,137,268,-68
6183,66,135,260,-69
6184,73,141,278,-68
6185,180,249,545,-69
6186,64,135,258,-71
6187,70,138,272,-68
6188,65,134,258,-69
6189,180,252,552,-72
6190,66,134,260,-68
6191,67,137,268,-70
6192,190,259,571,-69
6193,65,136,262,-71
6194,177,246,540,-69
6195,65,134,258,-69
6196,63,134,258,-71
6197,68,137,266,-69
6198,64,134,260,-70
6199,66,135,262,-69
6200,180,250,549,-70
6201,213,389,692,-176
6202,77,144,284,-67
6203,76,142,283,-66
6204,133,202,424,-69
6205,70,144,278,-74
6206,141,211,449,-70
6207,69,136,266,-67
6208,125,193,406,-68
6209,71,139,272,-68
6210,70,143,270,-73
6211,100,169,349,-69
6212,70,136,266,-66
6213,81,151,297,-70
6214,72,146,282,-74
6215,71,143,277,-72
6216,99,169,343,-70
6217,68,143,268,-75
6218,123,192,406,-69
6219,145,214,459,-69
6220,77,146,287,-69
6221,71,137,268,-66
6222,77,148,296,-71
6223,72,142,274,-70
6224,69,136,266,-67
6225,70,137,268,-67
6226,73,138,274,-65
6227,73,140,276,-67
6228,65,132,255,-67
6229,63,129,252,-66
6230,65,130,254,-65
6231,66,132,256,-66
6232,69,145,286,-76
6233,131,197,418,-66
6234,173,238,522,-65
6235,142,208,447,-66
6236,119,191,396,-72
6237,73,142,276,-69
6238,172,240,525,-68
6239,204,274,603,-70
6240,74,142,283,-68
6241,152,233,481,-81
6242,136,204,436,-68
6243,94,161,331,-67
6244,162,230,500,-68
6245,93,163,334,-70
6246,146,212,459,-66
6247,141,210,449,-69
6248,118,189,394,-71
6249,121,195,404,-74
6250,64,136,256,-72
6251,123,192,405,-69
6252,82,158,299,-76
6253,84,179,327,-95
6254,126,193,409,-67
6255,128,196,417,-68
6256,92,162,329,-70
6257,77,150,290,-73
6258,77,151,294,-74
6259,71,143,274,-72
6260,80,148,294,-68
6261,75,150,289,-75
6262,71,142,276,-71
6263,69,137,266,-68
6264,66,133,256,-67
6265,70,140,266,-70
6266,109,176,366,-67
6267,70,152,297,-82
6268,75,156,311,-81
6269,182,269,598,-87
6270,162,232,504,-70
6271,99,171,351,-72
6272,130,198,420,-68
6273,154,220,478,-66
6274,86,155,317,-69
6275,112,180,380,-68
6276,156,232,494,-76
6277,69,138,271,-69
6278,123,204,410,-81
6279,96,163,335,-67
6280,112,188,396,-76
6281,140,210,450,-70
6282,135,205,431,-70
6283,72,142,278,-70
6284,75,151,285,-76
6285,70,150,295,-80
6286,79,148,292,-69
6287,70,140,274,-70
6288,79,151,300,-72
6289,86,155,315,-69
6290,69,142,270,-73
6291,65,131,256,-66
6292,76,147,295,-71
6293,84,163,311,-79
6294,81,149,297,-68
6295,79,154,299,-75
6296,129,204,419,-75
6297,74,139,278,-65
6298,75,151,295,-76
6299,68,137,265,-69
6300,170,303,569,-133
6301,247,438,788,-191
6302,159,225,490,-66
6303,61,126,244,-65
6304,175,241,530,-66
6305,178,244,538,-66
6306,163,229,500,-66
6307,63,130,250,-67
6308,60,126,242,-66
6309,65,130,254,-65
6310,57,123,236,-66
6311,68,134,262,-66
6312,152,219,477,-67
6313,64,130,252,-66
6314,59,123,238,-64
6315,148,216,467,-68
6316,60,126,244,-66
6317,66,131,256,-65
6318,60,127,246,-67
6319,62,129,248,-67
6320,60,126,244,-66
6321,64,130,251,-66
6322,57,125,237,-68
6323,65,131,255,-66
6324,60,126,243,-66
6325,63,129,252,-66
6326,60,126,244,-66
6327,66,129,254,-63
6328,60,126,244,-66
6329,65,131,258,-66
6330,60,127,242,-67
6331,65,132,256,-67
6332,60,127,244,-67
6333,64,131,254,-67
6334,60,126,243,-66
6335,67,133,260,-66
6336,60,126,244,-66
6337,66,131,256,-65
6338,61,126,244,-65
6339,61,126,244,-65
6340,67,133,260,-66
6341,60,127,244,-67
6342,65,132,256,-67
6343,63,129,252,-66
6344,61,126,245,-65
6345,60,127,245,-67
6346,60,126,243,-66
6347,65,131,256,-66
6348,60,125,241,-65
6349,67,133,258,-66
6350,61,128,246,-67
6351,66,131,258,-65
6352,58,124,238,-66
6353,62,128,248,-66
6354,57,125,236,-68
6355,61,127,246,-66
6356,65,131,256,-66
6357,62,129,248,-67
6358,60,126,242,-66
6359,63,129,250,-66
6360,60,126,242,-66
6361,67,134,262,-67
6362,60,126,240,-66
6363,60,127,246,-67
6364,60,127,244,-67
6365,66,132,256,-66
6366,60,126,243,-66
6367,64,131,256,-67
6368,60,126,241,-66
6369,66,132,255,-66
6370,60,127,246,-67
6371,62,129,247,-67
6372,66,132,258,-66
6373,61,128,246,-67
6374,62,127,246,-65
6375,67,132,258,-65
6376,61,127,246,-66
6377,61,128,246,-67
6378,65,131,256,-66
6379,63,129,250,-66
6380,65,132,256,-67
6381,61,126,242,-65
6382,62,128,248,-66
6383,64,130,252,-66
6384,62,127,244,-65
6385,65,131,254,-66
6386,63,130,250,-67
6387,64,131,253,-67
6388,61,126,245,-65
6389,64,131,253,-67
6390,61,128,247,-67
6391,66,131,256,-65
6392,60,126,244,-66
6393,61,127,245,-66
6394,65,131,256,-66
6395,57,124,236,-67
6396,63,130,250,-67
6397,62,128,248,-66
6398,64,132,256,-68
6399,63,129,250,-66
6400,66,133,258,-67
6401,300,488,904,-188
6402,155,246,506,-91
6403,124,200,406,-76
6404,110,184,370,-74
6405,74,146,284,-72
6406,138,208,447,-70
6407,70,135,266,-65
6408,71,143,278,-72
6409,83,150,302,-67
6410,159,235,501,-76
6411,138,204,437,-66
6412,146,214,455,-68
6413,76,143,284,-67
6414,74,140,276,-66
6415,87,153,310,-66
6416,180,248,544,-68
6417,154,221,479,-67
6418,70,138,271,-68
6419,105,172,360,-67
6420,69,135,266,-66
6421,115,182,382,-67
6422,116,184,384,-68
6423,74,140,274,-66
6424,70,140,270,-70
6425,78,154,303,-76
6426,117,185,386,-68
6427,118,188,388,-70
6428,72,137,274,-65
6429,153,219,477,-66
6430,113,183,380,-70
6431,150,217,467,-67
6432,162,230,499,-68
6433,78,143,289,-65
6434,109,174,366,-65
6435,115,183,384,-68
6436,69,135,268,-66
6437,73,141,273,-68
6438,124,192,405,-68
6439,144,217,462,-73
6440,106,172,357,-66
6441,69,136,267,-67
6442,79,150,296,-71
6443,75,146,284,-71
6444,73,141,277,-68
6445,72,141,271,-69
6446,71,138,270,-67
6447,127,194,408,-67
6448,130,199,418,-69
6449,78,147,291,-69
6450,72,141,278,-69
6451,76,145,285,-69
6452,71,139,272,-68
6453,73,143,282,-70
6454,162,233,499,-71
6455,173,240,526,-67
6456,82,153,305,-71
6457,139,210,448,-71
6458,90,156,317,-66
6459,158,230,492,-72
6460,156,227,483,-71
6461,88,154,312,-66
6462,85,152,311,-67
6463,183,250,549,-67
6464,140,209,443,-69
6465,178,246,538,-68
6466,203,270,599,-67
6467,122,193,402,-71
6468,70,139,274,-69
6469,86,161,321,-75
6470,120,189,396,-69
6471,69,136,269,-67
6472,78,147,289,-69
6473,75,152,294,-77
6474,72,146,284,-74
6475,68,152,291,-84
6476,111,194,400,-83
6477,72,138,271,-66
6478,152,225,480,-73
6479,160,237,510,-77
6480,149,220,471,-71
6481,75,142,282,-67
6482,131,199,418,-68
6483,69,136,268,-67
6484,69,136,264,-67
6485,85,155,307,-70
6486,71,138,272,-67
6487,142,207,443,-65
6488,124,197,412,-73
6489,71,140,272,-69
6490,132,203,426,-71
6491,71,138,274,-67
6492,74,142,277,-68
6493,72,137,272,-65
6494,109,177,362,-68
6495,66,132,256,-66
6496,72,150,288,-78
6497,67,136,260,-69
6498,77,145,285,-68
6499,76,144,287,-68
6500,70,141,276,-71
6501,232,427,758,-195
6502,186,313,611,-127
6503,142,207,445,-65
6504,63,129,250,-66
6505,186,251,552,-65
6506,162,229,499,-67
6507,67,133,264,-66
6508,62,127,247,-65
6509,138,205,437,-67
6510,65,131,254,-66
6511,59,126,242,-67
6512,67,134,262,-67
6513,61,126,242,-65
6514,63,130,254,-67
6515,59,126,244,-67
6516,66,132,258,-66
6517,56,123,236,-67
6518,60,126,244,-66
6519,66,133,258,-67
6520,62,127,244,-65
6521,65,132,255,-67
6522,62,127,248,-65
6523,66,133,258,-67
6524,61,126,242,-65
6525,63,130,251,-67
6526,61,126,246,-65
6527,66,131,256,-65
6528,60,127,246,-67
6529,64,132,254,-68
6530,60,126,245,-66
6531,62,128,246,-66
6532,67,134,260,-67
6533,61,127,246,-66
6534,63,130,254,-67
6535,62,127,244,-65
6536,61,127,246,-66
6537,60,125,242,-65
6538,62,128,246,-66
6539,65,131,254,-66
6540,62,127,247,-65
6541,66,132,256,-66
6542,60,127,244,-67
6543,63,129,250,-66
6544,61,125,242,-64
6545,65,131,255,-66
6546,60,128,248,-68
6547,64,131,256,-67
6548,60,126,246,-66
6549,68,134,262,-66
6550,61,127,245,-66
6551,65,130,254,-65
6552,60,126,244,-66
6553,66,131,258,-65
6554,61,127,246,-66
6555,60,127,242,-67
6556,60,127,246,-67
6557,65,131,256,-66
6558,61,127,245,-66
6559,65,131,254,-66
6560,61,127,246,-66
6561,67,133,258,-66
6562,61,127,248,-66
6563,60,126,244,-66
6564,61,128,250,-67
6565,64,132,255,-68
6566,61,126,245,-65
6567,61,125,243,-64
6568,66,132,256,-66
6569,62,127,246,-65
6570,60,127,248,-67
6571,65,130,252,-65
6572,61,128,246,-67
6573,65,131,256,-66
6574,62,127,246,-65
6575,61,128,248,-67
6576,65,130,256,-65
6577,61,127,243,-66
6578,66,130,252,-64
6579,61,127,244,-66
6580,65,131,254,-66
6581,61,127,244,-66
6582,65,131,254,-66
6583,60,126,242,-66
6584,64,131,258,-67
6585,60,127,246,-67
6586,66,133,260,-67
6587,62,127,243,-65
6588,64,130,254,-66
6589,61,128,246,-67
6590,66,133,260,-67
6591,60,125,240,-65
6592,61,129,248,-68
6593,63,131,254,-68
6594,62,127,248,-65
6595,67,133,256,-66
6596,61,127,246,-66
6597,66,132,260,-66
6598,61,126,243,-65
6599,63,130,251,-67
6600,62,129,249,-67
6601,243,424,782,-181
6602,150,215,463,-65
6603,60,126,242,-66
6604,159,226,493,-67
6605,63,128,248,-65
6606,64,130,253,-66
6607,61,128,248,-67
6608,58,124,236,-66
6609,61,128,245,-67
6610,65,133,258,-68
6611,64,129,251,-65
6612,66,131,256,-65
6613,60,127,246,-67
6614,66,132,256,-66
6615,60,127,248,-67
6616,61,127,246,-66
6617,65,131,255,-66
6618,63,128,248,-65
6619,64,131,254,-67
6620,61,128,247,-67
6621,60,127,244,-67
6622,63,129,250,-66
6623,65,132,256,-67
6624,61,127,243,-66
6625,61,127,244,-66
6626,63,129,250,-66
6627,65,131,258,-66
6628,61,128,246,-67
6629,61,129,248,-68
6630,66,132,258,-66
6631,61,128,245,-67
6632,62,128,246,-66
6633,63,128,250,-65
6634,61,128,248,-67
6635,61,128,246,-67
6636,66,132,258,-66
6637,61,127,246,-66
6638,62,128,246,-66
6639,65,131,254,-66
6640,61,127,246,-66
6641,65,130,254,-65
6642,61,127,248,-66
6643,65,132,258,-67
6644,63,128,250,-65
6645,65,132,256,-67
6646,63,128,246,-65
6647,65,131,255,-66
6648,61,127,244,-66
6649,65,131,256,-66
6650,62,128,246,-66
6651,66,131,256,-65
6652,59,125,242,-66
6653,66,133,258,-67
6654,63,130,252,-67
6655,59,126,241,-67
6656,64,131,256,-67
6657,61,127,244,-66
6658,62,129,248,-67
6659,64,130,254,-66
6660,59,126,244,-67
6661,65,132,258,-67
6662,62,127,250,-65
6663,65,131,258,-66
6664,60,127,244,-67
6665,62,129,250,-67
6666,60,126,244,-66
6667,66,134,260,-68
6668,61,127,247,-66
6669,65,130,252,-65
6670,62,127,246,-65
6671,62,128,250,-66
6672,65,131,254,-66
6673,61,128,245,-67
6674,63,128,250,-65
6675,66,132,258,-66
6676,63,128,248,-65
6677,66,132,256,-66
6678,62,128,247,-66
6679,60,127,244,-67
6680,66,132,258,-66
6681,63,129,248,-66
6682,66,132,255,-66
6683,61,128,248,-67
6684,64,130,254,-66
6685,62,129,248,-67
6686,65,132,258,-67
6687,61,127,243,-66
6688,66,131,256,-65
6689,61,126,244,-65
6690,65,132,256,-67
6691,62,128,250,-66
6692,64,130,252,-66
6693,59,126,243,-67
6694,60,127,247,-67
6695,64,130,250,-66
6696,60,127,244,-67
6697,66,132,260,-66
6698,62,127,246,-65
6699,64,130,254,-66
6700,60,127,247,-67
6701,257,437,813,-180
6702,158,227,493,-69
6703,118,197,412,-79
6704,120,186,394,-66
6705,72,141,270,-69
6706,199,328,636,-129
6707,130,195,418,-65
6708,124,191,404,-67
6709,130,196,416,-66
6710,92,161,331,-69
6711,116,195,396,-79
6712,104,170,353,-66
6713,74,149,289,-75
6714,79,154,296,-75
6715,86,160,316,-74
6716,144,216,459,-72
6717,145,220,463,-75
6718,75,150,286,-75
6719,81,163,301,-82
6720,77,148,287,-71
6721,76,150,288,-74
6722,75,149,288,-74
6723,81,153,302,-72
6724,78,156,297,-78
6725,81,155,303,-74
6726,78,159,298,-81
6727,74,145,288,-71
6728,88,164,327,-76
6729,189,264,577,-75
6730,113,183,382,-70
6731,122,187,392,-65
6732,108,178,365,-70
6733,132,202,435,-70
6734,129,200,422,-71
6735,131,202,426,-71
6736,107,185,380,-78
6737,77,145,288,-68
6738,95,173,337,-78
6739,78,158,302,-80
6740,67,139,274,-72
6741,72,145,281,-73
6742,80,158,298,-78
6743,91,171,339,-80
6744,78,157,303,-79
6745,77,150,289,-73
6746,122,198,406,-76
6747,92,165,329,-73
6748,87,164,323,-77
6749,101,176,356,-75
6750,176,250,540,-74
6751,135,213,441,-78
6752,144,221,461,-77
6753,141,226,467,-85
6754,112,189,380,-77
6755,145,229,475,-84
6756,121,202,410,-81
6757,136,218,451,-82
6758,156,234,492,-78
6759,91,169,329,-78
6760,127,204,415,-77
6761,92,168,327,-76
6762,137,208,439,-71
6763,70,145,279,-75
6764,76,145,286,-69
6765,71,142,274,-71
6766,119,186,388,-67
6767,139,213,443,-74
6768,73,150,291,-77
6769,80,149,295,-69
6770,80,154,299,-74
6771,74,153,300,-79
6772,66,136,266,-70
6773,76,157,304,-81
6774,75,156,293,-81
6775,65,136,258,-71
6776,75,148,294,-73
6777,79,152,299,-73
6778,144,216,459,-72
6779,132,206,434,-74
6780,94,173,345,-79
6781,137,217,447,-80
6782,94,175,348,-81
6783,131,209,429,-78
6784,80,159,313,-79
6785,86,156,313,-70
6786,71,145,280,-74
6787,73,144,280,-71
6788,67,146,270,-79
6789,64,131,255,-67
6790,72,148,286,-76
6791,78,153,299,-75
6792,79,153,297,-74
6793,73,145,279,-72
6794,75,145,282,-70
6795,84,158,308,-74
6796,77,146,286,-69
6797,74,146,285,-72
6798,76,145,293,-69
6799,85,171,327,-86
6800,74,153,290,-79
6801,235,399,737,-164
6802,184,257,552,-73
6803,62,128,248,-66
6804,191,258,570,-67
6805,175,241,530,-66
6806,63,129,248,-66
6807,62,127,244,-65
6808,181,249,549,-68
6809,127,193,407,-66
6810,185,252,557,-67
6811,60,128,248,-68
6812,63,130,252,-67
6813,59,125,242,-66
6814,64,131,252,-67
6815,61,127,244,-66
6816,64,129,250,-65
6817,65,131,256,-66
6818,63,130,251,-67
6819,66,132,260,-66
6820,61,129,248,-68
6821,66,133,258,-67
6822,63,128,248,-65
6823,66,132,256,-66
6824,63,129,248,-66
6825,60,127,246,-67
6826,63,129,252,-66
6827,62,129,248,-67
6828,63,130,251,-67
6829,61,127,247,-66
6830,63,127,250,-64
6831,59,125,240,-66
6832,63,130,254,-67
6833,63,128,248,-65
6834,62,128,250,-66
6835,60,127,246,-67
6836,63,130,248,-67
6837,62,127,246,-65
6838,64,129,253,-65
6839,58,124,241,-66
6840,64,129,252,-65
6841,61,127,246,-66
6842,63,130,250,-67
6843,64,129,252,-65
6844,63,129,250,-66
6845,59,127,244,-68
6846,61,128,248,-67
6847,59,125,241,-66
6848,63,129,254,-66
6849,60,125,243,-65
6850,63,130,252,-67
6851,61,127,244,-66
6852,63,129,248,-66
6853,63,129,250,-66
6854,63,129,250,-66
6855,61,128,248,-67
6856,62,129,250,-67
6857,59,126,242,-67
6858,63,129,250,-66
6859,61,127,247,-66
6860,64,129,249,-65
6861,60,126,244,-66
6862,63,130,250,-67
6863,58,125,240,-67
6864,63,128,250,-65
6865,60,126,240,-66
6866,63,129,252,-66
6867,64,128,250,-64
6868,64,130,250,-66
6869,60,126,243,-66
6870,63,130,251,-67
6871,61,127,245,-66
6872,63,129,249,-66
6873,60,127,246,-67
6874,63,131,252,-68
6875,62,127,244,-65
6876,62,128,250,-66
6877,62,129,252,-67
6878,63,129,250,-66
6879,60,127,246,-67
6880,63,130,252,-67
6881,60,126,242,-66
6882,63,130,250,-67
6883,63,128,251,-65
6884,63,130,254,-67
6885,61,127,246,-66
6886,63,130,252,-67
6887,64,129,250,-65
6888,64,130,252,-66
6889,60,126,244,-66
6890,62,130,250,-68
6891,61,128,248,-67
6892,63,130,250,-67
6893,60,127,242,-67
6894,63,130,250,-67
6895,59,125,241,-66
6896,63,131,252,-68
6897,62,127,248,-65
6898,64,130,254,-66
6899,62,129,248,-67
6900,62,129,250,-67
6901,192,370,658,-178
6902,66,153,258,-87
6903,191,263,572,-72
6904,61,133,244,-72
6905,181,247,542,-66
6906,61,128,246,-67
6907,64,130,252,-66
6908,179,324,616,-145
6909,86,166,323,-80
6910,73,147,284,-74
6911,76,149,295,-73
6912,78,155,300,-77
6913,78,148,295,-70
6914,141,210,449,-69
6915,140,213,455,-73
6916,134,210,439,-76
6917,73,151,288,-78
6918,122,200,406,-78
6919,158,227,488,-69
6920,126,199,412,-73
6921,96,165,337,-69
6922,107,172,361,-65
6923,79,150,293,-71
6924,115,184,384,-69
6925,183,261,561,-78
6926,164,236,510,-72
6927,191,262,579,-71
6928,112,189,388,-77
6929,131,203,425,-72
6930,82,161,307,-79
6931,189,265,575,-76
6932,124,203,413,-79
6933,136,211,442,-75
6934,81,161,313,-80
6935,143,214,459,-71
6936,136,207,437,-71
6937,110,179,366,-69
6938,123,200,410,-77
6939,104,179,371,-75
6940,139,215,449,-76
6941,98,170,350,-72
6942,78,152,299,-74
6943,153,225,485,-72
6944,145,225,461,-80
6945,140,210,447,-70
6946,137,202,431,-65
6947,129,204,430,-75
6948,69,137,266,-68
6949,128,197,414,-69
6950,140,216,445,-76
6951,83,152,298,-69
6952,109,188,386,-79
6953,140,218,457,-78
6954,150,230,478,-80
6955,147,221,467,-74
6956,163,235,506,-72
6957,111,201,398,-90
6958,83,166,323,-83
6959,96,177,353,-81
6960,96,175,345,-79
6961,95,172,339,-77
6962,95,177,343,-82
6963,94,176,341,-82
6964,96,179,354,-83
6965,93,178,347,-85
6966,92,171,336,-79
6967,95,174,340,-79
6968,91,172,331,-81
6969,83,166,319,-83
6970,84,167,321,-83
6971,82,162,308,-80
6972,82,163,311,-81
6973,87,167,323,-80
6974,98,181,353,-83
6975,95,177,348,-82
6976,93,175,343,-82
6977,95,177,347,-82
6978,93,180,354,-87
6979,94,178,345,-84
6980,88,172,327,-84
6981,89,168,329,-79
6982,94,174,343,-80
6983,96,177,345,-81
6984,121,200,405,-79
6985,98,180,350,-82
6986,142,226,465,-84
6987,82,167,321,-85
6988,140,227,455,-87
6989,82,165,317,-83
6990,144,229,479,-85
6991,110,187,377,-77
6992,88,169,329,-81
6993,90,172,333,-82
6994,94,172,341,-78
6995,87,166,325,-79
6996,87,170,329,-83
6997,88,175,337,-87
6998,75,152,289,-77
6999,77,155,300,-78
7000,88,166,317,-78
7001,185,350,611,-165
7002,63,153,264,-90
7003,180,260,559,-80
7004,59,131,240,-72
7005,175,258,531,-83
7006,173,244,524,-71
7007,63,129,248,-66
7008,61,128,246,-67
7009,186,252,558,-66
7010,149,214,465,-65
7011,124,197,404,-73
7012,172,237,522,-65
7013,63,129,251,-66
7014,59,125,240,-66
7015,64,131,254,-67
7016,63,130,252,-67
7017,152,216,469,-64
7018,62,127,246,-65
7019,62,127,247,-65
7020,151,217,469,-66
7021,59,127,243,-68
7022,150,217,469,-67
7023,59,126,243,-67
7024,60,126,245,-66
7025,60,127,244,-67
7026,60,126,244,-66
7027,59,125,238,-66
7028,61,127,244,-66
7029,154,222,483,-68
7030,61,126,244,-65
7031,150,217,473,-67
7032,62,129,250,-67
7033,149,216,468,-67
7034,61,128,246,-67
7035,59,125,244,-66
7036,61,127,244,-66
7037,59,126,244,-67
7038,62,128,248,-66
7039,150,216,469,-66
7040,61,128,248,-67
7041,64,130,253,-66
7042,172,239,522,-67
7043,60,127,244,-67
7044,61,127,246,-66
7045,60,127,244,-67
7046,64,130,253,-66
7047,175,241,534,-66
7048,61,128,249,-67
7049,62,128,247,-66
7050,60,127,243,-67
7051,64,130,252,-66
7052,152,217,469,-65
7053,61,127,244,-66
7054,61,128,246,-67
7055,61,127,244,-66
7056,61,127,244,-66
7057,152,219,473,-67
7058,61,128,248,-67
7059,58,125,240,-67
7060,62,128,248,-66
7061,176,242,532,-66
7062,60,126,244,-66
7063,61,126,242,-65
7064,62,127,248,-65
7065,139,206,441,-67
7066,61,128,247,-67
7067,152,218,471,-66
7068,62,127,245,-65
7069,62,127,245,-65
7070,149,215,467,-66
7071,60,127,245,-67
7072,62,128,245,-66
7073,59,126,243,-67
7074,62,129,247,-67
7075,61,128,246,-67
7076,61,128,248,-67
7077,63,129,250,-66
7078,176,242,532,-66
7079,61,127,246,-66
7080,148,216,467,-68
7081,63,129,250,-66
7082,173,240,526,-67
7083,60,126,243,-66
7084,151,217,469,-66
7085,60,127,247,-67
7086,61,129,250,-68
7087,149,216,469,-67
7088,61,126,245,-65
7089,60,126,241,-66
7090,62,129,248,-67
7091,149,216,465,-67
7092,61,127,245,-66
7093,60,126,245,-66
7094,63,129,250,-66
7095,138,204,439,-66
7096,60,126,244,-66
7097,60,128,250,-68
7098,139,205,439,-66
7099,60,127,244,-67
7100,170,238,522,-68
7101,200,308,628,-108
7102,73,148,274,-75
7103,63,131,250,-68
7104,184,252,557,-68
7105,64,132,256,-68
7106,65,132,258,-67
7107,66,133,260,-67
7108,64,131,253,-67
7109,168,297,567,-129
7110,84,161,311,-77
7111,141,222,459,-81
7112,111,198,404,-87
7113,152,230,485,-78
7114,114,197,398,-83
7115,90,166,327,-76
7116,92,175,345,-83
7117,81,156,311,-75
7118,90,166,333,-76
7119,84,160,311,-76
7120,101,173,354,-72
7121,123,203,410,-80
7122,147,233,489,-86
7123,132,207,435,-75
7124,176,257,547,-81
7125,193,267,585,-74
7126,119,198,411,-79
7127,101,191,378,-90
7128,81,158,306,-77
7129,148,226,473,-78
7130,92,173,345,-81
7131,80,154,298,-74
7132,95,175,355,-80
7133,78,155,305,-77
7134,92,164,333,-72
7135,89,162,327,-73
7136,119,194,402,-75
7137,94,177,341,-83
7138,143,216,455,-73
7139,183,258,561,-75
7140,189,267,579,-78
7141,83,159,312,-76
7142,150,233,483,-83
7143,122,204,412,-82
7144,120,206,417,-86
7145,95,173,339,-78
7146,121,198,406,-77
7147,135,217,459,-82
7148,157,234,498,-77
7149,89,171,337,-82
7150,94,179,345,-85
7151,95,181,353,-86
7152,86,174,329,-88
7153,98,186,367,-88
7154,93,177,341,-84
7155,91,177,337,-86
7156,101,188,368,-87
7157,137,223,455,-86
7158,140,225,463,-85
7159,156,242,503,-86
7160,95,183,356,-88
7161,102,189,372,-87
7162,97,183,357,-86
7163,102,189,369,-87
7164,86,176,339,-90
7165,89,176,339,-87
7166,88,174,333,-86
7167,89,175,333,-86
7168,97,180,353,-83
7169,94,185,359,-91
7170,98,184,362,-86
7171,99,188,367,-89
7172,102,192,378,-90
7173,98,187,363,-89
7174,102,188,370,-86
7175,98,186,360,-88
7176,85,172,330,-87
7177,138,225,463,-87
7178,94,186,362,-92
7179,84,176,338,-92
7180,83,172,325,-89
7181,82,167,315,-85
7182,81,172,319,-91
7183,87,174,331,-87
7184,84,183,335,-99
7185,134,218,441,-84
7186,159,245,514,-86
7187,196,294,612,-98
7188,159,246,514,-87
7189,101,192,372,-91
7190,155,242,504,-87
7191,89,174,339,-85
7192,90,180,351,-90
7193,92,176,341,-84
7194,92,178,346,-86
7195,91,176,342,-85
7196,87,176,333,-89
7197,170,261,546,-91
7198,131,215,441,-84
7199,101,189,370,-88
7200,97,184,359,-87
7201,165,364,587,-199
7202,153,262,520,-109
7203,79,153,301,-74
7204,210,300,650,-90
7205,72,161,301,-89
7206,222,303,660,-81
7207,70,153,282,-83
7208,210,282,628,-72
7209,131,219,433,-88
7210,71,146,284,-75
7211,74,150,290,-76
7212,193,267,587,-74
7213,71,147,285,-76
7214,123,197,410,-74
7215,182,255,555,-73
7216,70,144,278,-74
7217,75,149,292,-74
7218,68,144,274,-76
7219,76,152,294,-76
7220,204,277,614,-73
7221,74,148,289,-74
7222,69,143,278,-74
7223,72,146,283,-74
7224,68,143,274,-75
7225,73,147,288,-74
7226,70,145,282,-75
7227,74,148,288,-74
7228,68,143,274,-75
7229,74,149,289,-75
7230,69,143,280,-74
7231,74,147,289,-73
7232,70,143,280,-73
7233,74,148,288,-74
7234,70,145,280,-75
7235,73,146,286,-73
7236,70,145,279,-75
7237,68,143,274,-75
7238,69,144,278,-75
7239,716,1229,2748,-513
7240,64,151,282,-87
7241,67,140,270,-73
7242,69,143,276,-74
7243,68,140,270,-72
7244,73,145,284,-72
7245,66,139,268,-73
7246,66,137,266,-71
7247,67,139,268,-72
7248,71,145,283,-74
7249,69,141,272,-72
7250,72,145,284,-73
7251,67,140,272,-73
7252,72,144,279,-72
7253,68,140,269,-72
7254,70,143,280,-73
7255,66,137,266,-71
7256,66,139,270,-73
7257,67,139,270,-72
7258,70,143,280,-73
7259,67,140,270,-73
7260,70,145,281,-75
7261,65,138,264,-73
7262,70,143,276,-73
7263,73,145,284,-72
7264,68,142,272,-74
7265,70,144,281,-74
7266,66,141,268,-75
7267,73,145,282,-72
7268,70,143,278,-73
7269,71,144,279,-73
7270,65,139,269,-74
7271,67,141,273,-74
7272,70,143,278,-73
7273,66,137,268,-71
7274,71,144,278,-73
7275,66,139,270,-73
7276,69,143,277,-74
7277,66,138,267,-72
7278,69,142,278,-73
7279,68,141,272,-73
7280,70,144,282,-74
7281,66,141,268,-75
7282,69,143,280,-74
7283,66,139,269,-73
7284,67,141,273,-74
7285,72,145,282,-73
7286,66,138,268,-72
7287,74,148,292,-74
7288,67,140,269,-73
7289,71,144,282,-73
7290,66,139,268,-73
7291,67,140,268,-73
7292,71,145,280,-74
7293,66,139,268,-73
7294,72,144,281,-72
7295,66,140,268,-74
7296,72,143,280,-71
7297,66,139,268,-73
7298,66,139,266,-73
7299,71,145,280,-74
7300,67,140,270,-73
7301,233,381,755,-148
7302,188,264,572,-76
7303,205,282,618,-77
7304,171,248,536,-77
7305,207,282,624,-75
7306,71,148,287,-77
7307,75,152,294,-77
7308,72,149,290,-77
7309,76,152,295,-76
7310,216,290,644,-74
7311,192,374,703,-182
7312,153,238,500,-85
7313,164,250,530,-86
7314,163,257,542,-94
7315,188,287,602,-99
7316,159,247,518,-88
7317,165,254,534,-89
7318,137,221,465,-84
7319,180,264,569,-84
7320,93,189,373,-96
7321,145,235,491,-90
7322,219,311,666,-92
7323,196,300,644,-104
7324,232,314,693,-82
7325,127,221,436,-94
7326,193,281,605,-88
7327,124,217,433,-93
7328,166,253,534,-87
7329,160,246,524,-86
7330,113,208,414,-95
7331,166,263,541,-97
7332,138,218,453,-80
7333,99,196,382,-97
7334,91,174,348,-83
7335,92,176,349,-84
7336,94,175,345,-81
7337,157,238,508,-81
7338,180,264,565,-84
7339,127,217,449,-90
7340,116,213,410,-97
7341,96,180,362,-84
7342,98,183,364,-85
7343,90,176,350,-86
7344,135,216,447,-81
7345,101,188,378,-87
7346,99,186,376,-87
7347,162,243,518,-81
7348,205,306,631,-101
7349,226,322,688,-96
7350,120,207,422,-87
7351,113,208,421,-95
7352,209,308,652,-99
7353,146,248,501,-102
7354,118,219,439,-101
7355,177,276,571,-99
7356,108,202,394,-94
7357,175,273,565,-98
7358,109,210,409,-101
7359,170,267,552,-97
7360,235,332,723,-97
7361,184,283,585,-99
7362,218,313,669,-95
7363,219,319,672,-100
7364,166,263,544,-97
7365,110,206,404,-96
7366,108,209,408,-101
7367,112,214,425,-102
7368,104,204,392,-100
7369,110,204,404,-94
7370,116,213,416,-97
7371,105,201,394,-96
7372,105,199,388,-94
7373,109,207,402,-98
7374,112,207,410,-95
7375,102,200,383,-98
7376,96,187,354,-91
7377,150,242,497,-92
7378,160,265,536,-105
7379,152,253,505,-101
7380,142,243,494,-101
7381,232,326,711,-94
7382,189,286,605,-97
7383,193,288,616,-95
7384,130,226,453,-96
7385,112,211,404,-99
7386,186,282,591,-96
7387,108,203,396,-95
7388,109,210,414,-101
7389,110,204,400,-94
7390,104,203,390,-99
7391,108,199,390,-91
7392,110,209,405,-99
7393,115,213,421,-98
7394,113,208,406,-95
7395,109,205,401,-96
7396,111,213,417,-102
7397,124,219,436,-95
7398,102,198,382,-96
7399,105,202,392,-97
7400,97,193,368,-96
7401,226,454,766,-228
7402,132,256,489,-124
7403,161,327,630,-166
7404,202,338,715,-136
7405,137,256,490,-119
7406,95,193,354,-98
7407,96,214,382,-118
7408,99,199,367,-100
7409,97,199,362,-102
7410,87,179,338,-92
7411,87,172,333,-85
7412,88,170,337,-82
7413,89,171,337,-82
7414,87,173,333,-86
7415,88,174,335,-86
7416,87,171,337,-84
7417,123,247,520,-124
7418,157,350,598,-193
7419,159,348,599,-189
7420,102,198,384,-96
7421,137,223,463,-86
7422,93,337,735,-244
7423,105,190,384,-85
7424,141,228,477,-87
7425,135,217,451,-82
7426,154,246,510,-92
7427,242,335,727,-93
7428,175,267,560,-92
7429,130,219,449,-89
7430,139,225,469,-86
7431,107,205,398,-98
7432,177,274,569,-97
7433,190,284,601,-94
7434,89,173,338,-84
7435,104,199,390,-95
7436,225,314,687,-89
7437,213,298,650,-85
7438,130,227,453,-97
7439,159,250,518,-91
7440,174,266,561,-92
7441,196,287,605,-91
7442,233,328,715,-95
7443,205,301,643,-96
7444,187,282,587,-95
7445,165,259,537,-94
7446,104,203,390,-99
7447,104,203,392,-99
7448,101,185,368,-84
7449,176,275,565,-99
7450,202,295,638,-93
7451,196,292,615,-96
7452,187,285,597,-98
7453,187,288,595,-101
7454,262,361,794,-99
7455,102,194,371,-92
7456,113,207,415,-94
7457,90,180,346,-90
7458,151,238,498,-87
7459,124,251,516,-127
7460,134,234,471,-100
7461,109,204,401,-95
7462,136,236,484,-100
7463,121,216,428,-95
7464,147,246,510,-99
7465,178,272,565,-94
7466,94,182,357,-88
7467,387,476,1088,-89
7468,268,352,788,-84
7469,226,310,681,-84
7470,223,308,676,-85
7471,79,164,314,-85
7472,78,161,312,-83
7473,78,162,315,-84
7474,74,157,301,-83
7475,104,206,421,-102
7476,75,158,305,-83
7477,80,164,315,-84
7478,76,161,311,-85
7479,82,165,323,-83
7480,74,159,305,-85
7481,78,158,306,-80
7482,79,162,311,-83
7483,77,162,315,-85
7484,76,158,307,-82
7485,79,162,316,-83
7486,77,160,313,-83
7487,78,162,310,-84
7488,81,164,321,-83
7489,79,161,316,-82
7490,79,164,319,-85
7491,78,163,312,-85
7492,73,158,301,-85
7493,79,161,313,-82
7494,78,160,309,-82
7495,80,162,315,-82
7496,80,164,317,-84
7497,80,164,317,-84
7498,79,165,321,-86
7499,78,161,313,-83
7500,79,162,313,-83
7501,314,556,1015,-242
7502,246,334,737,-88
7503,227,314,688,-87
7504,241,329,729,-88
7505,82,169,329,-87
7506,236,325,715,-89
7507,236,380,762,-144
7508,85,173,337,-88
7509,233,320,703,-87
7510,232,320,703,-88
7511,155,242,509,-87
7512,142,230,478,-88
7513,83,171,331,-88
7514,88,176,343,-88
7515,81,169,327,-88
7516,202,290,627,-88
7517,84,171,335,-87
7518,85,172,333,-87
7519,85,172,335,-87
7520,200,288,624,-88
7521,84,174,333,-90
7522,84,173,333,-89
7523,81,168,325,-87
7524,85,172,335,-87
7525,83,172,331,-89
7526,85,173,335,-88
7527,232,321,705,-89
7528,83,172,331,-89
7529,85,172,335,-87
7530,83,172,335,-89
7531,82,172,331,-90
7532,87,175,337,-88
7533,83,171,333,-88
7534,84,172,331,-88
7535,85,174,335,-89
7536,232,319,703,-87
7537,79,168,321,-89
7538,82,173,333,-91
7539,84,171,333,-87
7540,201,292,630,-91
7541,82,169,329,-87
7542,230,320,701,-90
7543,82,170,329,-88
7544,84,172,333,-88
7545,82,169,327,-87
7546,83,170,331,-87
7547,231,319,701,-88
7548,83,171,335,-88
7549,81,170,325,-89
7550,84,171,333,-87
7551,232,321,703,-89
7552,84,172,333,-88
7553,80,170,325,-90
7554,231,320,701,-89
7555,79,167,321,-88
7556,230,318,697,-88
7557,81,170,327,-89
7558,83,170,331,-87
7559,232,320,703,-88
7560,83,172,333,-89
7561,82,170,327,-88
7562,84,173,333,-89
7563,83,170,331,-87
7564,201,291,630,-90
7565,78,166,319,-88
7566,201,288,624,-87
7567,82,170,329,-88
7568,83,173,335,-90
7569,81,170,327,-89
7570,84,173,335,-89
7571,231,319,701,-88
7572,84,173,337,-89
7573,82,170,327,-88
7574,200,289,625,-89
7575,78,166,321,-88
7576,219,306,668,-87
7577,84,171,331,-87
7578,83,173,335,-90
7579,80,169,325,-89
7580,83,172,335,-89
7581,82,171,329,-89
7582,208,297,644,-89
7583,82,170,327,-88
7584,84,171,333,-87
7585,81,170,329,-89
7586,82,170,329,-88
7587,200,288,623,-88
7588,85,173,337,-88
7589,232,320,703,-88
7590,85,173,337,-88
7591,81,169,327,-88
7592,83,172,335,-89
7593,82,169,327,-87
7594,85,172,335,-87
7595,78,168,321,-90
7596,216,306,666,-90
7597,84,172,335,-88
7598,217,306,666,-89
7599,79,167,325,-88
7600,87,174,340,-87
7601,159,336,557,-177
7602,187,256,563,-69
7603,181,250,549,-69
7604,62,131,256,-69
7605,62,132,254,-70
7606,68,137,264,-69
7607,69,138,270,-69
7608,66,135,262,-69
7609,72,139,274,-67
7610,65,135,260,-70
7611,70,140,276,-70
7612,64,135,258,-71
7613,68,138,268,-70
7614,65,134,264,-69
7615,70,138,272,-68
7616,67,137,266,-70
7617,68,138,267,-70
7618,65,134,260,-69
7619,66,137,266,-71
7620,65,134,260,-69
7621,69,138,270,-69
7622,65,136,262,-71
7623,70,141,272,-71
7624,65,134,260,-69
7625,67,136,264,-69
7626,68,137,266,-69
7627,69,137,268,-68
7628,62,131,252,-69
7629,63,132,254,-69
7630,64,133,258,-69
7631,63,132,256,-69
7632,68,137,266,-69
7633,63,133,256,-70
7634,64,133,258,-69
7635,64,132,256,-68
7636,62,133,254,-71
7637,64,132,254,-68
7638,63,133,254,-70
7639,64,134,260,-70
7640,70,140,272,-70
7641,64,135,258,-71
7642,69,138,269,-69
7643,64,133,254,-69
7644,68,137,266,-69
7645,65,134,255,-69
7646,70,138,268,-68
7647,63,134,256,-71
7648,70,141,275,-71
7649,65,135,260,-70
7650,71,140,274,-69
7651,63,133,256,-70
7652,64,132,258,-68
7653,67,137,266,-70
7654,63,132,254,-69
7655,62,132,254,-70
7656,70,139,270,-69
7657,65,133,256,-68
7658,68,138,270,-70
7659,62,133,254,-71
7660,64,135,260,-71
7661,69,138,268,-69
7662,64,135,260,-71
7663,70,140,276,-70
7664,64,134,258,-70
7665,67,136,266,-69
7666,64,133,256,-69
7667,67,138,270,-71
7668,63,131,254,-68
7669,70,139,272,-69
7670,64,133,258,-69
7671,67,137,266,-70
7672,63,132,254,-69
7673,68,139,268,-71
7674,64,135,258,-71
7675,68,136,264,-68
7676,65,135,260,-70
7677,67,138,269,-71
7678,64,133,256,-69
7679,65,135,260,-70
7680,69,139,271,-70
7681,65,133,260,-68
7682,68,137,266,-69
7683,64,132,258,-68
7684,69,139,268,-70
7685,63,134,258,-71
7686,69,138,268,-69
7687,63,132,254,-69
7688,63,132,256,-69
7689,63,133,256,-70
7690,69,138,268,-69
7691,63,135,260,-72
7692,64,133,256,-69
7693,68,138,269,-70
7694,65,133,258,-68
7695,62,133,256,-71
7696,69,138,268,-69
7697,64,132,256,-68
7698,64,133,258,-69
7699,69,137,268,-68
7700,61,132,254,-71
7701,192,363,660,-171
7702,178,324,596,-146
7703,143,219,455,-76
7704,89,171,325,-82
7705,87,158,321,-71
7706,75,146,287,-71
7707,135,209,443,-74
7708,83,164,325,-81
7709,178,297,575,-119
7710,137,219,449,-82
7711,173,250,533,-77
7712,91,167,335,-76
7713,73,140,276,-67
7714,86,160,317,-74
7715,119,186,390,-67
7716,101,172,347,-71
7717,149,234,496,-85
7718,90,169,328,-79
7719,127,201,420,-74
7720,133,212,447,-79
7721,134,206,430,-72
7722,144,217,465,-73
7723,122,188,396,-66
7724,155,231,490,-76
7725,170,241,522,-71
7726,141,208,447,-67
7727,147,219,471,-72
7728,112,187,390,-75
7729,78,149,297,-71
7730,72,144,280,-72
7731,72,140,272,-68
7732,80,148,294,-68
7733,94,165,332,-71
7734,92,162,327,-70
7735,76,150,289,-74
7736,81,155,309,-74
7737,70,141,278,-71
7738,74,143,282,-69
7739,66,134,258,-68
7740,71,141,278,-70
7741,82,152,303,-70
7742,71,140,276,-69
7743,88,156,317,-68
7744,73,144,280,-71
7745,84,155,309,-71
7746,67,140,266,-73
7747,87,166,319,-79
7748,92,163,325,-71
7749,83,156,310,-73
7750,79,147,293,-68
7751,70,140,272,-70
7752,77,145,290,-68
7753,100,175,352,-75
7754,74,143,283,-69
7755,84,156,315,-72
7756,133,210,437,-77
7757,102,170,348,-68
7758,113,180,373,-67
7759,109,178,368,-69
7760,118,189,390,-71
7761,119,190,392,-71
7762,134,201,428,-67
7763,139,214,453,-75
7764,120,191,396,-71
7765,111,195,404,-84
7766,146,222,465,-76
7767,129,202,428,-73
7768,127,199,418,-72
7769,145,214,459,-69
7770,94,167,331,-73
7771,112,188,380,-76
7772,134,207,434,-73
7773,109,192,398,-83
7774,74,148,284,-74
7775,116,186,390,-70
7776,159,232,493,-73
7777,84,153,307,-69
7778,189,260,569,-71
7779,188,257,565,-69
7780,126,195,412,-69
7781,158,226,487,-68
7782,125,193,410,-68
7783,135,205,431,-70
7784,124,191,404,-67
7785,138,236,512,-98
7786,241,369,772,-128
7787,254,411,802,-157
7788,85,154,309,-69
7789,85,168,319,-83
7790,83,156,306,-73
7791,75,146,284,-71
7792,72,149,280,-77
7793,74,141,280,-67
7794,88,158,317,-70
7795,81,149,300,-68
7796,71,148,280,-77
7797,77,150,299,-73
7798,82,163,315,-81
7799,91,161,325,-70
7800,75,150,289,-75
7801,176,424,697,-248
7802,168,274,560,-106
7803,180,257,551,-77
7804,93,186,351,-93
7805,162,262,504,-100
7806,128,208,438,-80
7807,87,180,368,-93
7808,250,330,725,-80
7809,295,431,922,-136
7810,136,212,442,-76
7811,116,191,392,-75
7812,83,164,313,-81
7813,87,168,325,-81
7814,157,238,496,-81
7815,208,284,619,-76
7816,190,273,581,-83
7817,172,275,593,-103
7818,108,188,378,-80
7819,200,277,599,-77
7820,112,188,392,-76
7821,198,271,595,-73
7822,100,173,355,-73
7823,134,205,431,-71
7824,141,223,463,-82
7825,158,230,499,-72
7826,200,273,602,-73
7827,82,162,319,-80
7828,93,189,374,-96
7829,177,258,555,-81
7830,74,149,289,-75
7831,124,204,422,-80
7832,86,157,315,-71
7833,71,146,282,-75
7834,114,194,394,-80
7835,130,201,423,-71
7836,174,253,550,-79
7837,96,167,341,-71
7838,169,249,528,-80
7839,187,261,571,-74
7840,129,220,447,-91
7841,107,189,376,-82
7842,144,219,461,-75
7843,176,266,552,-90
7844,163,246,522,-83
7845,177,258,556,-81
7846,164,238,514,-74
7847,156,230,493,-74
7848,145,223,470,-78
7849,171,244,531,-73
7850,191,277,585,-86
7851,181,263,566,-82
7852,112,184,380,-72
7853,163,235,508,-72
7854,74,146,288,-72
7855,110,193,390,-83
7856,74,146,288,-72
7857,149,220,469,-71
7858,75,146,290,-71
7859,145,227,479,-82
7860,138,210,443,-72
7861,112,183,378,-71
7862,140,220,459,-80
7863,145,216,463,-71
7864,138,211,449,-73
7865,73,152,291,-79
7866,113,184,386,-71
7867,143,214,455,-71
7868,173,249,540,-76
7869,168,247,537,-79
7870,186,257,562,-71
7871,227,316,685,-89
7872,194,275,589,-81
7873,194,273,592,-79
7874,162,245,518,-83
7875,199,275,599,-76
7876,176,261,561,-85
7877,170,317,690,-147
7878,90,164,325,-74
7879,110,186,379,-76
7880,74,152,296,-78
7881,72,147,285,-75
7882,74,149,285,-75
7883,74,148,285,-74
7884,74,150,290,-76
7885,79,167,315,-88
7886,68,148,275,-80
7887,86,159,315,-73
7888,125,204,418,-79
7889,162,246,516,-84
7890,158,238,503,-80
7891,104,188,372,-84
7892,150,230,482,-80
7893,153,235,498,-82
7894,91,165,331,-74
7895,76,147,290,-71
7896,108,180,370,-72
7897,75,144,287,-69
7898,74,146,283,-72
7899,153,240,495,-87
7900,146,217,463,-71
7901,203,391,690,-188
7902,155,279,532,-124
7903,164,270,556,-106
7904,144,252,500,-108
7905,153,258,524,-105
7906,120,221,422,-101
7907,225,371,711,-146
7908,112,210,396,-98
7909,100,204,386,-104
7910,175,262,553,-87
7911,74,171,294,-97
7912,84,164,313,-80
7913,101,193,360,-92
7914,118,220,414,-102
7915,100,185,369,-85
7916,84,179,331,-95
7917,87,185,341,-98
7918,79,173,311,-94
7919,99,185,367,-86
7920,91,175,339,-84
7921,107,188,383,-81
7922,104,183,376,-79
7923,88,167,327,-79
7924,96,178,353,-82
7925,88,172,331,-84
7926,87,168,331,-81
7927,80,161,312,-81
7928,86,166,325,-80
7929,86,172,331,-86
7930,104,190,380,-86
7931,82,162,319,-80
7932,125,199,414,-74
7933,156,235,496,-79
7934,147,224,476,-77
7935,86,168,331,-82
7936,92,172,339,-80
7937,88,166,327,-78
7938,90,167,333,-77
7939,98,186,368,-88
7940,90,170,337,-80
7941,145,235,493,-90
7942,167,255,530,-88
7943,102,186,373,-84
7944,108,198,394,-90
7945,104,201,386,-97
7946,106,203,403,-97
7947,109,196,390,-87
7948,99,191,370,-92
7949,91,182,349,-91
7950,90,187,360,-97
7951,95,191,368,-96
7952,95,193,361,-98
7953,101,193,373,-92
7954,108,203,388,-95
7955,101,193,374,-92
7956,108,197,390,-89
7957,111,203,398,-92
7958,110,199,396,-89
7959,111,207,407,-96
7960,100,190,368,-90
7961,109,202,398,-93
7962,104,200,392,-96
7963,96,186,357,-90
7964,93,183,350,-90
7965,108,200,392,-92
7966,108,201,394,-93
7967,110,202,398,-92
7968,104,193,378,-89
7969,105,199,388,-94
7970,89,182,347,-93
7971,91,188,353,-97
7972,89,187,347,-98
7973,91,182,345,-91
7974,91,181,343,-90
7975,102,200,386,-98
7976,92,180,352,-88
7977,93,182,351,-89
7978,93,184,354,-91
7979,93,187,349,-94
7980,92,183,348,-91
7981,96,188,366,-92
7982,101,189,371,-88
7983,111,208,398,-97
7984,100,191,367,-91
7985,104,199,386,-95
7986,107,196,386,-89
7987,102,196,384,-94
7988,112,204,403,-92
7989,108,200,390,-92
7990,110,204,394,-94
7991,105,198,388,-93
7992,103,193,374,-90
7993,95,187,360,-92
7994,105,195,380,-90
7995,110,201,392,-91
7996,110,202,398,-92
7997,104,194,380,-90
7998,108,201,392,-93
7999,109,200,394,-91
8000,103,196,380,-93
8001,238,425,776,-187
8002,79,167,311,-88
8003,198,283,604,-85
8004,194,273,597,-79
8005,179,258,557,-79
8006,76,156,306,-80
8007,76,154,300,-78
8008,206,286,626,-80
8009,74,154,294,-80
8010,72,152,293,-80
8011,74,152,295,-78
8012,73,152,291,-79
8013,72,151,294,-79
8014,74,153,296,-79
8015,76,153,300,-77
8016,74,151,294,-77
8017,76,155,302,-79
8018,179,258,558,-79
8019,81,179,343,-98
8020,81,171,341,-90
8021,82,186,357,-104
8022,79,208,386,-129
8023,215,299,656,-84
8024,77,159,307,-82
8025,79,163,317,-84
8026,218,302,662,-84
8027,79,162,315,-83
8028,188,273,587,-85
8029,80,163,317,-83
8030,76,159,309,-83
8031,78,162,311,-84
8032,76,158,307,-82
8033,80,163,319,-83
8034,76,159,303,-83
8035,79,163,319,-84
8036,74,158,303,-84
8037,79,161,311,-82
8038,78,161,313,-83
8039,80,165,316,-85
8040,76,160,311,-84
8041,78,162,310,-84
8042,190,273,589,-83
8043,80,164,317,-84
8044,189,272,591,-83
8045,80,163,313,-83
8046,79,162,315,-83
8047,78,163,313,-85
8048,76,161,311,-85
8049,80,163,317,-83
8050,75,159,310,-84
8051,78,161,311,-83
8052,190,272,591,-82
8053,81,164,317,-83
8054,76,160,309,-84
8055,79,163,312,-84
8056,78,161,313,-83
8057,79,162,317,-83
8058,77,159,305,-82
8059,81,165,321,-84
8060,75,159,305,-84
8061,217,301,662,-84
8062,76,158,308,-82
8063,80,164,317,-84
8064,78,161,312,-83
8065,78,160,311,-82
8066,219,301,661,-82
8067,78,161,312,-83
8068,77,159,309,-82
8069,79,162,312,-83
8070,80,162,317,-82
8071,76,161,310,-85
8072,76,161,309,-85
8073,80,165,321,-85
8074,77,162,311,-85
8075,80,164,319,-84
8076,220,303,666,-83
8077,80,162,315,-82
8078,77,161,309,-84
8079,218,300,664,-82
8080,76,158,303,-82
8081,78,161,313,-83
8082,76,159,305,-83
8083,78,162,315,-84
8084,78,161,311,-83
8085,215,300,658,-85
8086,78,160,311,-82
8087,82,164,319,-82
8088,218,303,664,-85
8089,79,163,315,-84
8090,218,302,664,-84
8091,80,163,315,-83
8092,219,303,664,-84
8093,78,161,313,-83
8094,188,271,583,-83
8095,79,162,315,-83
8096,77,159,308,-82
8097,79,162,315,-83
8098,74,158,300,-84
8099,78,161,313,-83
8100,77,157,303,-80
8101,233,471,782,-238
8102,145,296,538,-151
8103,107,214,392,-107
8104,96,198,366,-102
8105,89,176,343,-87
8106,90,194,368,-104
8107,91,176,347,-85
8108,220,371,719,-151
8109,162,261,540,-99
8110,184,278,585,-94
8111,162,253,530,-91
8112,173,278,566,-105
8113,218,318,671,-100
8114,153,247,516,-94
8115,93,188,368,-95
8116,102,193,385,-91
8117,102,198,386,-96
8118,108,199,394,-91
8119,113,212,418,-99
8120,105,202,402,-97
8121,105,196,384,-91
8122,101,199,388,-98
8123,166,278,577,-112
8124,108,200,398,-92
8125,132,229,466,-97
8126,105,191,380,-86
8127,174,267,564,-93
8128,103,203,394,-100
8129,191,280,598,-89
8130,144,235,484,-91
8131,212,302,654,-90
8132,145,239,490,-94
8133,206,304,656,-98
8134,151,238,493,-87
8135,190,287,611,-97
8136,127,213,437,-86
8137,105,195,386,-90
8138,137,243,499,-106
8139,102,192,376,-90
8140,187,284,601,-97
8141,145,240,490,-95
8142,125,220,441,-95
8143,181,274,581,-93
8144,134,239,470,-105
8145,125,234,459,-109
8146,122,227,449,-105
8147,120,220,435,-100
8148,122,225,443,-103
8149,121,229,447,-108
8150,168,278,577,-110
8151,219,327,687,-108
8152,137,245,485,-108
8153,172,278,567,-106
8154,116,217,425,-101
8155,117,221,425,-104
8156,171,278,569,-107
8157,118,223,432,-105
8158,125,231,453,-106
8159,165,269,556,-104
8160,173,280,577,-107
8161,173,275,567,-102
8162,121,227,442,-106
8163,120,226,439,-106
8164,117,223,437,-106
8165,178,278,579,-100
8166,132,238,465,-106
8167,122,227,443,-105
8168,159,264,540,-105
8169,203,310,648,-107
8170,236,341,725,-105
8171,255,363,774,-108
8172,191,294,609,-103
8173,121,228,455,-107
8174,178,277,579,-99
8175,232,318,701,-86
8176,174,261,554,-87
8177,150,237,495,-87
8178,181,277,581,-96
8179,121,227,440,-106
8180,173,284,583,-111
8181,186,289,601,-103
8182,175,279,577,-104
8183,168,277,558,-109
8184,118,222,431,-104
8185,152,256,520,-104
8186,150,255,516,-105
8187,122,225,443,-103
8188,119,223,436,-104
8189,119,222,435,-103
8190,119,225,437,-106
8191,114,219,424,-105
8192,116,223,433,-107
8193,112,214,420,-102
8194,112,217,417,-105
8195,118,231,450,-113
8196,113,218,421,-105
8197,116,222,431,-106
8198,109,213,415,-104
8199,115,218,420,-103
8200,107,214,404,-107
8201,248,436,816,-188
8202,244,331,731,-87
8203,78,164,313,-86
8204,218,305,666,-87
8205,240,326,719,-86
8206,81,166,323,-85
8207,80,165,318,-85
8208,235,328,709,-93
8209,79,165,321,-86
8210,82,169,325,-87
8211,81,166,325,-85
8212,82,168,325,-86
8213,82,168,327,-86
8214,78,164,317,-86
8215,83,169,329,-86
8216,81,167,323,-86
8217,85,172,335,-87
8218,80,167,323,-87
8219,85,227,457,-142
8220,84,215,402,-131
8221,80,191,337,-111
8222,89,199,370,-110
8223,88,178,343,-90
8224,87,178,347,-91
8225,83,173,335,-90
8226,89,178,349,-89
8227,85,176,342,-91
8228,88,179,345,-91
8229,85,175,340,-90
8230,86,176,345,-90
8231,84,174,334,-90
8232,88,179,347,-91
8233,85,176,342,-91
8234,88,179,349,-91
8235,86,176,344,-90
8236,88,179,345,-91
8237,84,174,336,-90
8238,87,177,347,-90
8239,84,174,333,-90
8240,86,176,343,-90
8241,84,174,337,-90
8242,89,178,348,-89
8243,86,175,343,-89
8244,86,177,340,-91
8245,85,174,337,-89
8246,86,178,346,-92
8247,85,176,341,-91
8248,86,178,343,-92
8249,87,178,345,-91
8250,87,177,347,-90
8251,84,175,337,-91
8252,87,178,343,-91
8253,82,173,327,-91
8254,88,179,351,-91
8255,83,175,339,-92
8256,87,177,345,-90
8257,86,177,341,-91
8258,84,177,343,-93
8259,84,177,339,-93
8260,87,179,345,-92
8261,87,179,351,-92
8262,86,177,343,-91
8263,85,176,339,-91
8264,85,174,339,-89
8265,84,175,337,-91
8266,88,179,348,-91
8267,88,180,347,-92
8268,86,177,342,-91
8269,82,175,335,-93
8270,86,178,346,-92
8271,85,177,341,-92
8272,87,179,346,-92
8273,83,175,335,-92
8274,85,175,339,-90
8275,83,172,332,-89
8276,87,178,345,-91
8277,81,173,335,-92
8278,86,175,337,-89
8279,83,174,333,-91
8280,88,178,350,-90
8281,82,176,337,-94
8282,88,179,347,-91
8283,87,177,343,-90
8284,84,176,339,-92
8285,83,173,333,-90
8286,85,176,339,-91
8287,84,175,341,-91
8288,86,176,347,-90
8289,84,176,340,-92
8290,87,177,345,-90
8291,87,178,341,-91
8292,86,177,345,-91
8293,88,178,344,-90
8294,85,175,341,-90
8295,83,175,341,-92
8296,88,179,347,-91
8297,83,173,335,-90
8298,89,178,346,-89
8299,85,175,339,-90
8300,87,178,344,-91
8301,298,520,995,-222
8302,182,319,618,-137
8303,96,211,380,-115
8304,250,456,859,-206
8305,183,294,612,-111
8306,210,320,660,-110
8307,240,363,776,-123
8308,282,412,845,-130
8309,185,303,640,-118
8310,174,284,592,-110
8311,152,262,526,-110
8312,215,329,690,-114
8313,208,327,686,-119
8314,104,208,398,-104
8315,121,225,447,-104
8316,105,218,419,-113
8317,99,199,388,-100
8318,101,205,400,-104
8319,162,280,563,-118
8320,200,308,644,-108
8321,226,335,705,-109
8322,210,312,666,-102
8323,287,392,867,-105
8324,156,273,553,-117
8325,198,315,652,-117
8326,178,287,591,-109
8327,105,203,399,-98
8328,117,226,441,-109
8329,119,239,449,-120
8330,110,211,413,-101
8331,235,337,729,-102
8332,119,227,443,-108
8333,99,202,390,-103
8334,198,308,642,-110
8335,111,214,424,-103
8336,118,217,430,-99
8337,122,223,449,-101
8338,112,217,425,-105
8339,112,221,428,-109
8340,123,227,441,-104
8341,121,224,449,-103
8342,111,221,419,-110
8343,105,213,410,-108
8344,206,312,658,-106
8345,107,220,427,-113
8346,132,247,492,-115
8347,134,256,491,-122
8348,146,267,520,-121
8349,189,308,627,-119
8350,206,325,672,-119
8351,132,250,486,-118
8352,205,333,668,-128
8353,130,257,500,-127
8354,140,260,508,-120
8355,137,255,499,-118
8356,137,256,499,-119
8357,120,236,453,-116
8358,119,236,453,-117
8359,124,245,472,-121
8360,129,252,486,-123
8361,134,260,510,-126
8362,135,253,496,-118
8363,140,259,512,-119
8364,133,254,490,-121
8365,147,269,524,-122
8366,141,263,518,-122
8367,131,252,493,-121
8368,133,249,484,-116
8369,126,245,467,-119
8370,120,247,464,-127
8371,130,247,477,-117
8372,115,231,441,-116
8373,112,243,437,-131
8374,120,243,465,-123
8375,112,234,443,-122
8376,121,243,461,-122
8377,117,240,459,-123
8378,154,266,536,-112
8379,139,258,502,-119
8380,130,248,479,-118
8381,135,254,491,-119
8382,127,244,467,-117
8383,127,253,491,-126
8384,124,244,469,-120
8385,124,244,471,-120
8386,124,243,465,-119
8387,131,251,481,-120
8388,125,241,467,-116
8389,136,257,492,-121
8390,133,254,490,-121
8391,127,245,471,-118
8392,121,239,465,-118
8393,124,244,472,-120
8394,122,240,461,-118
8395,134,252,492,-118
8396,136,255,497,-119
8397,132,253,490,-121
8398,138,259,508,-121
8399,127,242,473,-115
8400,123,240,463,-117
8401,302,477,982,-175
8402,98,197,382,-99
8403,95,193,374,-98
8404,276,376,830,-100
8405,275,373,825,-98
8406,111,251,465,-140
8407,195,331,695,-136
8408,103,245,461,-142
8409,294,399,884,-105
8410,95,199,386,-104
8411,101,204,396,-103
8412,242,346,752,-104
8413,99,202,392,-103
8414,242,347,752,-105
8415,100,205,396,-105
8416,97,201,388,-104
8417,243,345,753,-102
8418,103,208,402,-105
8419,96,200,386,-104
8420,102,206,398,-104
8421,97,202,388,-105
8422,102,207,404,-105
8423,99,203,392,-104
8424,273,379,828,-106
8425,100,202,390,-102
8426,294,397,875,-103
8427,97,201,390,-104
8428,295,400,882,-105
8429,97,200,386,-103
8430,295,399,885,-104
8431,99,200,392,-101
8432,288,391,867,-103
8433,97,201,386,-104
8434,242,345,751,-103
8435,99,201,392,-102
8436,280,384,843,-104
8437,97,204,390,-107
8438,293,395,881,-102
8439,94,198,378,-104
8440,99,203,396,-104
8441,250,353,766,-103
8442,97,200,390,-103
8443,269,371,815,-102
8444,98,204,396,-106
8445,248,353,772,-105
8446,95,202,388,-107
8447,97,202,388,-105
8448,271,374,817,-103
8449,95,198,380,-103
8450,249,355,770,-106
8451,97,200,392,-103
8452,294,397,880,-103
8453,98,203,392,-105
8454,268,370,814,-102
8455,96,201,392,-105
8456,242,345,752,-103
8457,104,208,407,-104
8458,96,200,388,-104
8459,97,200,385,-103
8460,289,391,865,-102
8461,102,204,396,-102
8462,98,202,390,-104
8463,292,395,870,-103
8464,97,203,390,-106
8465,294,398,879,-104
8466,101,202,394,-101
8467,290,396,876,-106
8468,97,200,394,-103
8469,284,387,855,-103
8470,96,200,388,-104
8471,279,384,845,-105
8472,99,201,390,-102
8473,273,378,824,-105
8474,98,202,392,-104
8475,289,394,870,-105
8476,96,200,386,-104
8477,275,380,833,-105
8478,94,198,379,-104
8479,292,396,878,-104
8480,98,201,390,-103
8481,99,201,390,-102
8482,250,353,772,-103
8483,103,208,400,-105
8484,95,199,386,-104
8485,102,207,404,-105
8486,98,202,392,-104
8487,96,200,388,-104
8488,242,347,749,-105
8489,94,197,382,-103
8490,288,393,869,-105
8491,104,206,406,-102
8492,93,198,378,-105
8493,265,462,910,-197
8494,188,304,633,-116
8495,172,284,583,-112
8496,216,329,697,-113
8497,220,341,717,-121
8498,116,239,455,-123
8499,115,225,444,-110
8500,129,251,489,-122
8501,298,654,988,-356
8502,175,311,614,-136
8503,117,235,455,-118
8504,142,254,508,-112
8505,245,375,782,-130
8506,178,296,602,-118
8507,135,256,510,-121
8508,183,299,616,-116
8509,225,371,736,-146
8510,213,332,689,-119
8511,248,372,786,-124
8512,233,348,739,-115
8513,142,270,532,-128
8514,158,272,544,-114
8515,130,274,540,-144
8516,320,433,955,-113
8517,122,231,455,-109
8518,134,250,491,-116
8519,119,229,447,-110
8520,129,258,490,-129
8521,213,329,691,-116
8522,115,230,447,-115
8523,217,336,703,-119
8524,199,308,640,-109
8525,127,237,475,-110
8526,108,214,418,-106
8527,134,254,516,-120
8528,210,327,692,-117
8529,184,304,615,-120
8530,233,360,756,-127
8531,198,311,652,-113
8532,198,301,638,-103
8533,109,214,420,-105
8534,195,380,836,-185
8535,109,212,418,-103
8536,995,1397,3014,-402
8537,129,266,494,-137
8538,312,420,926,-108
8539,183,293,611,-110
8540,179,280,589,-101
8541,183,293,607,-110
8542,270,377,823,-107
8543,244,356,760,-112
8544,204,320,670,-116
8545,131,253,502,-122
8546,180,294,601,-114
8547,224,340,717,-116
8548,155,271,544,-116
8549,111,221,429,-110
8550,214,329,684,-115
8551,322,421,942,-99
8552,224,345,722,-121
8553,264,365,808,-101
8554,260,360,790,-100
8555,93,194,374,-101
8556,285,387,855,-102
8557,259,360,792,-101
8558,96,196,384,-100
8559,231,332,717,-101
8560,98,199,386,-101
8561,91,193,372,-102
8562,103,200,394,-97
8563,91,192,372,-101
8564,264,365,798,-101
8565,94,194,374,-100
8566,229,332,715,-103
8567,91,194,374,-103
8568,264,365,798,-101
8569,93,192,373,-99
8570,92,203,396,-111
8571,91,192,370,-101
8572,94,195,377,-101
8573,96,197,380,-101
8574,97,198,380,-101
8575,98,199,386,-101
8576,93,195,378,-102
8577,89,188,362,-99
8578,289,13455,912,-13166
8579,94,197,378,-103
8580,251,351,766,-100
8581,291,391,867,-100
8582,95,196,378,-101
8583,94,194,378,-100
8584,94,195,378,-101
8585,102,202,397,-100
8586,94,195,380,-101
8587,284,385,853,-101
8588,269,369,812,-100
8589,96,195,382,-99
8590,90,192,372,-102
8591,96,195,380,-99
8592,259,360,790,-101
8593,95,196,380,-101
8594,90,190,368,-100
8595,97,196,382,-99
8596,92,193,370,-101
8597,235,336,731,-101
8598,90,190,367,-100
8599,95,197,380,-102
8600,265,365,800,-100
8601,319,547,1036,-228
8602,219,371,733,-152
8603,102,234,402,-132
8604,119,233,446,-114
8605,95,198,386,-103
8606,97,211,388,-114
8607,103,209,408,-106
8608,98,202,390,-104
8609,237,340,737,-103
8610,294,397,882,-103
8611,280,383,847,-103
8612,102,205,398,-103
8613,237,341,740,-104
8614,293,396,876,-103
8615,276,380,837,-104
8616,99,204,396,-105
8617,98,201,386,-103
8618,237,341,741,-104
8619,96,202,392,-106
8620,101,205,398,-104
8621,97,201,390,-104
8622,100,204,396,-104
8623,272,376,829,-104
8624,100,204,396,-104
8625,95,201,386,-106
8626,257,362,790,-105
8627,95,199,384,-104
8628,100,205,396,-105
8629,100,203,392,-103
8630,272,377,827,-105
8631,98,203,392,-105
8632,98,202,390,-104
8633,96,201,386,-105
8634,100,203,394,-103
8635,93,198,378,-105
8636,273,378,825,-105
8637,92,197,378,-105
8638,274,378,829,-104
8639,98,200,386,-102
8640,272,377,832,-105
8641,96,200,386,-104
8642,98,201,396,-103
8643,95,200,384,-105
8644,238,341,742,-103
8645,98,203,390,-105
8646,238,341,736,-103
8647,96,200,386,-104
8648,272,377,827,-105
8649,93,197,380,-104
8650,99,206,398,-107
8651,96,201,388,-105
8652,257,361,790,-104
8653,96,200,380,-104
8654,98,202,392,-104
8655,274,376,829,-102
8656,99,201,394,-102
8657,98,203,390,-105
8658,256,359,788,-103
8659,97,200,388,-103
8660,99,202,396,-103
8661,273,378,831,-105
8662,99,201,392,-102
8663,235,340,739,-105
8664,95,199,388,-104
8665,271,377,824,-106
8666,97,201,386,-104
8667,272,377,826,-105
8668,99,203,396,-104
8669,96,199,388,-103
8670,99,204,396,-105
8671,96,198,382,-102
8672,99,202,396,-103
8673,97,200,386,-103
8674,97,201,390,-104
8675,95,200,382,-105
8676,273,377,827,-104
8677,96,201,388,-105
8678,99,203,398,-104
8679,272,376,825,-104
8680,98,202,394,-104
8681,96,200,386,-104
8682,291,512,958,-221
8683,126,245,479,-119
8684,126,244,479,-118
8685,113,229,445,-116
8686,132,262,520,-130
8687,141,259,502,-118
8688,143,276,528,-133
8689,116,221,437,-105
8690,118,230,451,-112
8691,118,233,453,-115
8692,131,248,492,-117
8693,117,229,455,-112
8694,119,228,445,-109
8695,224,341,715,-117
8696,232,359,754,-127
8697,301,427,926,-126
8698,133,243,486,-110
8699,137,253,505,-116
8700,163,295,585,-132
8701,611,891,1844,-280
8702,140,309,551,-169
8703,136,311,542,-175
8704,231,396,756,-165
8705,131,280,512,-149
8706,231,386,759,-155
8707,182,317,619,-135
8708,224,364,725,-140
8709,175,313,618,-138
8710,246,379,792,-133
8711,141,288,524,-147
8712,231,363,753,-132
8713,250,375,791,-125
8714,192,310,646,-118
8715,541,658,1512,-117
8716,107,219,427,-112
8717,321,435,962,-114
8718,259,372,808,-113
8719,106,217,421,-111
8720,131,251,482,-120
8721,104,228,417,-124
8722,107,230,421,-123
8723,101,221,409,-120
8724,107,219,424,-112
8725,306,417,924,-111
8726,102,213,410,-111
8727,106,218,423,-112
8728,318,430,951,-112
8729,305,419,922,-114
8730,105,218,424,-113
8731,318,429,952,-111
8732,315,427,945,-112
8733,230,343,733,-113
8734,105,217,423,-112
8735,109,222,429,-113
8736,106,217,422,-111
8737,247,359,774,-112
8738,285,396,872,-111
8739,246,359,772,-113
8740,110,223,431,-113
8741,110,223,433,-113
8742,114,226,441,-112
8743,103,216,418,-113
8744,98,211,400,-113
8745,115,239,469,-124
8746,106,219,423,-113
8747,105,217,422,-112
8748,109,221,435,-112
8749,107,218,425,-111
8750,102,214,410,-112
8751,106,219,425,-113
8752,103,214,414,-111
8753,106,216,423,-110
8754,109,219,428,-110
8755,105,214,415,-109
8756,105,217,420,-112
8757,108,222,429,-114
8758,106,217,422,-111
8759,105,217,421,-112
8760,98,209,400,-111
8761,107,220,429,-113
8762,105,217,418,-112
8763,105,216,417,-111
8764,101,214,412,-113
8765,115,226,441,-111
8766,106,217,418,-111
8767,110,220,427,-110
8768,101,215,406,-114
8769,105,216,417,-111
8770,104,214,414,-110
8771,105,217,419,-112
8772,103,214,416,-111
8773,108,221,427,-113
8774,101,213,407,-112
8775,104,217,422,-113
8776,103,217,419,-114
8777,106,219,423,-113
8778,104,217,420,-113
8779,107,219,427,-112
8780,102,213,410,-111
8781,104,216,417,-112
8782,101,214,410,-113
8783,104,218,422,-114
8784,106,218,423,-112
8785,104,218,418,-114
8786,105,217,418,-112
8787,106,219,421,-113
8788,103,216,418,-113
8789,106,218,420,-112
8790,102,212,411,-110
8791,108,218,427,-110
8792,101,215,414,-114
8793,105,216,419,-111
8794,101,212,410,-111
8795,98,209,402,-111
8796,101,213,408,-112
8797,106,218,423,-112
8798,105,217,421,-112
8799,106,219,420,-113
8800,102,215,416,-113
8801,445,775,1379,-330
8802,146,264,528,-118
8803,107,224,436,-117
8804,294,410,899,-116
8805,291,408,888,-117
8806,112,228,444,-116
8807,305,422,920,-117
8808,110,225,437,-115
8809,108,226,437,-118
8810,110,227,441,-117
8811,107,225,431,-118
8812,109,226,440,-117
8813,305,423,928,-118
8814,108,225,441,-117
8815,109,225,433,-116
8816,109,227,433,-118
8817,108,227,438,-119
8818,265,383,827,-118
8819,110,225,439,-115
8820,304,421,921,-117
8821,111,226,437,-115
8822,109,226,436,-117
8823,306,422,922,-116
8824,109,226,440,-117
8825,304,420,922,-116
8826,109,227,440,-118
8827,110,226,437,-116
8828,111,226,439,-115
8829,109,226,440,-117
8830,315,433,951,-118
8831,110,227,437,-117
8832,110,227,440,-117
8833,303,419,922,-116
8834,106,223,430,-117
8835,305,420,928,-115
8836,107,224,434,-117
8837,106,222,429,-116
8838,304,420,926,-116
8839,108,225,435,-117
8840,110,225,437,-115
8841,108,223,427,-115
8842,265,381,828,-116
8843,109,226,437,-117
8844,305,420,924,-115
8845,104,222,426,-118
8846,111,229,443,-118
8847,266,382,831,-116
8848,109,228,444,-119
8849,107,225,433,-118
8850,113,227,439,-114
8851,267,382,830,-115
8852,111,227,443,-116
8853,109,227,437,-118
8854,304,423,926,-119
8855,110,227,439,-117
8856,109,224,436,-115
8857,265,382,825,-117
8858,111,228,445,-117
8859,104,222,424,-118
8860,108,225,433,-117
8861,105,220,425,-115
8862,110,228,441,-118
8863,109,224,437,-115
8864,266,382,825,-116
8865,107,223,431,-116
8866,109,228,441,-119
8867,108,225,439,-117
8868,336,544,1057,-208
8869,111,225,441,-114
8870,260,376,811,-116
8871,313,429,944,-116
8872,109,226,441,-117
8873,110,226,439,-116
8874,264,381,821,-117
8875,313,430,946,-117
8876,109,225,435,-116
8877,109,227,440,-118
8878,305,419,926,-114
8879,108,224,433,-116
8880,322,438,969,-116
8881,301,415,912,-114
8882,305,421,926,-116
8883,107,225,431,-118
8884,111,228,443,-117
8885,111,225,433,-114
8886,266,383,832,-117
8887,109,224,429,-115
8888,265,381,825,-116
8889,104,220,426,-116
8890,110,228,439,-118
8891,305,423,927,-118
8892,112,228,443,-116
8893,109,224,437,-115
8894,109,227,435,-118
8895,305,424,928,-119
8896,109,225,438,-116
8897,109,225,437,-116
8898,109,226,441,-117
8899,108,224,430,-116
8900,113,230,439,-117
8901,300,618,1026,-318
8902,223,362,721,-139
8903,219,380,741,-161
8904,226,364,761,-138
8905,124,251,499,-127
8906,122,245,463,-123
8907,119,240,455,-121
8908,119,234,455,-115
8909,231,347,745,-116
8910,133,248,489,-115
8911,133,286,498,-153
8912,198,382,703,-184
8913,130,256,518,-126
8914,229,398,762,-169
8915,133,256,504,-123
8916,179,298,615,-119
8917,199,319,664,-120
8918,187,303,634,-116
8919,167,282,579,-115
8920,121,238,467,-117
8921,123,241,469,-118
8922,151,322,563,-171
8923,217,343,717,-126
8924,161,292,575,-131
8925,188,324,652,-136
8926,190,331,687,-141
8927,181,312,637,-131
8928,272,399,847,-127
8929,176,300,612,-124
8930,230,354,740,-124
8931,305,435,944,-130
8932,243,389,837,-146
8933,131,257,503,-126
8934,144,263,522,-119
8935,148,297,540,-149
8936,221,347,717,-126
8937,132,260,512,-128
8938,139,264,530,-125
8939,130,251,499,-121
8940,212,350,723,-138
8941,155,295,575,-140
8942,162,306,577,-144
8943,274,412,884,-138
8944,176,315,618,-139
8945,291,422,902,-131
8946,138,260,515,-122
8947,127,247,483,-120
8948,130,266,508,-136
8949,199,324,672,-125
8950,152,283,558,-131
8951,148,290,565,-142
8952,209,349,707,-140
8953,201,346,679,-145
8954,161,287,579,-126
8955,492,626,1391,-134
8956,353,468,1042,-115
8957,267,386,831,-119
8958,108,227,442,-119
8959,302,421,925,-119
8960,111,227,441,-116
8961,114,235,455,-121
8962,108,224,432,-116
8963,130,287,589,-157
8964,300,455,1004,-155
8965,107,224,431,-117
8966,327,444,982,-117
8967,239,356,760,-117
8968,117,234,459,-117
8969,109,226,438,-117
8970,216,332,701,-116
8971,286,402,882,-116
8972,108,225,429,-117
8973,113,227,445,-114
8974,111,225,436,-114
8975,327,444,981,-117
8976,303,421,920,-118
8977,306,423,928,-117
8978,107,224,430,-117
8979,266,382,827,-116
8980,107,223,429,-116
8981,111,227,441,-116
8982,305,422,926,-117
8983,109,225,437,-116
8984,106,223,429,-117
8985,305,422,926,-117
8986,107,224,429,-117
8987,108,223,435,-115
8988,110,226,441,-116
8989,305,423,926,-118
8990,105,222,426,-117
8991,109,227,435,-118
8992,264,381,827,-117
8993,110,224,435,-114
8994,107,225,433,-118
8995,110,226,439,-116
8996,109,226,437,-117
8997,305,422,928,-117
8998,106,223,428,-117
8999,112,229,441,-117
9000,110,227,440,-117
9001,424,732,1336,-308
9002,325,440,973,-115
9003,109,227,437,-118
9004,300,418,916,-118
9005,293,409,896,-116
9006,106,221,429,-115
9007,118,234,455,-116
9008,107,224,431,-117
9009,115,231,451,-116
9010,106,222,427,-116
9011,104,220,422,-116
9012,111,228,443,-117
9013,107,222,429,-115
9014,111,229,446,-118
9015,107,223,431,-116
9016,104,220,425,-116
9017,114,231,451,-117
9018,107,224,432,-117
9019,115,233,455,-118
9020,109,223,431,-114
9021,115,229,451,-114
9022,108,225,434,-117
9023,108,225,432,-117
9024,111,229,445,-118
9025,106,222,423,-116
9026,106,222,431,-116
9027,111,228,438,-117
9028,117,235,459,-118
9029,108,224,427,-116
9030,114,231,449,-117
9031,109,225,437,-116
9032,107,223,427,-116
9033,118,233,457,-115
9034,104,218,424,-114
9035,114,230,449,-116
9036,110,225,433,-115
9037,119,235,461,-116
9038,103,219,420,-116
9039,116,232,451,-116
9040,108,223,431,-115
9041,109,225,437,-116
9042,109,228,440,-119
9043,111,227,437,-116
9044,112,229,443,-117
9045,107,222,432,-115
9046,107,225,434,-118
9047,109,226,437,-117
9048,117,230,449,-113
9049,109,226,441,-117
9050,107,226,432,-119
9051,110,228,439,-118
9052,106,224,431,-118
9053,112,228,439,-116
9054,318,557,1082,-239
9055,120,251,492,-131
9056,308,430,938,-122
9057,339,461,1019,-122
9058,106,226,437,-120
9059,119,240,467,-121
9060,347,467,1038,-120
9061,282,405,878,-123
9062,312,434,951,-122
9063,317,439,965,-122
9064,125,248,486,-123
9065,341,462,1020,-121
9066,339,462,1017,-123
9067,108,230,445,-122
9068,113,236,457,-123
9069,113,234,455,-121
9070,116,236,461,-120
9071,343,464,1022,-121
9072,316,438,964,-122
9073,113,234,449,-121
9074,113,234,451,-121
9075,111,232,450,-121
9076,113,236,457,-123
9077,110,232,445,-122
9078,108,227,439,-119
9079,109,228,438,-119
9080,115,236,457,-121
9081,109,234,449,-125
9082,111,232,445,-121
9083,110,232,449,-122
9084,108,227,441,-119
9085,110,232,449,-122
9086,110,232,441,-122
9087,112,233,453,-121
9088,114,234,457,-120
9089,111,233,449,-122
9090,113,236,455,-123
9091,109,231,447,-122
9092,112,234,453,-122
9093,109,229,441,-120
9094,112,232,451,-120
9095,108,229,443,-121
9096,116,236,457,-120
9097,109,229,445,-120
9098,109,230,445,-121
9099,112,232,443,-120
9100,112,233,451,-121
9101,305,640,1082,-335
9102,235,356,757,-121
9103,242,365,768,-123
9104,229,350,741,-121
9105,211,335,694,-124
9106,166,298,594,-132
9107,135,261,504,-126
9108,338,472,1021,-134
9109,228,359,755,-131
9110,286,425,906,-139
9111,148,290,554,-142
9112,133,262,520,-129
9113,130,269,514,-139
9114,132,275,523,-143
9115,147,293,577,-146
9116,130,266,508,-136
9117,143,286,549,-143
9118,163,297,591,-134
9119,163,298,589,-135
9120,139,279,530,-140
9121,119,258,482,-139
9122,132,290,534,-158
9123,125,252,493,-127
9124,138,285,541,-147
9125,137,270,522,-133
9126,141,280,547,-139
9127,149,285,552,-136
9128,156,292,573,-136
9129,143,280,548,-137
9130,158,299,589,-141
9131,168,324,624,-156
9132,162,312,611,-150
9133,296,432,921,-136
9134,328,468,1008,-140
9135,219,364,725,-145
9136,366,505,1109,-139
9137,131,258,498,-127
9138,130,254,496,-124
9139,132,268,523,-136
9140,148,291,559,-143
9141,159,299,593,-140
9142,181,336,664,-155
9143,166,304,601,-138
9144,158,298,591,-140
9145,143,289,547,-146
9146,163,298,592,-135
9147,207,341,715,-134
9148,610,743,1696,-133
9149,345,466,1034,-121
9150,117,237,461,-120
9151,312,434,952,-122
9152,126,249,488,-123
9153,294,413,908,-119
9154,118,240,467,-122
9155,106,228,439,-122
9156,116,239,463,-123
9157,110,232,445,-122
9158,339,459,1019,-120
9159,117,236,461,-119
9160,121,242,472,-121
9161,110,232,447,-122
9162,120,243,471,-123
9163,315,437,959,-122
9164,123,244,474,-121
9165,118,239,462,-121
9166,112,231,447,-119
9167,307,429,936,-122
9168,116,235,455,-119
9169,121,241,473,-120
9170,115,236,453,-121
9171,121,244,477,-123
9172,316,438,957,-122
9173,121,243,474,-122
9174,118,238,463,-120
9175,284,407,880,-123
9176,111,233,447,-122
9177,114,236,457,-122
9178,119,241,473,-122
9179,114,235,455,-121
9180,280,400,868,-120
9181,114,237,457,-123
9182,123,243,473,-120
9183,317,440,967,-123
9184,120,243,473,-123
9185,315,438,957,-123
9186,112,233,449,-121
9187,315,437,956,-122
9188,116,237,455,-121
9189,120,242,469,-122
9190,115,236,455,-121
9191,123,243,477,-120
9192,115,234,455,-119
9193,123,247,485,-124
9194,117,237,463,-120
9195,112,234,452,-122
9196,120,243,471,-123
9197,114,237,457,-123
9198,120,244,477,-124
9199,112,234,453,-122
9200,116,236,457,-120
9201,374,677,1224,-303
9202,260,435,859,-175
9203,120,260,479,-140
9204,116,263,469,-147
9205,125,263,493,-138
9206,119,246,479,-127
9207,125,252,491,-127
9208,330,459,1009,-129
9209,288,416,902,-128
9210,128,254,499,-126
9211,117,246,473,-129
9212,128,257,496,-129
9213,115,243,468,-128
9214,129,255,502,-126
9215,120,246,477,-126
9216,331,459,1006,-128
9217,122,249,481,-127
9218,121,246,475,-125
9219,288,415,897,-127
9220,122,251,489,-129
9221,122,251,486,-129
9222,332,462,1010,-130
9223,121,248,487,-127
9224,115,240,461,-125
9225,123,250,482,-127
9226,117,244,473,-127
9227,119,245,474,-126
9228,115,241,467,-126
9229,286,415,900,-129
9230,115,243,471,-128
9231,313,439,960,-126
9232,112,240,462,-128
9233,328,455,999,-127
9234,114,242,467,-128
9235,122,250,485,-128
9236,117,244,463,-127
9237,121,247,479,-126
9238,121,247,477,-126
9239,121,246,477,-125
9240,333,590,1141,-257
9241,171,320,626,-149
9242,156,305,583,-149
9243,150,283,556,-133
9244,150,293,559,-143
9245,240,399,801,-159
9246,146,296,589,-150
9247,169,319,630,-150
9248,165,296,593,-131
9249,279,437,886,-158
9250,140,266,526,-126
9251,251,388,809,-137
9252,159,297,579,-138
9253,172,322,637,-150
9254,281,421,898,-140
9255,252,399,820,-147
9256,229,382,762,-153
9257,157,303,591,-146
9258,161,310,595,-149
9259,309,458,955,-149
9260,232,374,786,-142
9261,147,298,550,-151
9262,240,378,786,-138
9263,152,286,573,-134
9264,208,349,713,-141
9265,154,286,567,-132
9266,284,429,908,-145
9267,247,381,806,-134
9268,201,331,681,-130
9269,319,449,985,-130
9270,273,409,878,-136
9271,294,426,919,-132
9272,230,369,758,-139
9273,182,323,642,-141
9274,268,401,855,-133
9275,162,310,599,-148
9276,156,302,603,-146
9277,287,430,906,-143
9278,174,323,629,-149
9279,174,323,635,-149
9280,174,329,648,-155
9281,168,317,623,-149
9282,173,328,640,-155
9283,175,329,638,-154
9284,183,345,678,-162
9285,246,403,825,-157
9286,176,331,646,-155
9287,257,419,847,-162
9288,219,400,751,-181
9289,207,375,751,-168
9290,298,450,946,-152
9291,236,392,806,-156
9292,180,342,673,-162
9293,263,422,863,-159
9294,332,484,1030,-152
9295,367,532,1141,-165
9296,354,509,1084,-155
9297,351,506,1085,-155
9298,365,522,1119,-157
9299,292,445,932,-153
9300,310,484,983,-174
9301,371,671,1215,-300
9302,315,467,969,-152
9303,126,265,493,-139
9304,310,437,954,-127
9305,335,465,1020,-130
9306,123,248,483,-125
9307,123,250,486,-127
9308,118,244,476,-126
9309,128,257,503,-129
9310,353,481,1066,-128
9311,359,486,1072,-127
9312,119,246,476,-127
9313,117,243,471,-126
9314,130,256,502,-126
9315,114,240,469,-126
9316,122,249,483,-127
9317,118,245,473,-127
9318,126,251,492,-125
9319,117,244,469,-127
9320,121,247,479,-126
9321,115,241,462,-126
9322,121,247,481,-126
9323,119,246,473,-127
9324,120,248,484,-128
9325,117,241,467,-124
9326,120,246,479,-126
9327,120,245,476,-125
9328,117,245,475,-128
9329,119,246,477,-127
9330,120,248,478,-128
9331,119,247,479,-128
9332,122,251,483,-129
9333,114,241,463,-127
9334,120,247,477,-127
9335,119,246,476,-127
9336,123,247,481,-124
9337,121,248,481,-127
9338,200,329,683,-129
9339,257,385,815,-128
9340,122,248,483,-126
9341,340,468,1028,-128
9342,330,459,1004,-129
9343,290,416,901,-126
9344,115,242,465,-127
9345,121,249,481,-128
9346,330,458,1006,-128
9347,120,246,477,-126
9348,118,247,480,-129
9349,120,247,477,-127
9350,119,248,481,-129
9351,120,247,476,-127
9352,336,465,1018,-129
9353,121,248,482,-127
9354,113,240,461,-127
9355,121,247,480,-126
9356,118,242,473,-124
9357,117,242,469,-125
9358,332,460,1010,-128
9359,122,248,482,-126
9360,330,460,1011,-130
9361,122,249,484,-127
9362,332,458,1005,-126
9363,122,247,483,-125
9364,332,458,1006,-126
9365,122,248,478,-126
9366,120,245,475,-125
9367,287,415,898,-128
9368,116,242,469,-126
9369,120,247,479,-127
9370,121,247,478,-126
9371,312,440,959,-128
9372,120,247,475,-127
9373,120,247,479,-127
9374,331,458,1008,-127
9375,120,248,479,-128
9376,287,416,900,-129
9377,117,244,473,-127
9378,116,244,469,-128
9379,288,417,900,-129
9380,118,247,475,-129
9381,122,249,488,-127
9382,289,415,898,-126
9383,121,250,488,-129
9384,333,459,1005,-126
9385,121,248,478,-127
9386,288,416,901,-128
9387,119,246,474,-127
9388,332,461,1013,-129
9389,122,250,484,-128
9390,333,460,1009,-127
9391,120,247,481,-127
9392,118,244,474,-126
9393,120,247,479,-127
9394,121,247,479,-126
9395,314,440,960,-126
9396,119,246,478,-127
9397,119,246,475,-127
9398,118,245,471,-127
9399,333,459,1012,-126
9400,117,244,473,-127
9401,391,662,1286,-271
9402,131,270,522,-139
9403,371,509,1115,-138
9404,372,511,1123,-139
9405,131,270,520,-139
9406,131,270,522,-139
9407,394,533,1184,-139
9408,355,495,1085,-140
9409,130,271,522,-141
9410,132,267,520,-135
9411,389,528,1170,-139
9412,325,466,1008,-141
9413,132,273,532,-141
9414,126,265,507,-139
9415,132,269,518,-137
9416,132,268,518,-136
9417,134,270,525,-136
9418,125,264,505,-139
9419,134,270,526,-136
9420,128,264,512,-136
9421,132,271,520,-139
9422,129,267,518,-138
9423,131,267,524,-136
9424,391,694,1314,-303
9425,217,366,745,-149
9426,301,456,963,-155
9427,242,397,814,-155
9428,292,440,935,-148
9429,306,455,965,-149
9430,168,325,642,-157
9431,213,376,752,-163
9432,148,293,569,-145
9433,257,409,847,-152
9434,284,439,920,-155
9435,264,411,869,-147
9436,259,419,859,-160
9437,315,489,1030,-174
9438,292,461,959,-169
9439,251,415,851,-164
9440,182,336,662,-154
9441,270,423,870,-153
9442,383,542,1180,-159
9443,156,298,593,-142
9444,294,439,934,-145
9445,283,426,910,-143
9446,390,535,1174,-145
9447,163,335,632,-172
9448,309,466,985,-157
9449,171,313,626,-142
9450,331,475,1026,-144
9451,187,346,674,-159
9452,257,403,841,-146
9453,296,448,940,-152
9454,368,517,1119,-149
9455,349,505,1093,-156
9456,361,523,1117,-162
9457,274,450,912,-176
9458,300,469,983,-169
9459,188,356,691,-168
9460,192,360,693,-168
9461,378,549,1176,-171
9462,420,588,1276,-168
9463,345,523,1101,-178
9464,273,447,918,-174
9465,281,455,932,-174
9466,199,371,725,-172
9467,197,370,721,-173
9468,325,498,1034,-173
9469,238,415,831,-177
9470,278,449,922,-171
9471,182,355,686,-173
9472,269,436,896,-167
9473,246,396,826,-150
9474,390,551,1197,-161
9475,166,315,618,-149
9476,177,331,648,-154
9477,157,316,585,-159
9478,142,287,557,-145
9479,155,311,593,-156
9480,158,309,598,-151
9481,141,300,565,-159
9482,144,299,569,-155
9483,344,487,1054,-143
9484,253,399,831,-146
9485,289,443,925,-154
9486,331,493,1040,-162
9487,297,449,946,-152
9488,382,547,1182,-165
9489,350,517,1091,-167
9490,370,525,1141,-155
9491,218,383,774,-165
9492,154,305,597,-151
9493,269,429,886,-160
9494,315,464,992,-149
9495,350,509,1093,-159
9496,346,502,1080,-156
9497,271,435,908,-164
9498,368,518,1129,-150
9499,293,458,951,-165
9500,335,502,1058,-167
9501,450,879,1558,-429
9502,262,499,951,-237
9503,185,393,735,-208
9504,173,360,685,-187
9505,332,514,1097,-182
9506,346,524,1103,-178
9507,403,751,1345,-348
9508,440,682,1444,-242
9509,639,792,1816,-153
9510,284,440,930,-156
9511,386,551,1188,-165
9512,201,367,723,-166
9513,166,325,624,-159
9514,335,501,1073,-166
9515,213,362,743,-149
9516,381,529,1164,-148
9517,348,516,1080,-168
9518,232,392,804,-160
9519,260,401,851,-141
9520,224,380,755,-156
9521,361,510,1107,-149
9522,219,384,774,-165
9523,160,330,626,-170
9524,279,436,914,-157
9525,235,398,800,-163
9526,273,434,904,-161
9527,260,402,841,-142
9528,373,550,1158,-177
9529,132,282,518,-150
9530,137,277,545,-140
9531,128,270,520,-142
9532,360,502,1105,-142
9533,137,274,543,-137
9534,133,272,532,-139
9535,138,277,538,-139
9536,133,269,522,-136
9537,139,276,540,-137
9538,133,269,528,-136
9539,136,274,539,-138
9540,316,456,983,-140
9541,123,263,504,-140
9542,134,272,526,-138
9543,362,501,1105,-139
9544,131,268,520,-137
9545,331,469,1024,-138
9546,132,266,518,-134
9547,397,535,1187,-138
9548,366,505,1107,-139
9549,135,274,536,-139
9550,221,357,741,-136
9551,338,474,1034,-136
9552,130,270,518,-140
9553,195,338,699,-143
9554,214,353,727,-139
9555,377,514,1130,-137
9556,337,476,1045,-139
9557,137,274,535,-137
9558,128,270,520,-142
9559,213,353,733,-140
9560,377,516,1133,-139
9561,350,490,1070,-140
9562,131,270,524,-139
9563,129,268,520,-139
9564,363,503,1105,-140
9565,137,276,532,-139
9566,127,269,520,-142
9567,139,277,544,-138
9568,371,510,1119,-139
9569,361,499,1093,-138
9570,131,270,520,-139
9571,138,278,543,-140
9572,131,270,526,-139
9573,139,276,538,-137
9574,133,274,530,-141
9575,134,273,532,-139
9576,374,514,1127,-140
9577,375,514,1127,-139
9578,133,272,522,-139
9579,355,494,1085,-139
9580,130,271,524,-141
9581,125,263,501,-138
9582,127,270,520,-143
9583,129,269,516,-140
9584,129,268,510,-139
9585,131,270,524,-139
9586,135,270,526,-135
9587,129,268,518,-139
9588,130,270,526,-140
9589,130,270,527,-140
9590,131,270,526,-139
9591,129,269,520,-140
9592,130,268,520,-138
9593,127,266,511,-139
9594,129,268,520,-139
9595,127,265,511,-138
9596,131,270,533,-139
9597,126,266,509,-140
9598,132,270,523,-138
9599,129,268,520,-139
9600,134,272,526,-138
9601,398,678,1294,-280
9602,133,262,514,-129
9603,124,255,493,-131
9604,353,487,1067,-134
9605,321,453,991,-132
9606,133,309,591,-176
9607,277,508,951,-231
9608,342,644,1209,-302
9609,329,484,1040,-155
9610,174,337,658,-163
9611,162,307,606,-145
9612,157,305,603,-148
9613,171,328,638,-157
9614,153,317,598,-164
9615,158,322,622,-164
9616,151,301,587,-150
9617,138,292,548,-154
9618,137,281,543,-144
9619,144,282,552,-138
9620,160,320,630,-160
9621,203,361,709,-158
9622,243,395,822,-152
9623,170,322,636,-152
9624,245,404,822,-159
9625,273,424,904,-151
9626,381,530,1160,-149
9627,189,334,664,-145
9628,291,430,917,-139
9629,274,414,876,-140
9630,170,325,646,-155
9631,278,434,902,-156
9632,255,399,839,-144
9633,312,456,987,-144
9634,177,317,638,-140
9635,284,427,908,-143
9636,260,415,867,-155
9637,171,319,623,-148
9638,281,434,912,-153
9639,372,521,1129,-149
9640,327,483,1034,-156
9641,258,421,865,-163
9642,179,341,668,-162
9643,186,358,703,-172
9644,413,593,1277,-180
9645,384,551,1174,-167
9646,336,507,1066,-171
9647,309,486,1018,-177
9648,423,596,1289,-173
9649,411,577,1245,-166
9650,411,588,1274,-177
9651,347,520,1099,-173
9652,400,572,1227,-172
9653,315,480,1014,-165
9654,191,357,697,-166
9655,315,485,1010,-170
9656,304,471,985,-167
9657,291,460,951,-169
9658,196,369,721,-173
9659,356,524,1117,-168
9660,277,443,916,-166
9661,324,493,1034,-169
9662,389,559,1199,-170
9663,312,478,1005,-166
9664,196,366,721,-170
9665,270,437,905,-167
9666,224,397,788,-173
9667,309,483,1001,-174
9668,256,436,867,-180
9669,223,396,780,-173
9670,294,484,967,-190
9671,257,430,864,-173
9672,237,398,810,-161
9673,270,437,898,-167
9674,196,365,717,-169
9675,191,356,702,-165
9676,278,448,925,-170
9677,188,354,690,-166
9678,285,457,937,-172
9679,186,352,680,-166
9680,189,367,715,-178
9681,189,351,686,-162
9682,186,354,693,-168
9683,186,356,686,-170
9684,188,355,688,-167
9685,177,362,709,-185
9686,193,371,713,-178
9687,194,357,702,-163
9688,188,355,695,-167
9689,197,368,721,-171
9690,201,370,731,-169
9691,188,362,701,-174
9692,199,367,725,-168
9693,198,365,715,-167
9694,201,374,741,-173
9695,202,374,735,-172
9696,200,376,734,-176
9697,193,366,713,-173
9698,199,367,721,-168
9699,189,361,703,-172
9700,191,362,703,-171
9701,437,800,1479,-363
9702,257,423,866,-166
9703,277,451,929,-174
9704,280,456,936,-176
9705,212,378,760,-166
9706,477,671,1389,-194
9707,333,525,1150,-192
9708,130,276,526,-146
9709,347,493,1075,-146
9710,356,502,1091,-146
9711,147,302,597,-155
9712,445,590,1314,-145
9713,137,284,549,-147
9714,399,543,1193,-144
9715,134,277,534,-143
9716,410,556,1231,-146
9717,134,278,538,-144
9718,340,487,1054,-147
9719,136,280,547,-144
9720,146,291,565,-145
9721,375,523,1149,-148
9722,133,278,530,-145
9723,140,287,558,-147
9724,135,281,544,-146
9725,144,290,564,-146
9726,137,285,546,-148
9727,385,532,1170,-147
9728,142,288,555,-146
9729,135,280,539,-145
9730,144,287,559,-143
9731,134,279,541,-145
9732,329,477,1034,-148
9733,133,278,531,-145
9734,133,278,535,-145
9735,136,282,549,-146
9736,329,478,1036,-149
9737,135,280,535,-145
9738,131,278,535,-147
9739,130,276,533,-146
9740,395,542,1194,-147
9741,135,282,540,-147
9742,131,279,536,-148
9743,137,281,540,-144
9744,130,277,530,-147
9745,134,280,539,-146
9746,132,280,539,-148
9747,133,279,540,-146
9748,133,278,540,-145
9749,134,283,544,-149
9750,383,529,1166,-146
9751,132,278,537,-146
9752,134,280,540,-146
9753,136,282,546,-146
9754,136,283,544,-147
9755,135,280,540,-145
9756,382,528,1159,-146
9757,134,280,540,-146
9758,132,278,540,-146
9759,367,514,1120,-147
9760,130,278,540,-148
9761,138,285,550,-147
9762,380,528,1158,-148
9763,135,279,534,-144
9764,130,277,534,-147
9765,132,277,533,-145
9766,137,284,545,-147
9767,381,526,1156,-145
9768,134,280,542,-146
9769,133,275,531,-142
9770,130,276,530,-146
9771,130,276,530,-146
9772,134,279,540,-145
9773,134,276,536,-142
9774,370,517,1126,-147
9775,135,281,542,-146
9776,369,517,1131,-148
9777,132,277,532,-145
9778,136,282,545,-146
9779,132,278,536,-146
9780,370,517,1129,-147
9781,131,277,534,-146
9782,132,278,535,-146
9783,133,280,540,-147
9784,134,279,538,-145
9785,372,518,1135,-146
9786,134,279,536,-145
9787,381,526,1156,-145
9788,134,280,544,-146
9789,371,516,1131,-145
9790,132,278,531,-146
9791,132,276,534,-144
9792,412,664,1313,-252
9793,415,573,1247,-158
9794,354,533,1125,-179
9795,324,485,1020,-161
9796,172,341,676,-169
9797,252,397,835,-145
9798,409,579,1255,-170
9799,292,448,946,-156
9800,177,352,660,-175
9801,468,790,1540,-322
9802,286,534,999,-248
9803,291,463,939,-172
9804,294,451,940,-157
9805,384,547,1176,-163
9806,340,506,1074,-166
9807,21358,21879,53710,-521
9808,171,341,656,-170
9809,245,416,849,-171
9810,158,312,601,-154
9811,630,818,1774,-188
9812,140,286,557,-146
9813,428,579,1284,-151
9814,385,533,1172,-148
9815,139,285,555,-146
9816,136,283,546,-147
9817,338,538,1180,-200
9818,272,417,880,-145
9819,133,280,536,-147
9820,139,284,556,-145
9821,136,284,550,-148
9822,415,561,1239,-146
9823,388,535,1177,-147
9824,138,286,551,-148
9825,142,288,562,-146
9826,140,283,550,-143
9827,136,283,548,-147
9828,142,288,563,-146
9829,134,280,543,-146
9830,413,559,1235,-146
9831,381,525,1153,-144
9832,141,286,560,-145
9833,136,283,547,-147
9834,405,551,1219,-146
9835,381,525,1154,-144
9836,139,285,555,-146
9837,138,284,552,-146
9838,140,287,558,-147
9839,140,284,550,-144
9840,139,284,554,-145
9841,136,280,540,-144
9842,406,553,1223,-147
9843,394,537,1186,-143
9844,139,286,556,-147
9845,133,277,536,-144
9846,396,541,1196,-145
9847,380,525,1156,-145
9848,143,288,561,-145
9849,130,278,536,-148
9850,138,283,548,-145
9851,137,281,542,-144
9852,137,283,551,-146
9853,136,281,545,-145
9854,144,290,561,-146
9855,138,284,549,-146
9856,139,284,551,-145
9857,136,282,549,-146
9858,142,288,561,-146
9859,138,283,549,-145
9860,139,284,549,-145
9861,132,280,539,-148
9862,139,284,553,-145
9863,138,285,554,-147
9864,136,283,548,-147
9865,134,280,536,-146
9866,138,284,551,-146
9867,134,281,539,-147
9868,140,287,559,-147
9869,134,279,540,-145
9870,142,289,560,-147
9871,132,279,534,-147
9872,142,288,559,-146
9873,128,275,528,-147
9874,140,284,553,-144
9875,134,280,543,-146
9876,141,287,559,-146
9877,133,276,540,-143
9878,141,287,557,-146
9879,132,279,532,-147
9880,142,288,556,-146
9881,135,280,540,-145
9882,140,286,552,-146
9883,134,280,539,-146
9884,139,286,551,-147
9885,130,276,528,-146
9886,141,286,558,-145
9887,133,280,542,-147
9888,136,283,548,-147
9889,134,278,539,-144
9890,145,349,713,-204
9891,323,469,1011,-146
9892,137,282,547,-145
9893,141,286,559,-145
9894,135,280,543,-145
9895,384,529,1160,-145
9896,141,286,563,-145
9897,404,549,1211,-145
9898,364,509,1113,-145
9899,139,284,552,-145
9900,135,280,539,-145
9901,421,666,1341,-245
9902,272,502,1088,-230
9903,333,517,1123,-184
9904,125,291,564,-166
9905,145,299,577,-154
9906,422,574,1264,-152
9907,417,572,1259,-155
9908,144,298,577,-154
9909,142,295,569,-153
9910,387,539,1184,-152
9911,146,299,577,-153
9912,145,300,583,-155
9913,146,299,579,-153
9914,149,304,596,-155
9915,375,529,1150,-154
9916,152,304,587,-152
9917,143,297,577,-154
9918,147,297,579,-150
9919,277,430,910,-153
9920,393,545,1190,-152
9921,145,297,573,-152
9922,153,305,591,-152
9923,438,595,1314,-157
9924,398,551,1216,-153
9925,152,367,751,-215
9926,346,498,1080,-152
9927,142,295,570,-153
9928,429,583,1288,-154
9929,426,581,1290,-155
9930,351,503,1092,-152
9931,149,300,589,-151
9932,144,297,581,-153
9933,147,301,585,-154
9934,147,299,577,-152
9935,150,302,587,-152
9936,145,298,575,-153
9937,153,304,598,-151
9938,147,302,581,-155
9939,156,313,608,-157
9940,150,304,583,-154
9941,347,502,1087,-155
9942,154,307,595,-153
9943,401,555,1220,-154
9944,148,300,581,-152
9945,144,296,572,-152
9946,147,302,585,-155
9947,145,297,581,-152
9948,348,502,1087,-154
9949,143,295,573,-152
9950,148,301,583,-153
9951,141,294,571,-153
9952,147,298,583,-151
9953,143,299,573,-156
9954,376,531,1162,-155
9955,140,295,565,-155
9956,148,304,585,-156
9957,137,290,559,-153
9958,377,533,1160,-156
9959,143,296,575,-153
9960,401,554,1225,-153
9961,145,299,579,-154
9962,146,298,585,-152
9963,401,554,1223,-153
9964,146,301,583,-155
9965,403,555,1221,-152
9966,149,302,585,-153
9967,146,297,579,-151
9968,145,299,581,-154
9969,145,296,573,-151
9970,403,559,1229,-156
9971,144,299,577,-155
9972,148,302,583,-154
9973,142,298,569,-156
9974,149,303,587,-154
9975,349,505,1091,-156
9976,407,725,1345,-318
9977,326,482,1030,-156
9978,358,535,1146,-177
9979,213,391,782,-178
9980,432,611,1318,-179
9981,245,404,836,-159
9982,169,324,642,-155
9983,317,481,1024,-164
9984,364,527,1142,-163
9985,218,402,790,-184
9986,182,351,685,-169
9987,185,363,695,-178
9988,300,472,975,-172
9989,424,652,1416,-228
9990,495,682,1489,-187
9991,374,538,1172,-164
9992,192,373,738,-181
9993,177,354,686,-177
9994,293,452,949,-159
9995,161,331,634,-170
9996,166,324,638,-158
9997,201,386,764,-185
9998,291,454,946,-163
9999,186,352,693,-166
