measurement_id,time_diff_ns,cycles_diff,zero_diff
0,54,117,0
1,38,97,0
2,39,101,0
3,40,99,0
4,38,98,0
5,39,99,0
6,40,97,0
7,39,98,0
8,40,98,0
9,39,98,0
10,39,98,0
11,40,100,0
12,39,99,0
13,40,97,0
14,39,99,0
15,40,97,0
16,39,97,0
17,39,99,0
18,40,97,0
19,40,99,0
20,39,99,0
21,40,101,0
22,38,99,0
23,40,100,0
24,40,97,0
25,39,101,0
26,39,97,0
27,39,97,0
28,38,98,0
29,38,98,0
30,39,100,0
31,40,98,0
32,39,100,0
33,40,97,0
34,38,99,0
35,41,101,0
36,39,100,0
37,39,99,0
38,40,101,0
39,40,97,0
40,39,99,0
41,39,98,0
42,40,100,0
43,40,99,0
44,40,99,0
45,39,99,0
46,40,101,0
47,40,100,0
48,41,97,0
49,40,99,0
50,39,98,0
51,39,98,0
52,39,97,0
53,39,99,0
54,40,97,0
55,39,99,0
56,41,97,0
57,39,99,0
58,40,99,0
59,39,101,0
60,38,100,0
61,40,99,0
62,40,99,0
63,39,99,0
64,40,100,0
65,39,95,0
66,38,101,0
67,39,100,0
68,39,98,0
69,40,98,0
70,39,98,0
71,39,96,0
72,39,98,0
73,40,100,0
74,41,99,0
75,39,99,0
76,39,99,0
77,39,100,0
78,39,97,0
79,40,99,0
80,39,97,0
81,40,101,0
82,39,98,0
83,39,97,0
84,40,97,0
85,40,99,0
86,39,99,0
87,41,97,0
88,40,97,0
89,38,101,0
90,39,98,0
91,40,98,0
92,39,100,0
93,39,98,0
94,39,96,0
95,40,96,0
96,40,98,0
97,39,100,0
98,40,99,0
99,40,101,0
100,41,99,0
101,38,97,0
102,40,99,0
103,38,99,0
104,60,98,0
105,39,95,0
106,38,98,0
107,39,98,0
108,39,96,0
109,40,100,0
110,39,97,0
111,40,99,0
112,40,96,0
113,39,96,0
114,40,97,0
115,40,99,0
116,39,97,0
117,38,99,0
118,41,97,0
119,40,95,0
120,40,98,0
121,39,98,0
122,39,96,0
123,40,100,0
124,40,100,0
125,39,99,0
126,40,100,0
127,39,99,0
128,39,97,0
129,39,99,0
130,40,101,0
131,40,102,0
132,39,98,0
133,40,100,0
134,39,97,0
135,39,99,0
136,39,95,0
137,40,97,0
138,40,99,0
139,39,97,0
140,38,99,0
141,40,98,0
142,40,100,0
143,39,97,0
144,40,97,0
145,40,97,0
146,39,99,0
147,39,99,0
148,39,97,0
149,40,99,0
150,40,97,0
151,39,99,0
152,40,99,0
153,40,99,0
154,39,101,0
155,39,98,0
156,40,98,0
157,39,98,0
158,40,98,0
159,39,98,0
160,39,98,0
161,40,98,0
162,39,96,0
163,39,98,0
164,39,98,0
165,40,98,0
166,40,100,0
167,40,98,0
168,39,98,0
169,39,99,0
170,40,99,0
171,40,101,0
172,40,99,0
173,39,97,0
174,39,97,0
175,40,99,0
176,40,101,0
177,40,96,0
178,38,98,0
179,39,98,0
180,40,100,0
181,39,99,0
182,39,99,0
183,39,99,0
184,39,99,0
185,40,99,0
186,40,97,0
187,41,99,0
188,40,99,0
189,40,99,0
190,39,99,0
191,40,100,0
192,39,100,0
193,38,99,0
194,39,101,0
195,40,98,0
196,40,97,0
197,40,98,0
198,38,98,0
199,39,100,0
200,40,99,0
201,40,99,0
202,40,99,0
203,40,99,0
204,40,97,0
205,39,97,0
206,40,101,0
207,39,96,0
208,39,98,0
209,39,96,0
210,39,98,0
211,40,98,0
212,40,96,0
213,40,98,0
214,38,100,0
215,39,98,0
216,39,99,0
217,39,97,0
218,39,97,0
219,40,99,0
220,39,99,0
221,40,99,0
222,40,95,0
223,40,101,0
224,40,100,0
225,39,97,0
226,40,97,0
227,41,99,0
228,39,99,0
229,39,99,0
230,38,99,0
231,39,97,0
232,40,101,0
233,39,98,0
234,39,98,0
235,39,98,0
236,38,98,0
237,39,98,0
238,40,98,0
239,38,98,0
240,39,98,0
241,39,98,0
242,40,98,0
243,40,100,0
244,38,98,0
245,39,98,0
246,39,96,0
247,39,98,0
248,40,98,0
249,39,100,0
250,39,95,0
251,39,97,0
252,39,101,0
253,40,98,0
254,40,98,0
255,40,100,0
256,40,97,0
257,40,99,0
258,39,97,0
259,40,99,0
260,39,97,0
261,39,97,0
262,38,96,0
263,39,98,0
264,38,100,0
265,38,99,0
266,41,97,0
267,39,99,0
268,39,99,0
269,40,99,0
270,40,97,0
271,40,99,0
272,39,101,0
273,39,100,0
274,38,99,0
275,39,100,0
276,39,97,0
277,39,99,0
278,38,97,0
279,39,99,0
280,40,101,0
281,39,96,0
282,39,100,0
283,40,99,0
284,40,99,0
285,40,101,0
286,39,99,0
287,39,99,0
288,40,97,0
289,39,97,0
290,40,97,0
291,39,97,0
292,40,97,0
293,39,97,0
294,38,97,0
295,39,101,0
296,39,96,0
297,40,96,0
298,40,98,0
299,39,98,0
300,39,98,0
301,39,96,0
302,39,98,0
303,40,98,0
304,40,98,0
305,39,98,0
306,38,98,0
307,38,98,0
308,40,96,0
309,40,98,0
310,39,98,0
311,40,98,0
312,40,98,0
313,39,96,0
314,38,98,0
315,39,96,0
316,40,98,0
317,40,98,0
318,39,100,0
319,40,98,0
320,39,99,0
321,39,97,0
322,39,99,0
323,40,99,0
324,38,99,0
325,39,99,0
326,39,99,0
327,39,99,0
328,40,97,0
329,38,99,0
330,39,97,0
331,39,99,0
332,40,99,0
333,39,99,0
334,38,97,0
335,40,98,0
336,39,97,0
337,39,101,0
338,39,99,0
339,39,99,0
340,39,99,0
341,39,99,0
342,60,101,0
343,38,98,0
344,38,99,0
345,39,98,0
346,40,97,0
347,39,98,0
348,38,98,0
349,39,100,0
350,40,97,0
351,39,98,0
352,39,96,0
353,39,100,0
354,39,97,0
355,39,99,0
356,40,99,0
357,39,99,0
358,41,97,0
359,39,97,0
360,40,101,0
361,39,100,0
362,39,97,0
363,39,101,0
364,40,98,0
365,40,98,0
366,39,98,0
367,39,98,0
368,39,100,0
369,39,97,0
370,39,97,0
371,38,99,0
372,38,97,0
373,40,99,0
374,40,97,0
375,40,97,0
376,41,95,0
377,40,98,0
378,40,96,0
379,40,96,0
380,40,98,0
381,39,98,0
382,39,98,0
383,39,98,0
384,39,98,0
385,38,98,0
386,39,100,0
387,40,99,0
388,40,99,0
389,40,99,0
390,39,99,0
391,40,99,0
392,41,99,0
393,39,101,0
394,39,97,0
395,39,101,0
396,39,98,0
397,39,98,0
398,39,98,0
399,40,98,0
400,38,98,0
401,41,96,0
402,38,98,0
403,40,96,0
404,39,98,0
405,39,98,0
406,39,98,0
407,40,97,0
408,39,97,0
409,40,97,0
410,41,97,0
411,38,99,0
412,40,97,0
413,40,99,0
414,39,99,0
415,40,99,0
416,40,97,0
417,39,99,0
418,39,97,0
419,40,97,0
420,39,103,0
421,40,98,0
422,39,98,0
423,40,97,0
424,39,97,0
425,40,101,0
426,39,98,0
427,40,98,0
428,38,96,0
429,39,98,0
430,39,98,0
431,40,100,0
432,39,98,0
433,39,100,0
434,40,99,0
435,39,97,0
436,38,97,0
437,41,99,0
438,38,99,0
439,40,101,0
440,38,99,0
441,39,99,0
442,40,97,0
443,39,101,0
444,40,96,0
445,38,98,0
446,38,100,0
447,40,97,0
448,39,97,0
449,38,97,0
450,40,100,0
451,39,101,0
452,39,98,0
453,40,98,0
454,40,98,0
455,38,98,0
456,40,100,0
457,39,97,0
458,39,97,0
459,40,99,0
460,39,99,0
461,40,99,0
462,40,101,0
463,39,99,0
464,40,97,0
465,39,101,0
466,39,98,0
467,39,98,0
468,39,98,0
469,40,100,0
470,39,100,0
471,39,99,0
472,41,97,0
473,39,97,0
474,40,97,0
475,40,97,0
476,41,99,0
477,40,97,0
478,39,101,0
479,40,98,0
480,40,100,0
481,40,98,0
482,40,98,0
483,39,98,0
484,39,100,0
485,40,99,0
486,39,99,0
487,39,95,0
488,39,101,0
489,38,98,0
490,40,100,0
491,40,98,0
492,39,98,0
493,40,98,0
494,39,98,0
495,40,100,0
496,40,99,0
497,39,99,0
498,40,101,0
499,39,98,0
500,40,98,0
501,40,100,0
502,40,102,0
503,40,97,0
504,41,101,0
505,39,98,0
506,38,98,0
507,40,100,0
508,40,97,0
509,40,99,0
510,39,100,0
511,40,98,0
512,39,96,0
513,41,97,0
514,39,99,0
515,40,101,0
516,39,98,0
517,39,98,0
518,39,96,0
519,40,98,0
520,40,100,0
521,39,97,0
522,40,97,0
523,41,99,0
524,39,99,0
525,40,95,0
526,38,101,0
527,39,98,0
528,39,98,0
529,40,98,0
530,41,98,0
531,39,98,0
532,39,100,0
533,39,99,0
534,39,99,0
535,39,99,0
536,39,97,0
537,40,99,0
538,39,99,0
539,39,99,0
540,41,99,0
541,39,97,0
542,39,99,0
543,40,97,0
544,39,100,0
545,39,101,0
546,40,98,0
547,39,98,0
548,38,98,0
549,39,98,0
550,41,100,0
551,40,97,0
552,39,99,0
553,39,101,0
554,40,97,0
555,39,97,0
556,40,97,0
557,39,99,0
558,39,97,0
559,40,99,0
560,39,99,0
561,40,97,0
562,41,97,0
563,40,97,0
564,38,101,0
565,39,98,0
566,39,97,0
567,40,97,0
568,39,98,0
569,39,100,0
570,39,98,0
571,40,100,0
572,39,99,0
573,39,97,0
574,40,99,0
575,41,99,0
576,41,97,0
577,39,97,0
578,40,97,0
579,40,97,0
580,40,97,0
581,39,99,0
582,39,99,0
583,39,97,0
584,39,99,0
585,39,101,0
586,38,98,0
587,40,95,0
588,40,98,0
589,39,100,0
590,40,98,0
591,40,100,0
592,39,97,0
593,40,99,0
594,40,97,0
595,39,97,0
596,39,99,0
597,38,97,0
598,39,99,0
599,41,99,0
600,39,101,0
601,39,99,0
602,39,99,0
603,39,99,0
604,39,97,0
605,39,99,0
606,39,99,0
607,40,97,0
608,38,97,0
609,39,97,0
610,39,97,0
611,39,97,0
612,39,99,0
613,39,99,0
614,39,97,0
615,39,97,0
616,39,97,0
617,39,97,0
618,38,97,0
619,39,101,0
620,39,96,0
621,39,98,0
622,39,98,0
623,39,98,0
624,40,98,0
625,39,98,0
626,39,98,0
627,39,100,0
628,39,99,0
629,39,97,0
630,40,100,0
631,40,97,0
632,40,97,0
633,40,97,0
634,40,97,0
635,39,101,0
636,40,98,0
637,40,98,0
638,39,98,0
639,38,98,0
640,39,98,0
641,39,100,0
642,39,98,0
643,40,100,0
644,38,97,0
645,40,101,0
646,39,98,0
647,40,100,0
648,39,99,0
649,39,101,0
650,39,99,0
651,41,99,0
652,40,99,0
653,39,98,0
654,39,98,0
655,39,98,0
656,40,100,0
657,40,99,0
658,39,99,0
659,39,99,0
660,40,97,0
661,40,97,0
662,39,97,0
663,40,99,0
664,39,99,0
665,41,101,0
666,39,98,0
667,40,97,0
668,39,95,0
669,39,98,0
670,39,100,0
671,39,98,0
672,40,100,0
673,39,101,0
674,39,98,0
675,40,98,0
676,40,98,0
677,39,100,0
678,46,102,0
679,40,96,0
680,38,95,0
681,40,98,0
682,40,101,0
683,40,98,0
684,39,100,0
685,38,99,0
686,39,98,0
687,39,98,0
688,38,100,0
689,40,97,0
690,40,100,0
691,39,100,0
692,38,99,0
693,40,98,0
694,40,100,0
695,39,98,0
696,39,98,0
697,39,97,0
698,39,99,0
699,39,99,0
700,40,97,0
701,39,101,0
702,40,96,0
703,39,98,0
704,39,98,0
705,38,98,0
706,38,98,0
707,39,100,0
708,40,96,0
709,38,98,0
710,40,98,0
711,39,96,0
712,39,102,0
713,39,97,0
714,38,99,0
715,39,99,0
716,39,99,0
717,41,97,0
718,39,97,0
719,40,97,0
720,40,97,0
721,39,97,0
722,40,101,0
723,40,98,0
724,40,100,0
725,38,97,0
726,40,99,0
727,39,99,0
728,39,97,0
729,40,97,0
730,39,99,0
731,39,97,0
732,39,99,0
733,40,97,0
734,39,99,0
735,39,97,0
736,38,99,0
737,39,99,0
738,40,97,0
739,39,97,0
740,39,99,0
741,38,99,0
742,39,99,0
743,40,97,0
744,38,99,0
745,39,97,0
746,39,99,0
747,39,97,0
748,39,99,0
749,39,99,0
750,39,99,0
751,39,97,0
752,39,99,0
753,39,99,0
754,40,101,0
755,39,97,0
756,39,99,0
757,40,97,0
758,38,101,0
759,40,96,0
760,39,98,0
761,39,96,0
762,39,98,0
763,39,98,0
764,40,98,0
765,39,98,0
766,39,98,0
767,39,98,0
768,39,100,0
769,39,100,0
770,39,99,0
771,39,97,0
772,39,97,0
773,40,99,0
774,40,101,0
775,41,97,0
776,39,99,0
777,39,97,0
778,38,99,0
779,39,95,0
780,40,97,0
781,39,97,0
782,39,101,0
783,38,100,0
784,39,100,0
785,39,99,0
786,40,99,0
787,39,99,0
788,38,97,0
789,40,99,0
790,39,98,0
791,38,98,0
792,40,98,0
793,38,98,0
794,39,96,0
795,38,98,0
796,39,96,0
797,39,96,0
798,40,100,0
799,39,97,0
800,40,97,0
801,39,99,0
802,39,100,0
803,39,99,0
804,39,99,0
805,38,99,0
806,39,101,0
807,39,98,0
808,39,98,0
809,39,97,0
810,39,99,0
811,40,99,0
812,39,101,0
813,39,98,0
814,40,100,0
815,40,99,0
816,39,99,0
817,39,99,0
818,40,99,0
819,40,97,0
820,40,97,0
821,38,101,0
822,39,98,0
823,38,96,0
824,40,98,0
825,39,100,0
826,39,97,0
827,41,97,0
828,39,100,0
829,40,98,0
830,39,100,0
831,39,100,0
832,40,97,0
833,41,97,0
834,40,98,0
835,39,100,0
836,40,100,0
837,39,101,0
838,40,100,0
839,40,99,0
840,39,101,0
841,41,99,0
842,39,101,0
843,39,97,0
844,40,99,0
845,39,98,0
846,40,101,0
847,39,97,0
848,39,99,0
849,40,95,0
850,39,98,0
851,41,98,0
852,39,100,0
853,39,98,0
854,39,98,0
855,40,99,0
856,41,97,0
857,39,101,0
858,40,96,0
859,40,100,0
860,39,101,0
861,39,99,0
862,40,99,0
863,38,98,0
864,39,98,0
865,40,98,0
866,39,98,0
867,39,100,0
868,40,101,0
869,40,100,0
870,40,100,0
871,39,102,0
872,39,100,0
873,40,100,0
874,40,98,0
875,41,99,0
876,40,99,0
877,39,99,0
878,39,101,0
879,39,99,0
880,39,101,0
881,41,98,0
882,40,98,0
883,39,99,0
884,39,101,0
885,40,98,0
886,40,100,0
887,39,100,0
888,40,97,0
889,40,97,0
890,38,98,0
891,40,100,0
892,39,98,0
893,39,100,0
894,40,98,0
895,40,100,0
896,39,100,0
897,40,97,0
898,39,100,0
899,39,98,0
900,39,98,0
901,39,98,0
902,39,101,0
903,40,101,0
904,39,96,0
905,39,98,0
906,39,97,0
907,40,97,0
908,40,95,0
909,40,97,0
910,40,99,0
911,39,99,0
912,39,97,0
913,41,97,0
914,40,97,0
915,38,101,0
916,39,98,0
917,38,98,0
918,40,100,0
919,40,96,0
920,39,100,0
921,40,96,0
922,40,100,0
923,39,98,0
924,39,100,0
925,40,98,0
926,40,98,0
927,40,99,0
928,40,98,0
929,39,98,0
930,39,98,0
931,39,97,0
932,39,99,0
933,39,100,0
934,40,96,0
935,39,98,0
936,39,98,0
937,39,96,0
938,39,98,0
939,39,100,0
940,39,96,0
941,38,98,0
942,40,100,0
943,39,99,0
944,40,97,0
945,39,101,0
946,39,97,0
947,39,101,0
948,40,101,0
949,39,98,0
950,40,100,0
951,40,98,0
952,40,100,0
953,39,96,0
954,39,98,0
955,40,100,0
956,40,101,0
957,39,100,0
958,39,100,0
959,40,94,0
960,39,99,0
961,39,97,0
962,40,97,0
963,39,97,0
964,39,100,0
965,39,98,0
966,39,99,0
967,40,99,0
968,39,99,0
969,39,99,0
970,39,97,0
971,39,97,0
972,39,99,0
973,40,99,0
974,39,101,0
975,40,97,0
976,38,99,0
977,39,99,0
978,39,97,0
979,39,97,0
980,39,97,0
981,40,101,0
982,39,98,0
983,39,98,0
984,39,98,0
985,39,97,0
986,39,97,0
987,39,101,0
988,39,100,0
989,40,97,0
990,39,97,0
991,39,99,0
992,39,99,0
993,39,99,0
994,41,101,0
995,39,98,0
996,40,100,0
997,40,98,0
998,40,98,0
999,39,98,0
1000,38,98,0
1001,40,100,0
1002,39,98,0
1003,40,97,0
1004,39,101,0
1005,39,98,0
1006,39,98,0
1007,39,99,0
1008,39,97,0
1009,39,99,0
1010,39,97,0
1011,43,96,0
1012,40,97,0
1013,39,98,0
1014,39,96,0
1015,40,99,0
1016,38,99,0
1017,39,98,0
1018,39,100,0
1019,39,99,0
1020,41,100,0
1021,39,99,0
1022,40,97,0
1023,39,98,0
1024,40,98,0
1025,39,100,0
1026,39,99,0
1027,38,99,0
1028,41,100,0
1029,39,98,0
1030,40,100,0
1031,39,97,0
1032,40,98,0
1033,39,98,0
1034,39,98,0
1035,40,97,0
1036,39,99,0
1037,40,97,0
1038,41,97,0
1039,39,97,0
1040,40,95,0
1041,39,100,0
1042,38,98,0
1043,39,98,0
1044,39,97,0
1045,40,99,0
1046,40,97,0
1047,40,97,0
1048,40,97,0
1049,41,100,0
1050,39,100,0
1051,39,101,0
1052,39,98,0
1053,39,98,0
1054,38,98,0
1055,40,97,0
1056,38,99,0
1057,41,99,0
1058,39,101,0
1059,38,98,0
1060,39,98,0
1061,39,96,0
1062,40,98,0
1063,40,99,0
1064,39,97,0
1065,39,97,0
1066,40,97,0
1067,39,95,0
1068,41,97,0
1069,39,95,0
1070,38,97,0
1071,39,97,0
1072,40,98,0
1073,39,98,0
1074,40,98,0
1075,39,98,0
1076,40,98,0
1077,39,96,0
1078,39,98,0
1079,39,98,0
1080,39,98,0
1081,39,98,0
1082,39,98,0
1083,39,100,0
1084,39,99,0
1085,38,97,0
1086,39,97,0
1087,41,97,0
1088,39,99,0
1089,39,101,0
1090,41,100,0
1091,40,96,0
1092,39,98,0
1093,40,98,0
1094,39,98,0
1095,40,98,0
1096,39,100,0
1097,40,99,0
1098,41,97,0
1099,40,101,0
1100,40,98,0
1101,38,100,0
1102,39,97,0
1103,40,99,0
1104,40,97,0
1105,40,101,0
1106,39,98,0
1107,40,96,0
1108,39,98,0
1109,39,96,0
1110,40,96,0
1111,40,102,0
1112,40,100,0
1113,40,97,0
1114,39,101,0
1115,39,98,0
1116,40,100,0
1117,40,100,0
1118,40,99,0
1119,39,101,0
1120,39,98,0
1121,40,98,0
1122,38,100,0
1123,39,99,0
1124,39,99,0
1125,39,96,0
1126,40,100,0
1127,39,100,0
1128,39,99,0
1129,40,99,0
1130,38,98,0
1131,40,100,0
1132,40,98,0
1133,39,98,0
1134,39,97,0
1135,39,97,0
1136,40,99,0
1137,40,99,0
1138,39,101,0
1139,39,98,0
1140,39,98,0
1141,39,96,0
1142,39,98,0
1143,39,98,0
1144,39,98,0
1145,39,95,0
1146,39,98,0
1147,40,98,0
1148,40,100,0
1149,39,96,0
1150,38,100,0
1151,38,99,0
1152,40,97,0
1153,39,101,0
1154,39,100,0
1155,39,97,0
1156,40,97,0
1157,39,99,0
1158,40,101,0
1159,40,97,0
1160,39,101,0
1161,40,99,0
1162,40,99,0
1163,40,96,0
1164,40,100,0
1165,39,97,0
1166,40,101,0
1167,40,99,0
1168,39,101,0
1169,39,99,0
1170,40,99,0
1171,39,98,0
1172,39,98,0
1173,39,97,0
1174,40,97,0
1175,39,97,0
1176,39,97,0
1177,38,99,0
1178,40,101,0
1179,41,97,0
1180,40,99,0
1181,40,97,0
1182,39,99,0
1183,41,99,0
1184,38,99,0
1185,39,97,0
1186,39,97,0
1187,38,99,0
1188,39,97,0
1189,41,97,0
1190,39,101,0
1191,39,98,0
1192,40,96,0
1193,39,98,0
1194,39,100,0
1195,39,99,0
1196,40,99,0
1197,39,101,0
1198,38,97,0
1199,40,97,0
1200,39,100,0
1201,39,98,0
1202,39,94,0
1203,40,96,0
1204,40,100,0
1205,40,97,0
1206,40,99,0
1207,39,97,0
1208,40,99,0
1209,40,95,0
1210,40,95,0
1211,39,97,0
1212,39,99,0
1213,40,99,0
1214,39,101,0
1215,40,98,0
1216,39,100,0
1217,39,99,0
1218,40,99,0
1219,40,99,0
1220,39,97,0
1221,41,99,0
1222,40,97,0
1223,40,99,0
1224,40,99,0
1225,39,99,0
1226,39,97,0
1227,40,99,0
1228,38,99,0
1229,38,99,0
1230,40,97,0
1231,39,99,0
1232,39,99,0
1233,39,97,0
1234,40,97,0
1235,39,101,0
1236,40,100,0
1237,39,99,0
1238,40,99,0
1239,40,99,0
1240,39,97,0
1241,39,99,0
1242,40,99,0
1243,40,97,0
1244,40,101,0
1245,40,98,0
1246,39,98,0
1247,41,100,0
1248,39,98,0
1249,40,98,0
1250,39,98,0
1251,40,98,0
1252,40,98,0
1253,40,100,0
1254,40,99,0
1255,39,97,0
1256,40,99,0
1257,41,97,0
1258,40,99,0
1259,40,99,0
1260,39,99,0
1261,39,97,0
1262,40,99,0
1263,39,99,0
1264,40,95,0
1265,39,99,0
1266,40,97,0
1267,39,99,0
1268,39,101,0
1269,39,100,0
1270,39,99,0
1271,39,101,0
1272,40,97,0
1273,38,98,0
1274,40,98,0
1275,40,98,0
1276,40,97,0
1277,40,95,0
1278,39,99,0
1279,39,99,0
1280,40,100,0
1281,39,98,0
1282,40,100,0
1283,40,99,0
1284,39,97,0
1285,38,99,0
1286,39,97,0
1287,39,97,0
1288,39,101,0
1289,39,97,0
1290,39,99,0
1291,38,99,0
1292,40,100,0
1293,39,98,0
1294,39,98,0
1295,40,98,0
1296,40,98,0
1297,39,98,0
1298,40,98,0
1299,40,98,0
1300,39,96,0
1301,40,100,0
1302,39,99,0
1303,39,97,0
1304,40,97,0
1305,40,99,0
1306,41,99,0
1307,39,101,0
1308,39,98,0
1309,39,98,0
1310,40,100,0
1311,40,98,0
1312,39,96,0
1313,40,98,0
1314,38,100,0
1315,40,97,0
1316,40,95,0
1317,39,99,0
1318,39,101,0
1319,39,98,0
1320,39,98,0
1321,65,101,0
1322,38,96,0
1323,39,98,0
1324,39,99,0
1325,39,97,0
1326,39,98,0
1327,39,98,0
1328,39,99,0
1329,40,99,0
1330,39,98,0
1331,40,96,0
1332,40,99,0
1333,39,101,0
1334,39,98,0
1335,40,98,0
1336,39,98,0
1337,40,98,0
1338,40,100,0
1339,41,97,0
1340,39,99,0
1341,38,98,0
1342,40,100,0
1343,40,99,0
1344,39,99,0
1345,40,97,0
1346,39,97,0
1347,39,100,0
1348,40,100,0
1349,40,97,0
1350,39,98,0
1351,39,98,0
1352,38,98,0
1353,39,98,0
1354,40,100,0
1355,39,97,0
1356,39,101,0
1357,40,98,0
1358,39,98,0
1359,40,97,0
1360,40,99,0
1361,40,99,0
1362,40,97,0
1363,40,99,0
1364,39,100,0
1365,39,97,0
1366,39,97,0
1367,39,99,0
1368,39,99,0
1369,40,97,0
1370,39,97,0
1371,41,98,0
1372,39,98,0
1373,40,98,0
1374,39,98,0
1375,40,98,0
1376,39,100,0
1377,39,99,0
1378,39,101,0
1379,40,98,0
1380,39,96,0
1381,39,100,0
1382,40,97,0
1383,40,95,0
1384,40,97,0
1385,39,97,0
1386,41,97,0
1387,39,100,0
1388,40,98,0
1389,39,97,0
1390,40,99,0
1391,40,99,0
1392,39,101,0
1393,39,98,0
1394,39,96,0
1395,39,96,0
1396,40,98,0
1397,40,100,0
1398,39,101,0
1399,38,98,0
1400,39,98,0
1401,39,98,0
1402,39,98,0
1403,40,98,0
1404,38,100,0
1405,40,101,0
1406,39,99,0
1407,39,100,0
1408,40,96,0
1409,39,98,0
1410,39,100,0
1411,38,99,0
1412,38,99,0
1413,39,99,0
1414,40,95,0
1415,39,99,0
1416,39,99,0
1417,40,99,0
1418,39,98,0
1419,39,100,0
1420,39,98,0
1421,39,99,0
1422,39,97,0
1423,40,99,0
1424,39,99,0
1425,39,101,0
1426,41,98,0
1427,40,96,0
1428,40,100,0
1429,40,98,0
1430,39,98,0
1431,40,98,0
1432,39,100,0
1433,40,101,0
1434,39,96,0
1435,39,98,0
1436,40,96,0
1437,38,98,0
1438,40,98,0
1439,38,100,0
1440,38,99,0
1441,39,99,0
1442,41,99,0
1443,40,97,0
1444,39,101,0
1445,40,98,0
1446,39,98,0
1447,40,100,0
1448,39,97,0
1449,40,101,0
1450,40,100,0
1451,39,97,0
1452,40,101,0
1453,40,100,0
1454,38,100,0
1455,39,99,0
1456,40,99,0
1457,38,98,0
1458,39,100,0
1459,39,99,0
1460,39,99,0
1461,39,98,0
1462,39,100,0
1463,39,98,0
1464,39,98,0
1465,39,97,0
1466,40,95,0
1467,39,99,0
1468,40,99,0
1469,39,99,0
1470,39,100,0
1471,40,96,0
1472,38,98,0
1473,40,100,0
1474,39,99,0
1475,39,99,0
1476,40,95,0
1477,39,97,0
1478,39,99,0
1479,39,101,0
1480,40,100,0
1481,39,99,0
1482,41,97,0
1483,39,101,0
1484,39,98,0
1485,40,97,0
1486,38,101,0
1487,40,96,0
1488,40,96,0
1489,39,96,0
1490,40,100,0
1491,39,100,0
1492,39,97,0
1493,39,97,0
1494,40,97,0
1495,39,98,0
1496,39,100,0
1497,40,99,0
1498,39,101,0
1499,39,99,0
1500,40,98,0
1501,39,100,0
1502,39,98,0
1503,39,98,0
1504,39,96,0
1505,40,96,0
1506,39,96,0
1507,39,98,0
1508,40,100,0
1509,39,101,0
1510,40,98,0
1511,39,98,0
1512,39,100,0
1513,38,97,0
1514,39,99,0
1515,39,97,0
1516,38,99,0
1517,39,97,0
1518,39,101,0
1519,39,96,0
1520,39,100,0
1521,38,99,0
1522,39,97,0
1523,40,99,0
1524,40,97,0
1525,40,99,0
1526,40,95,0
1527,40,97,0
1528,40,101,0
1529,39,100,0
1530,39,101,0
1531,38,98,0
1532,39,98,0
1533,39,98,0
1534,38,98,0
1535,40,98,0
1536,39,98,0
1537,40,98,0
1538,39,98,0
1539,39,98,0
1540,37,98,0
1541,39,98,0
1542,39,97,0
1543,38,99,0
1544,40,99,0
1545,39,101,0
1546,39,100,0
1547,39,101,0
1548,39,99,0
1549,40,96,0
1550,39,98,0
1551,39,98,0
1552,40,98,0
1553,39,98,0
1554,40,100,0
1555,39,101,0
1556,40,95,0
1557,39,98,0
1558,40,100,0
1559,40,99,0
1560,41,97,0
1561,40,100,0
1562,40,100,0
1563,40,101,0
1564,41,97,0
1565,40,96,0
1566,40,102,0
1567,39,101,0
1568,40,101,0
1569,40,97,0
1570,39,98,0
1571,39,98,0
1572,39,98,0
1573,39,96,0
1574,40,98,0
1575,38,98,0
1576,39,100,0
1577,39,97,0
1578,39,98,0
1579,40,98,0
1580,39,98,0
1581,38,100,0
1582,38,99,0
1583,39,100,0
1584,38,98,0
1585,39,98,0
1586,39,96,0
1587,40,99,0
1588,40,99,0
1589,39,99,0
1590,39,101,0
1591,39,98,0
1592,40,100,0
1593,40,97,0
1594,39,99,0
1595,40,97,0
1596,40,97,0
1597,39,97,0
1598,39,97,0
1599,40,99,0
1600,39,97,0
1601,40,97,0
1602,40,99,0
1603,39,97,0
1604,39,101,0
1605,39,98,0
1606,40,98,0
1607,39,100,0
1608,39,99,0
1609,40,95,0
1610,40,97,0
1611,41,101,0
1612,39,98,0
1613,40,98,0
1614,40,98,0
1615,39,96,0
1616,39,98,0
1617,38,98,0
1618,38,98,0
1619,40,100,0
1620,40,99,0
1621,40,101,0
1622,39,100,0
1623,41,99,0
1624,41,99,0
1625,40,101,0
1626,39,96,0
1627,39,96,0
1628,40,98,0
1629,39,100,0
1630,42,95,0
1631,39,97,0
1632,38,96,0
1633,39,99,0
1634,40,98,0
1635,40,98,0
1636,39,98,0
1637,39,99,0
1638,40,99,0
1639,39,98,0
1640,40,100,0
1641,39,100,0
1642,40,99,0
1643,39,99,0
1644,40,97,0
1645,41,99,0
1646,41,97,0
1647,41,98,0
1648,39,100,0
1649,38,96,0
1650,39,96,0
1651,39,98,0
1652,39,97,0
1653,40,97,0
1654,39,99,0
1655,39,97,0
1656,39,97,0
1657,38,97,0
1658,38,99,0
1659,39,97,0
1660,38,101,0
1661,40,98,0
1662,40,98,0
1663,39,98,0
1664,40,100,0
1665,39,97,0
1666,39,99,0
1667,39,99,0
1668,39,97,0
1669,40,97,0
1670,39,99,0
1671,39,99,0
1672,40,99,0
1673,39,99,0
1674,39,99,0
1675,39,97,0
1676,40,100,0
1677,39,98,0
1678,39,96,0
1679,39,96,0
1680,39,96,0
1681,40,96,0
1682,39,96,0
1683,40,98,0
1684,39,98,0
1685,39,98,0
1686,38,97,0
1687,40,97,0
1688,39,98,0
1689,39,98,0
1690,39,100,0
1691,39,97,0
1692,40,97,0
1693,39,99,0
1694,39,99,0
1695,40,99,0
1696,39,97,0
1697,39,101,0
1698,39,100,0
1699,39,96,0
1700,39,98,0
1701,39,100,0
1702,39,97,0
1703,40,99,0
1704,40,97,0
1705,40,95,0
1706,39,95,0
1707,39,97,0
1708,40,97,0
1709,39,97,0
1710,40,97,0
1711,39,101,0
1712,38,97,0
1713,40,99,0
1714,38,99,0
1715,39,101,0
1716,39,100,0
1717,39,99,0
1718,40,97,0
1719,40,99,0
1720,40,97,0
1721,40,97,0
1722,40,97,0
1723,39,97,0
1724,40,97,0
1725,40,97,0
1726,38,101,0
1727,40,99,0
1728,40,97,0
1729,38,99,0
1730,39,99,0
1731,39,99,0
1732,39,99,0
1733,39,99,0
1734,39,101,0
1735,41,100,0
1736,39,99,0
1737,39,101,0
1738,38,98,0
1739,40,98,0
1740,40,98,0
1741,39,97,0
1742,40,99,0
1743,39,99,0
1744,40,95,0
1745,40,97,0
1746,38,99,0
1747,38,99,0
1748,40,95,0
1749,39,97,0
1750,40,97,0
1751,40,99,0
1752,39,99,0
1753,40,97,0
1754,40,99,0
1755,39,97,0
1756,40,101,0
1757,38,100,0
1758,40,98,0
1759,39,102,0
1760,39,101,0
1761,39,98,0
1762,39,99,0
1763,40,97,0
1764,39,97,0
1765,39,98,0
1766,41,96,0
1767,39,98,0
1768,39,98,0
1769,40,98,0
1770,38,98,0
1771,39,98,0
1772,41,98,0
1773,39,98,0
1774,39,98,0
1775,39,98,0
1776,39,96,0
1777,39,96,0
1778,40,98,0
1779,40,98,0
1780,39,100,0
1781,38,99,0
1782,40,97,0
1783,39,99,0
1784,39,99,0
1785,40,99,0
1786,39,99,0
1787,40,99,0
1788,39,97,0
1789,40,99,0
1790,40,99,0
1791,40,101,0
1792,39,99,0
1793,40,99,0
1794,39,101,0
1795,40,100,0
1796,39,101,0
1797,40,99,0
1798,39,96,0
1799,40,96,0
1800,39,98,0
1801,40,100,0
1802,40,98,0
1803,41,100,0
1804,40,95,0
1805,39,97,0
1806,39,97,0
1807,40,97,0
1808,40,97,0
1809,38,99,0
1810,39,97,0
1811,39,99,0
1812,38,99,0
1813,41,99,0
1814,39,97,0
1815,40,99,0
1816,39,97,0
1817,39,97,0
1818,39,97,0
1819,39,100,0
1820,40,95,0
1821,40,97,0
1822,39,99,0
1823,40,97,0
1824,39,97,0
1825,41,97,0
1826,39,97,0
1827,39,99,0
1828,39,97,0
1829,39,97,0
1830,39,99,0
1831,39,97,0
1832,39,97,0
1833,38,99,0
1834,39,97,0
1835,39,100,0
1836,38,99,0
1837,39,97,0
1838,39,97,0
1839,39,99,0
1840,39,99,0
1841,39,99,0
1842,40,99,0
1843,39,99,0
1844,38,99,0
1845,39,97,0
1846,38,99,0
1847,39,97,0
1848,40,97,0
1849,40,97,0
1850,39,97,0
1851,40,100,0
1852,39,97,0
1853,39,97,0
1854,39,97,0
1855,41,99,0
1856,38,101,0
1857,41,96,0
1858,39,98,0
1859,39,98,0
1860,38,95,0
1861,40,97,0
1862,39,97,0
1863,39,97,0
1864,39,97,0
1865,39,99,0
1866,39,99,0
1867,39,97,0
1868,39,99,0
1869,40,99,0
1870,40,97,0
1871,39,99,0
1872,40,99,0
1873,40,99,0
1874,39,97,0
1875,40,97,0
1876,39,99,0
1877,40,99,0
1878,40,97,0
1879,38,99,0
1880,39,97,0
1881,39,99,0
1882,40,97,0
1883,39,97,0
1884,39,97,0
1885,40,97,0
1886,40,97,0
1887,39,98,0
1888,40,96,0
1889,39,96,0
1890,39,98,0
1891,39,96,0
1892,40,98,0
1893,39,96,0
1894,39,98,0
1895,40,98,0
1896,40,98,0
1897,39,98,0
1898,40,98,0
1899,39,98,0
1900,39,100,0
1901,40,101,0
1902,39,99,0
1903,41,95,0
1904,38,99,0
1905,40,97,0
1906,39,101,0
1907,40,100,0
1908,39,97,0
1909,40,97,0
1910,39,97,0
1911,41,97,0
1912,39,99,0
1913,39,97,0
1914,39,99,0
1915,39,99,0
1916,39,97,0
1917,40,101,0
1918,39,96,0
1919,40,98,0
1920,39,98,0
1921,39,96,0
1922,39,98,0
1923,40,98,0
1924,39,100,0
1925,39,98,0
1926,39,100,0
1927,39,101,0
1928,40,98,0
1929,39,96,0
1930,39,98,0
1931,39,96,0
1932,39,100,0
1933,40,96,0
1934,40,98,0
1935,39,100,0
1936,39,97,0
1937,39,101,0
1938,40,98,0
1939,39,98,0
1940,39,100,0
1941,38,99,0
1942,42,99,0
1943,39,96,0
1944,39,95,0
1945,40,98,0
1946,39,98,0
1947,40,101,0
1948,39,98,0
1949,40,100,0
1950,39,100,0
1951,39,98,0
1952,38,98,0
1953,39,100,0
1954,39,99,0
1955,39,98,0
1956,40,98,0
1957,39,100,0
1958,39,99,0
1959,40,97,0
1960,40,99,0
1961,39,99,0
1962,40,95,0
1963,40,99,0
1964,39,101,0
1965,39,98,0
1966,40,100,0
1967,39,99,0
1968,40,101,0
1969,40,99,0
1970,40,97,0
1971,40,98,0
1972,39,98,0
1973,40,100,0
1974,40,97,0
1975,39,97,0
1976,39,98,0
1977,39,98,0
1978,40,98,0
1979,40,98,0
1980,39,98,0
1981,38,98,0
1982,40,98,0
1983,39,98,0
1984,39,100,0
1985,38,99,0
1986,40,99,0
1987,40,101,0
1988,39,100,0
1989,40,97,0
1990,40,97,0
1991,41,97,0
1992,40,99,0
1993,40,97,0
1994,41,99,0
1995,39,101,0
1996,39,100,0
1997,39,101,0
1998,40,98,0
1999,40,98,0
2000,39,96,0
2001,40,99,0
2002,38,100,0
2003,40,99,0
2004,39,99,0
2005,39,99,0
2006,40,97,0
2007,40,99,0
2008,39,99,0
2009,40,99,0
2010,39,99,0
2011,39,97,0
2012,41,97,0
2013,40,99,0
2014,40,98,0
2015,41,98,0
2016,39,96,0
2017,39,96,0
2018,38,98,0
2019,41,98,0
2020,39,98,0
2021,39,100,0
2022,39,100,0
2023,39,97,0
2024,39,97,0
2025,41,97,0
2026,39,99,0
2027,40,99,0
2028,39,97,0
2029,39,99,0
2030,39,97,0
2031,39,99,0
2032,40,99,0
2033,40,97,0
2034,39,101,0
2035,39,99,0
2036,39,101,0
2037,40,98,0
2038,40,100,0
2039,39,99,0
2040,40,99,0
2041,40,101,0
2042,40,97,0
2043,40,99,0
2044,40,100,0
2045,40,99,0
2046,38,99,0
2047,39,97,0
2048,39,99,0
2049,39,99,0
2050,39,97,0
2051,39,99,0
2052,39,101,0
2053,40,98,0
2054,40,98,0
2055,39,96,0
2056,40,100,0
2057,39,99,0
2058,40,97,0
2059,39,101,0
2060,39,100,0
2061,40,98,0
2062,40,96,0
2063,38,100,0
2064,40,101,0
2065,39,98,0
2066,38,98,0
2067,39,98,0
2068,39,98,0
2069,40,98,0
2070,39,97,0
2071,39,97,0
2072,39,99,0
2073,39,99,0
2074,40,99,0
2075,39,99,0
2076,40,97,0
2077,40,99,0
2078,39,97,0
2079,39,99,0
2080,39,101,0
2081,39,100,0
2082,40,99,0
2083,40,101,0
2084,38,99,0
2085,38,99,0
2086,40,101,0
2087,39,98,0
2088,40,98,0
2089,40,100,0
2090,39,101,0
2091,40,100,0
2092,39,98,0
2093,40,98,0
2094,39,98,0
2095,39,100,0
2096,40,97,0
2097,40,97,0
2098,40,97,0
2099,39,97,0
2100,39,97,0
2101,40,99,0
2102,40,99,0
2103,39,99,0
2104,40,97,0
2105,40,97,0
2106,40,99,0
2107,40,97,0
2108,39,99,0
2109,39,97,0
2110,39,99,0
2111,40,99,0
2112,40,97,0
2113,39,97,0
2114,40,100,0
2115,39,96,0
2116,40,98,0
2117,39,100,0
2118,40,97,0
2119,39,97,0
2120,39,101,0
2121,39,97,0
2122,39,99,0
2123,39,101,0
2124,40,98,0
2125,40,98,0
2126,40,100,0
2127,40,97,0
2128,40,101,0
2129,39,98,0
2130,39,98,0
2131,40,100,0
2132,38,99,0
2133,39,101,0
2134,39,97,0
2135,40,95,0
2136,40,100,0
2137,40,98,0
2138,40,98,0
2139,39,99,0
2140,39,102,0
2141,39,101,0
2142,40,100,0
2143,40,100,0
2144,41,101,0
2145,39,98,0
2146,39,98,0
2147,40,99,0
2148,39,101,0
2149,39,98,0
2150,38,98,0
2151,40,97,0
2152,40,99,0
2153,39,99,0
2154,40,99,0
2155,40,99,0
2156,40,99,0
2157,40,97,0
2158,40,97,0
2159,40,97,0
2160,39,101,0
2161,39,98,0
2162,39,98,0
2163,39,98,0
2164,40,98,0
2165,39,100,0
2166,39,99,0
2167,40,97,0
2168,39,99,0
2169,40,99,0
2170,39,99,0
2171,40,101,0
2172,39,98,0
2173,39,98,0
2174,39,98,0
2175,40,98,0
2176,40,100,0
2177,39,100,0
2178,41,97,0
2179,41,97,0
2180,39,101,0
2181,39,98,0
2182,39,100,0
2183,40,101,0
2184,38,99,0
2185,39,101,0
2186,40,100,0
2187,39,97,0
2188,40,97,0
2189,39,99,0
2190,39,97,0
2191,40,97,0
2192,39,98,0
2193,40,96,0
2194,40,98,0
2195,39,98,0
2196,40,100,0
2197,39,95,0
2198,40,97,0
2199,39,99,0
2200,39,101,0
2201,39,98,0
2202,39,98,0
2203,38,98,0
2204,40,100,0
2205,40,97,0
2206,39,97,0
2207,40,100,0
2208,38,101,0
2209,40,100,0
2210,40,97,0
2211,40,97,0
2212,40,97,0
2213,39,99,0
2214,39,99,0
2215,39,97,0
2216,40,97,0
2217,39,99,0
2218,39,99,0
2219,40,99,0
2220,41,99,0
2221,38,100,0
2222,38,99,0
2223,38,97,0
2224,39,97,0
2225,39,97,0
2226,38,99,0
2227,40,101,0
2228,39,98,0
2229,39,96,0
2230,40,96,0
2231,39,98,0
2232,39,96,0
2233,39,100,0
2234,40,97,0
2235,39,98,0
2236,39,98,0
2237,39,100,0
2238,39,99,0
2239,39,97,0
2240,40,99,0
2241,39,99,0
2242,38,99,0
2243,40,99,0
2244,40,97,0
2245,39,97,0
2246,39,97,0
2247,39,98,0
2248,39,98,0
2249,39,100,0
2250,39,101,0
2251,43,98,0
2252,38,94,0
2253,41,97,0
2254,39,98,0
2255,40,98,0
2256,39,98,0
2257,40,97,0
2258,39,99,0
2259,39,97,0
2260,40,100,0
2261,38,97,0
2262,39,98,0
2263,39,100,0
2264,40,99,0
2265,38,99,0
2266,39,101,0
2267,40,98,0
2268,40,98,0
2269,39,98,0
2270,40,99,0
2271,39,99,0
2272,39,99,0
2273,39,97,0
2274,41,97,0
2275,40,97,0
2276,40,99,0
2277,40,97,0
2278,39,98,0
2279,40,96,0
2280,39,100,0
2281,39,99,0
2282,39,99,0
2283,40,97,0
2284,39,101,0
2285,39,98,0
2286,39,98,0
2287,40,98,0
2288,39,96,0
2289,40,100,0
2290,40,97,0
2291,40,97,0
2292,40,101,0
2293,40,98,0
2294,39,100,0
2295,40,101,0
2296,39,100,0
2297,41,97,0
2298,39,97,0
2299,39,97,0
2300,38,99,0
2301,40,99,0
2302,39,101,0
2303,40,100,0
2304,40,99,0
2305,39,99,0
2306,40,99,0
2307,40,97,0
2308,39,97,0
2309,40,101,0
2310,40,98,0
2311,39,98,0
2312,39,100,0
2313,39,97,0
2314,38,101,0
2315,39,98,0
2316,38,100,0
2317,39,98,0
2318,39,99,0
2319,40,97,0
2320,40,97,0
2321,40,101,0
2322,39,98,0
2323,39,98,0
2324,39,96,0
2325,40,100,0
2326,39,96,0
2327,39,98,0
2328,39,98,0
2329,39,98,0
2330,40,101,0
2331,39,101,0
2332,39,98,0
2333,39,96,0
2334,41,98,0
2335,39,98,0
2336,40,98,0
2337,40,100,0
2338,39,99,0
2339,41,97,0
2340,40,99,0
2341,40,97,0
2342,41,99,0
2343,40,97,0
2344,41,97,0
2345,39,97,0
2346,39,99,0
2347,39,100,0
2348,41,98,0
2349,40,98,0
2350,40,98,0
2351,39,98,0
2352,40,96,0
2353,38,100,0
2354,40,101,0
2355,39,98,0
2356,40,100,0
2357,39,99,0
2358,39,97,0
2359,39,99,0
2360,39,101,0
2361,39,99,0
2362,38,97,0
2363,39,99,0
2364,38,98,0
2365,39,96,0
2366,38,98,0
2367,39,100,0
2368,39,96,0
2369,39,98,0
2370,39,98,0
2371,40,100,0
2372,39,99,0
2373,39,97,0
2374,39,101,0
2375,39,98,0
2376,39,98,0
2377,40,100,0
2378,40,97,0
2379,41,97,0
2380,40,99,0
2381,39,97,0
2382,40,97,0
2383,39,99,0
2384,40,99,0
2385,40,99,0
2386,39,99,0
2387,38,99,0
2388,40,97,0
2389,40,97,0
2390,40,97,0
2391,39,97,0
2392,40,99,0
2393,38,99,0
2394,40,97,0
2395,39,99,0
2396,39,97,0
2397,39,97,0
2398,39,97,0
2399,39,99,0
2400,40,101,0
2401,39,95,0
2402,39,100,0
2403,39,98,0
2404,39,98,0
2405,40,96,0
2406,40,100,0
2407,40,99,0
2408,40,97,0
2409,40,97,0
2410,40,97,0
2411,39,97,0
2412,39,97,0
2413,40,97,0
2414,41,97,0
2415,41,97,0
2416,40,97,0
2417,39,97,0
2418,39,97,0
2419,38,99,0
2420,39,101,0
2421,38,98,0
2422,40,98,0
2423,39,96,0
2424,39,100,0
2425,39,96,0
2426,40,100,0
2427,39,97,0
2428,40,97,0
2429,40,97,0
2430,39,99,0
2431,39,99,0
2432,39,99,0
2433,39,97,0
2434,39,97,0
2435,40,97,0
2436,39,97,0
2437,39,99,0
2438,40,97,0
2439,41,99,0
2440,39,99,0
2441,40,97,0
2442,39,97,0
2443,39,101,0
2444,40,98,0
2445,39,98,0
2446,39,98,0
2447,38,98,0
2448,38,98,0
2449,40,98,0
2450,39,98,0
2451,38,98,0
2452,39,98,0
2453,38,98,0
2454,39,100,0
2455,38,97,0
2456,39,97,0
2457,39,99,0
2458,39,99,0
2459,39,97,0
2460,39,99,0
2461,38,99,0
2462,39,99,0
2463,39,97,0
2464,39,99,0
2465,39,97,0
2466,39,99,0
2467,40,97,0
2468,39,97,0
2469,39,97,0
2470,39,99,0
2471,39,97,0
2472,40,97,0
2473,39,97,0
2474,39,99,0
2475,40,99,0
2476,39,101,0
2477,39,100,0
2478,40,101,0
2479,39,98,0
2480,40,96,0
2481,40,98,0
2482,39,98,0
2483,39,96,0
2484,40,98,0
2485,39,100,0
2486,40,99,0
2487,39,99,0
2488,39,97,0
2489,40,97,0
2490,40,97,0
2491,40,97,0
2492,41,99,0
2493,40,97,0
2494,39,99,0
2495,40,101,0
2496,39,100,0
2497,40,99,0
2498,39,97,0
2499,40,99,0
2500,40,97,0
2501,38,99,0
2502,40,99,0
2503,38,101,0
2504,39,96,0
2505,39,96,0
2506,39,96,0
2507,39,98,0
2508,39,102,0
2509,40,97,0
2510,40,97,0
2511,40,99,0
2512,40,99,0
2513,39,99,0
2514,39,99,0
2515,40,99,0
2516,38,101,0
2517,40,98,0
2518,40,100,0
2519,39,99,0
2520,39,97,0
2521,39,99,0
2522,40,97,0
2523,40,99,0
2524,39,99,0
2525,39,99,0
2526,39,99,0
2527,39,99,0
2528,39,101,0
2529,39,98,0
2530,39,98,0
2531,39,96,0
2532,40,98,0
2533,40,100,0
2534,39,99,0
2535,40,99,0
2536,40,99,0
2537,40,99,0
2538,39,101,0
2539,39,97,0
2540,39,98,0
2541,39,98,0
2542,40,96,0
2543,40,98,0
2544,40,98,0
2545,40,100,0
2546,40,97,0
2547,40,97,0
2548,39,101,0
2549,40,98,0
2550,39,100,0
2551,41,98,0
2552,39,100,0
2553,39,101,0
2554,39,100,0
2555,40,99,0
2556,40,97,0
2557,40,99,0
2558,38,99,0
2559,39,97,0
2560,39,97,0
2561,39,97,0
2562,40,97,0
2563,40,97,0
2564,38,98,0
2565,40,98,0
2566,39,96,0
2567,40,99,0
2568,39,97,0
2569,39,99,0
2570,39,96,0
2571,39,100,0
2572,39,97,0
2573,40,97,0
2574,39,98,0
2575,39,98,0
2576,40,100,0
2577,39,99,0
2578,39,97,0
2579,40,97,0
2580,40,97,0
2581,39,97,0
2582,39,97,0
2583,38,99,0
2584,39,99,0
2585,39,99,0
2586,40,99,0
2587,40,95,0
2588,40,97,0
2589,39,97,0
2590,39,97,0
2591,39,99,0
2592,39,97,0
2593,41,99,0
2594,39,99,0
2595,39,99,0
2596,39,95,0
2597,39,97,0
2598,38,97,0
2599,40,95,0
2600,39,97,0
2601,39,97,0
2602,40,97,0
2603,39,97,0
2604,38,97,0
2605,38,97,0
2606,39,99,0
2607,38,97,0
2608,38,97,0
2609,38,97,0
2610,38,99,0
2611,40,97,0
2612,39,97,0
2613,41,97,0
2614,38,99,0
2615,38,97,0
2616,38,97,0
2617,38,99,0
2618,41,99,0
2619,39,97,0
2620,38,97,0
2621,39,98,0
2622,39,98,0
2623,39,95,0
2624,39,98,0
2625,39,97,0
2626,40,99,0
2627,39,99,0
2628,39,97,0
2629,41,95,0
2630,41,95,0
2631,38,99,0
2632,40,97,0
2633,39,97,0
2634,39,97,0
2635,40,100,0
2636,39,96,0
2637,39,96,0
2638,39,98,0
2639,40,100,0
2640,39,97,0
2641,40,99,0
2642,40,97,0
2643,40,97,0
2644,40,99,0
2645,39,97,0
2646,40,99,0
2647,39,99,0
2648,39,97,0
2649,39,99,0
2650,39,99,0
2651,40,97,0
2652,38,99,0
2653,39,97,0
2654,40,97,0
2655,40,99,0
2656,40,101,0
2657,39,97,0
2658,38,97,0
2659,38,100,0
2660,40,96,0
2661,39,96,0
2662,38,98,0
2663,39,98,0
2664,40,100,0
2665,40,101,0
2666,40,98,0
2667,40,96,0
2668,39,98,0
2669,40,96,0
2670,40,100,0
2671,39,99,0
2672,38,99,0
2673,40,97,0
2674,40,99,0
2675,39,97,0
2676,40,97,0
2677,40,101,0
2678,40,100,0
2679,39,98,0
2680,39,100,0
2681,39,99,0
2682,39,99,0
2683,38,99,0
2684,40,101,0
2685,39,98,0
2686,39,98,0
2687,39,98,0
2688,39,98,0
2689,39,98,0
2690,40,100,0
2691,39,99,0
2692,40,97,0
2693,40,99,0
2694,39,99,0
2695,39,97,0
2696,39,99,0
2697,41,99,0
2698,39,99,0
2699,40,99,0
2700,39,97,0
2701,40,101,0
2702,39,96,0
2703,39,100,0
2704,39,97,0
2705,39,99,0
2706,40,99,0
2707,39,97,0
2708,39,99,0
2709,40,97,0
2710,38,101,0
2711,40,98,0
2712,40,100,0
2713,41,97,0
2714,40,99,0
2715,39,99,0
2716,39,99,0
2717,40,101,0
2718,39,98,0
2719,39,100,0
2720,41,97,0
2721,40,99,0
2722,39,97,0
2723,39,95,0
2724,40,99,0
2725,41,97,0
2726,39,99,0
2727,39,97,0
2728,38,98,0
2729,39,98,0
2730,40,102,0
2731,40,96,0
2732,39,100,0
2733,40,97,0
2734,38,97,0
2735,39,99,0
2736,40,97,0
2737,39,99,0
2738,39,99,0
2739,39,101,0
2740,39,100,0
2741,40,97,0
2742,40,99,0
2743,39,99,0
2744,40,97,0
2745,39,97,0
2746,40,97,0
2747,39,101,0
2748,39,98,0
2749,40,102,0
2750,40,97,0
2751,40,97,0
2752,39,97,0
2753,40,97,0
2754,39,97,0
2755,40,101,0
2756,41,98,0
2757,39,97,0
2758,40,99,0
2759,39,101,0
2760,39,100,0
2761,39,95,0
2762,41,97,0
2763,41,97,0
2764,40,97,0
2765,39,99,0
2766,40,101,0
2767,40,100,0
2768,39,100,0
2769,40,99,0
2770,39,99,0
2771,40,97,0
2772,39,97,0
2773,38,95,0
2774,40,97,0
2775,41,97,0
2776,39,99,0
2777,39,97,0
2778,39,101,0
2779,40,98,0
2780,39,100,0
2781,41,99,0
2782,40,99,0
2783,40,99,0
2784,61,99,0
2785,39,96,0
2786,41,99,0
2787,39,96,0
2788,39,98,0
2789,41,99,0
2790,40,99,0
2791,40,96,0
2792,40,100,0
2793,39,97,0
2794,40,98,0
2795,40,100,0
2796,39,97,0
2797,39,98,0
2798,39,96,0
2799,39,98,0
2800,40,96,0
2801,40,100,0
2802,39,97,0
2803,39,99,0
2804,39,95,0
2805,38,99,0
2806,39,98,0
2807,39,100,0
2808,39,99,0
2809,40,97,0
2810,39,97,0
2811,39,99,0
2812,40,100,0
2813,39,98,0
2814,39,97,0
2815,39,101,0
2816,39,98,0
2817,39,98,0
2818,39,98,0
2819,39,100,0
2820,41,99,0
2821,41,99,0
2822,39,101,0
2823,39,98,0
2824,39,98,0
2825,39,96,0
2826,39,98,0
2827,39,98,0
2828,39,96,0
2829,39,98,0
2830,40,96,0
2831,39,97,0
2832,39,99,0
2833,39,99,0
2834,38,99,0
2835,38,99,0
2836,40,97,0
2837,39,97,0
2838,40,97,0
2839,39,97,0
2840,40,97,0
2841,40,97,0
2842,39,99,0
2843,39,101,0
2844,40,96,0
2845,40,96,0
2846,39,98,0
2847,40,100,0
2848,39,99,0
2849,39,97,0
2850,39,101,0
2851,40,100,0
2852,39,98,0
2853,39,101,0
2854,40,97,0
2855,38,99,0
2856,40,100,0
2857,39,100,0
2858,39,101,0
2859,40,96,0
2860,39,98,0
2861,39,99,0
2862,41,99,0
2863,38,99,0
2864,38,99,0
2865,39,101,0
2866,38,98,0
2867,41,100,0
2868,39,98,0
2869,39,98,0
2870,41,99,0
2871,40,101,0
2872,39,98,0
2873,72,116,0
2874,39,97,0
2875,41,99,0
2876,39,98,0
2877,39,97,0
2878,40,95,0
2879,39,98,0
2880,39,98,0
2881,40,100,0
2882,39,100,0
2883,40,97,0
2884,40,99,0
2885,39,99,0
2886,39,97,0
2887,39,97,0
2888,38,97,0
2889,39,97,0
2890,39,99,0
2891,41,97,0
2892,38,98,0
2893,40,100,0
2894,40,97,0
2895,40,97,0
2896,38,99,0
2897,39,99,0
2898,39,97,0
2899,39,97,0
2900,39,97,0
2901,38,99,0
2902,39,99,0
2903,39,98,0
2904,39,98,0
2905,39,98,0
2906,39,96,0
2907,39,98,0
2908,39,98,0
2909,38,98,0
2910,38,98,0
2911,39,96,0
2912,40,98,0
2913,40,98,0
2914,39,96,0
2915,39,98,0
2916,39,97,0
2917,39,99,0
2918,39,97,0
2919,40,97,0
2920,40,97,0
2921,40,97,0
2922,39,101,0
2923,38,98,0
2924,40,98,0
2925,39,96,0
2926,39,98,0
2927,40,98,0
2928,39,98,0
2929,39,98,0
2930,39,98,0
2931,40,98,0
2932,40,100,0
2933,40,95,0
2934,39,101,0
2935,39,98,0
2936,39,98,0
2937,39,98,0
2938,39,98,0
2939,40,100,0
2940,38,99,0
2941,39,99,0
2942,39,99,0
2943,40,99,0
2944,40,97,0
2945,39,99,0
2946,40,99,0
2947,39,99,0
2948,40,99,0
2949,39,99,0
2950,40,97,0
2951,40,97,0
2952,39,99,0
2953,40,97,0
2954,40,99,0
2955,39,99,0
2956,39,99,0
2957,39,99,0
2958,40,99,0
2959,39,101,0
2960,39,98,0
2961,40,98,0
2962,40,98,0
2963,39,98,0
2964,40,100,0
2965,40,101,0
2966,40,100,0
2967,39,98,0
2968,40,98,0
2969,39,98,0
2970,39,99,0
2971,40,99,0
2972,40,99,0
2973,41,99,0
2974,39,99,0
2975,40,97,0
2976,41,99,0
2977,39,99,0
2978,40,97,0
2979,39,101,0
2980,39,98,0
2981,41,98,0
2982,40,100,0
2983,39,99,0
2984,39,99,0
2985,40,97,0
2986,40,101,0
2987,39,98,0
2988,40,98,0
2989,40,98,0
2990,40,98,0
2991,39,98,0
2992,39,97,0
2993,38,97,0
2994,39,97,0
2995,39,99,0
2996,41,99,0
2997,39,99,0
2998,40,97,0
2999,40,99,0
3000,39,99,0
3001,39,99,0
3002,40,97,0
3003,40,97,0
3004,40,99,0
3005,40,95,0
3006,38,99,0
3007,40,99,0
3008,40,99,0
3009,39,101,0
3010,39,98,0
3011,39,98,0
3012,40,100,0
3013,39,99,0
3014,40,97,0
3015,39,99,0
3016,38,99,0
3017,41,97,0
3018,38,99,0
3019,40,99,0
3020,40,97,0
3021,39,101,0
3022,39,100,0
3023,39,99,0
3024,40,97,0
3025,41,97,0
3026,39,101,0
3027,40,96,0
3028,38,98,0
3029,39,100,0
3030,40,97,0
3031,40,97,0
3032,39,99,0
3033,40,97,0
3034,40,99,0
3035,40,101,0
3036,41,98,0
3037,39,97,0
3038,40,99,0
3039,39,97,0
3040,40,99,0
3041,39,97,0
3042,39,97,0
3043,40,99,0
3044,40,99,0
3045,39,101,0
3046,39,99,0
3047,41,97,0
3048,40,98,0
3049,39,98,0
3050,39,98,0
3051,40,98,0
3052,40,96,0
3053,40,100,0
3054,37,100,0
3055,40,99,0
3056,38,99,0
3057,40,99,0
3058,40,99,0
3059,39,97,0
3060,40,97,0
3061,38,97,0
3062,40,97,0
3063,40,99,0
3064,39,99,0
3065,39,97,0
3066,40,97,0
3067,40,95,0
3068,40,97,0
3069,40,101,0
3070,40,96,0
3071,39,98,0
3072,38,98,0
3073,39,98,0
3074,40,100,0
3075,39,100,0
3076,39,99,0
3077,39,97,0
3078,40,101,0
3079,38,98,0
3080,38,96,0
3081,39,98,0
3082,40,98,0
3083,39,98,0
3084,40,98,0
3085,40,98,0
3086,39,98,0
3087,38,98,0
3088,39,98,0
3089,40,98,0
3090,39,98,0
3091,39,98,0
3092,39,98,0
3093,40,100,0
3094,40,97,0
3095,39,101,0
3096,39,101,0
3097,39,98,0
3098,39,98,0
3099,40,96,0
3100,39,98,0
3101,40,96,0
3102,39,100,0
3103,40,97,0
3104,39,97,0
3105,40,101,0
3106,39,98,0
3107,39,98,0
3108,39,100,0
3109,39,99,0
3110,39,97,0
3111,40,101,0
3112,39,98,0
3113,40,98,0
3114,40,97,0
3115,39,99,0
3116,40,97,0
3117,39,99,0
3118,39,99,0
3119,39,101,0
3120,38,98,0
3121,39,98,0
3122,39,98,0
3123,40,96,0
3124,39,98,0
3125,40,98,0
3126,40,100,0
3127,40,98,0
3128,40,100,0
3129,41,99,0
3130,41,99,0
3131,39,97,0
3132,39,101,0
3133,39,98,0
3134,40,100,0
3135,39,98,0
3136,39,97,0
3137,39,97,0
3138,39,96,0
3139,40,96,0
3140,39,98,0
3141,39,96,0
3142,40,98,0
3143,40,98,0
3144,40,96,0
3145,39,100,0
3146,38,99,0
3147,39,97,0
3148,38,99,0
3149,40,99,0
3150,41,99,0
3151,39,99,0
3152,39,99,0
3153,40,97,0
3154,40,95,0
3155,40,99,0
3156,40,99,0
3157,39,99,0
3158,40,95,0
3159,39,99,0
3160,38,99,0
3161,39,101,0
3162,40,98,0
3163,41,98,0
3164,39,100,0
3165,40,99,0
3166,39,101,0
3167,39,98,0
3168,41,98,0
3169,39,98,0
3170,39,96,0
3171,39,98,0
3172,39,98,0
3173,39,98,0
3174,39,98,0
3175,40,98,0
3176,39,96,0
3177,39,98,0
3178,39,100,0
3179,39,109,0
3180,40,98,0
3181,39,100,0
3182,40,99,0
3183,40,99,0
3184,63,104,0
3185,40,98,0
3186,40,95,0
3187,39,100,0
3188,40,99,0
3189,38,99,0
3190,39,96,0
3191,39,100,0
3192,40,98,0
3193,40,100,0
3194,39,101,0
3195,41,99,0
3196,39,101,0
3197,39,98,0
3198,39,98,0
3199,40,100,0
3200,39,97,0
3201,38,99,0
3202,39,98,0
3203,40,97,0
3204,39,99,0
3205,41,97,0
3206,40,97,0
3207,40,98,0
3208,39,98,0
3209,39,100,0
3210,39,101,0
3211,39,99,0
3212,40,98,0
3213,39,98,0
3214,40,98,0
3215,39,100,0
3216,40,97,0
3217,40,99,0
3218,40,97,0
3219,40,99,0
3220,39,97,0
3221,39,97,0
3222,39,101,0
3223,38,98,0
3224,39,98,0
3225,39,100,0
3226,39,99,0
3227,40,97,0
3228,39,97,0
3229,39,97,0
3230,40,99,0
3231,39,99,0
3232,39,97,0
3233,40,95,0
3234,39,99,0
3235,39,101,0
3236,40,98,0
3237,39,98,0
3238,38,96,0
3239,38,100,0
3240,39,97,0
3241,40,97,0
3242,39,97,0
3243,39,101,0
3244,40,98,0
3245,39,98,0
3246,39,96,0
3247,39,100,0
3248,40,99,0
3249,39,99,0
3250,39,99,0
3251,40,99,0
3252,39,97,0
3253,39,99,0
3254,40,95,0
3255,40,97,0
3256,38,99,0
3257,38,101,0
3258,39,98,0
3259,39,100,0
3260,39,97,0
3261,40,101,0
3262,39,97,0
3263,39,97,0
3264,39,98,0
3265,40,100,0
3266,39,101,0
3267,39,99,0
3268,40,97,0
3269,39,98,0
3270,39,100,0
3271,39,97,0
3272,38,97,0
3273,40,100,0
3274,40,97,0
3275,39,99,0
3276,39,96,0
3277,39,98,0
3278,39,98,0
3279,40,100,0
3280,40,99,0
3281,40,97,0
3282,41,99,0
3283,38,99,0
3284,39,99,0
3285,40,97,0
3286,41,97,0
3287,41,100,0
3288,39,98,0
3289,38,100,0
3290,39,98,0
3291,39,98,0
3292,40,99,0
3293,40,98,0
3294,39,98,0
3295,40,100,0
3296,40,99,0
3297,39,97,0
3298,40,101,0
3299,40,99,0
3300,39,101,0
3301,38,98,0
3302,39,96,0
3303,40,99,0
3304,39,99,0
3305,40,97,0
3306,39,99,0
3307,39,97,0
3308,39,99,0
3309,40,101,0
3310,39,99,0
3311,39,98,0
3312,40,100,0
3313,40,98,0
3314,40,98,0
3315,40,100,0
3316,39,97,0
3317,40,97,0
3318,40,97,0
3319,40,97,0
3320,39,99,0
3321,39,99,0
3322,39,97,0
3323,39,101,0
3324,39,96,0
3325,39,96,0
3326,40,100,0
3327,40,98,0
3328,40,98,0
3329,40,96,0
3330,39,98,0
3331,39,96,0
3332,39,98,0
3333,40,100,0
3334,40,101,0
3335,40,98,0
3336,39,96,0
3337,40,98,0
3338,40,98,0
3339,39,98,0
3340,40,98,0
3341,39,98,0
3342,40,100,0
3343,39,97,0
3344,39,99,0
3345,39,100,0
3346,40,97,0
3347,40,99,0
3348,40,97,0
3349,40,97,0
3350,39,100,0
3351,39,97,0
3352,40,97,0
3353,39,101,0
3354,40,98,0
3355,39,98,0
3356,40,100,0
3357,39,97,0
3358,39,98,0
3359,40,100,0
3360,40,99,0
3361,40,99,0
3362,40,100,0
3363,39,100,0
3364,39,99,0
3365,39,101,0
3366,39,99,0
3367,40,97,0
3368,39,98,0
3369,39,98,0
3370,40,96,0
3371,40,100,0
3372,39,99,0
3373,39,99,0
3374,41,100,0
3375,39,94,0
3376,39,98,0
3377,39,99,0
3378,40,99,0
3379,40,97,0
3380,40,97,0
3381,38,101,0
3382,38,96,0
3383,39,100,0
3384,39,100,0
3385,39,101,0
3386,40,99,0
3387,39,97,0
3388,38,100,0
3389,40,99,0
3390,40,99,0
3391,39,97,0
3392,40,99,0
3393,38,99,0
3394,39,97,0
3395,40,97,0
3396,39,97,0
3397,40,99,0
3398,39,97,0
3399,40,99,0
3400,40,97,0
3401,40,97,0
3402,41,97,0
3403,39,97,0
3404,39,97,0
3405,39,99,0
3406,39,97,0
3407,40,99,0
3408,39,97,0
3409,39,97,0
3410,39,99,0
3411,40,99,0
3412,40,99,0
3413,39,101,0
3414,40,99,0
3415,38,99,0
3416,38,99,0
3417,40,97,0
3418,39,97,0
3419,40,97,0
3420,39,97,0
3421,39,99,0
3422,39,97,0
3423,40,97,0
3424,39,99,0
3425,39,99,0
3426,40,95,0
3427,39,97,0
3428,40,99,0
3429,40,97,0
3430,39,97,0
3431,39,95,0
3432,39,99,0
3433,39,97,0
3434,39,97,0
3435,39,99,0
3436,39,99,0
3437,40,99,0
3438,39,101,0
3439,39,100,0
3440,40,96,0
3441,40,96,0
3442,38,98,0
3443,39,98,0
3444,38,100,0
3445,39,97,0
3446,40,97,0
3447,41,97,0
3448,40,99,0
3449,39,97,0
3450,40,99,0
3451,40,99,0
3452,40,99,0
3453,39,101,0
3454,40,98,0
3455,39,100,0
3456,39,96,0
3457,40,98,0
3458,39,99,0
3459,39,101,0
3460,40,100,0
3461,39,100,0
3462,39,101,0
3463,40,100,0
3464,39,100,0
3465,40,98,0
3466,39,97,0
3467,41,98,0
3468,40,98,0
3469,39,98,0
3470,40,98,0
3471,39,98,0
3472,39,100,0
3473,40,99,0
3474,39,101,0
3475,39,98,0
3476,39,98,0
3477,41,97,0
3478,39,101,0
3479,40,98,0
3480,39,100,0
3481,39,98,0
3482,40,98,0
3483,40,97,0
3484,38,98,0
3485,40,100,0
3486,40,99,0
3487,39,97,0
3488,40,100,0
3489,39,99,0
3490,40,97,0
3491,39,96,0
3492,39,100,0
3493,40,98,0
3494,71,117,0
3495,39,97,0
3496,39,96,0
3497,39,100,0
3498,40,98,0
3499,39,97,0
3500,39,100,0
3501,40,97,0
3502,40,97,0
3503,40,98,0
3504,40,96,0
3505,40,98,0
3506,39,98,0
3507,39,98,0
3508,39,96,0
3509,39,98,0
3510,39,97,0
3511,39,99,0
3512,39,99,0
3513,40,95,0
3514,41,97,0
3515,39,96,0
3516,39,98,0
3517,39,100,0
3518,39,101,0
3519,38,98,0
3520,40,98,0
3521,39,96,0
3522,39,100,0
3523,39,97,0
3524,39,101,0
3525,38,96,0
3526,39,100,0
3527,39,98,0
3528,40,100,0
3529,39,99,0
3530,39,97,0
3531,39,96,0
3532,39,97,0
3533,40,97,0
3534,38,101,0
3535,40,98,0
3536,39,98,0
3537,40,97,0
3538,40,97,0
3539,41,99,0
3540,39,101,0
3541,39,100,0
3542,39,97,0
3543,39,97,0
3544,41,97,0
3545,40,95,0
3546,40,97,0
3547,40,97,0
3548,39,97,0
3549,39,100,0
3550,40,98,0
3551,39,96,0
3552,39,97,0
3553,39,99,0
3554,39,99,0
3555,40,99,0
3556,39,97,0
3557,39,99,0
3558,39,99,0
3559,40,99,0
3560,40,101,0
3561,39,98,0
3562,39,98,0
3563,39,98,0
3564,40,98,0
3565,39,98,0
3566,39,98,0
3567,39,98,0
3568,39,98,0
3569,40,100,0
3570,41,98,0
3571,39,98,0
3572,40,96,0
3573,37,98,0
3574,39,98,0
3575,39,98,0
3576,40,97,0
3577,40,99,0
3578,39,99,0
3579,39,99,0
3580,40,97,0
3581,40,97,0
3582,40,97,0
3583,40,97,0
3584,39,97,0
3585,41,99,0
3586,40,97,0
3587,41,99,0
3588,39,101,0
3589,39,100,0
3590,38,97,0
3591,39,99,0
3592,39,99,0
3593,39,101,0
3594,40,97,0
3595,39,97,0
3596,40,101,0
3597,39,100,0
3598,38,97,0
3599,39,97,0
3600,40,99,0
3601,41,99,0
3602,40,97,0
3603,39,97,0
3604,39,99,0
3605,39,99,0
3606,40,99,0
3607,39,99,0
3608,38,99,0
3609,39,97,0
3610,39,99,0
3611,39,97,0
3612,40,97,0
3613,40,97,0
3614,40,99,0
3615,40,99,0
3616,39,97,0
3617,40,99,0
3618,40,95,0
3619,38,97,0
3620,40,98,0
3621,41,100,0
3622,39,98,0
3623,40,100,0
3624,40,97,0
3625,40,97,0
3626,40,101,0
3627,39,98,0
3628,39,98,0
3629,38,98,0
3630,39,96,0
3631,40,96,0
3632,38,98,0
3633,40,98,0
3634,39,98,0
3635,40,98,0
3636,40,98,0
3637,40,96,0
3638,39,100,0
3639,39,99,0
3640,39,97,0
3641,40,97,0
3642,39,95,0
3643,40,97,0
3644,39,99,0
3645,41,97,0
3646,38,99,0
3647,40,97,0
3648,41,99,0
3649,39,99,0
3650,40,95,0
3651,38,99,0
3652,40,100,0
3653,39,98,0
3654,39,97,0
3655,39,99,0
3656,40,99,0
3657,40,101,0
3658,39,101,0
3659,39,99,0
3660,39,99,0
3661,39,99,0
3662,41,97,0
3663,40,97,0
3664,40,101,0
3665,39,98,0
3666,39,98,0
3667,40,96,0
3668,39,98,0
3669,38,98,0
3670,40,96,0
3671,39,96,0
3672,40,100,0
3673,40,97,0
3674,40,97,0
3675,40,99,0
3676,39,99,0
3677,39,99,0
3678,40,99,0
3679,39,97,0
3680,39,99,0
3681,39,97,0
3682,40,97,0
3683,41,99,0
3684,39,97,0
3685,40,99,0
3686,40,97,0
3687,39,97,0
3688,39,101,0
3689,39,98,0
3690,39,98,0
3691,40,98,0
3692,39,98,0
3693,39,98,0
3694,40,100,0
3695,39,97,0
3696,39,100,0
3697,39,97,0
3698,38,101,0
3699,39,98,0
3700,39,98,0
3701,39,100,0
3702,39,99,0
3703,39,97,0
3704,40,97,0
3705,39,99,0
3706,40,97,0
3707,39,97,0
3708,39,101,0
3709,39,100,0
3710,40,99,0
3711,38,97,0
3712,39,97,0
3713,39,97,0
3714,39,99,0
3715,39,99,0
3716,39,97,0
3717,39,97,0
3718,39,99,0
3719,39,97,0
3720,39,99,0
3721,40,99,0
3722,39,97,0
3723,38,97,0
3724,39,97,0
3725,38,99,0
3726,39,97,0
3727,40,97,0
3728,39,97,0
3729,38,97,0
3730,40,97,0
3731,40,97,0
3732,39,98,0
3733,39,96,0
3734,40,98,0
3735,39,100,0
3736,39,100,0
3737,39,97,0
3738,39,99,0
3739,40,99,0
3740,39,99,0
3741,39,101,0
3742,39,98,0
3743,40,98,0
3744,39,100,0
3745,39,100,0
3746,39,99,0
3747,39,99,0
3748,39,97,0
3749,39,97,0
3750,40,97,0
3751,39,99,0
3752,40,97,0
3753,39,101,0
3754,38,98,0
3755,40,98,0
3756,38,100,0
3757,39,99,0
3758,41,99,0
3759,39,97,0
3760,40,99,0
3761,40,99,0
3762,40,95,0
3763,39,97,0
3764,39,101,0
3765,40,96,0
3766,39,96,0
3767,39,98,0
3768,40,96,0
3769,40,96,0
3770,39,98,0
3771,39,100,0
3772,39,99,0
3773,39,97,0
3774,39,97,0
3775,39,98,0
3776,39,100,0
3777,39,99,0
3778,39,99,0
3779,39,97,0
3780,40,99,0
3781,39,101,0
3782,39,98,0
3783,40,100,0
3784,39,97,0
3785,38,99,0
3786,40,95,0
3787,41,97,0
3788,40,98,0
3789,39,100,0
3790,40,100,0
3791,39,95,0
3792,39,101,0
3793,41,99,0
3794,40,97,0
3795,38,98,0
3796,40,97,0
3797,39,101,0
3798,39,98,0
3799,39,98,0
3800,39,100,0
3801,39,99,0
3802,39,99,0
3803,39,99,0
3804,40,99,0
3805,64,100,0
3806,39,98,0
3807,39,97,0
3808,39,96,0
3809,40,97,0
3810,39,99,0
3811,39,98,0
3812,40,100,0
3813,40,102,0
3814,39,99,0
3815,40,97,0
3816,40,98,0
3817,39,98,0
3818,39,96,0
3819,40,101,0
3820,40,98,0
3821,40,98,0
3822,39,98,0
3823,39,98,0
3824,39,98,0
3825,39,101,0
3826,39,98,0
3827,39,100,0
3828,40,99,0
3829,39,99,0
3830,39,99,0
3831,39,99,0
3832,39,99,0
3833,40,97,0
3834,40,99,0
3835,39,99,0
3836,40,98,0
3837,40,98,0
3838,39,98,0
3839,39,98,0
3840,39,98,0
3841,39,98,0
3842,39,98,0
3843,39,100,0
3844,39,99,0
3845,39,99,0
3846,39,97,0
3847,39,97,0
3848,39,97,0
3849,38,99,0
3850,39,99,0
3851,39,97,0
3852,39,99,0
3853,39,99,0
3854,40,98,0
3855,39,98,0
3856,40,100,0
3857,40,100,0
3858,40,97,0
3859,39,97,0
3860,40,97,0
3861,38,97,0
3862,39,99,0
3863,39,99,0
3864,39,95,0
3865,39,98,0
3866,39,96,0
3867,38,98,0
3868,39,100,0
3869,37,98,0
3870,39,96,0
3871,40,97,0
3872,40,99,0
3873,39,99,0
3874,39,99,0
3875,40,99,0
3876,39,99,0
3877,40,97,0
3878,39,99,0
3879,39,97,0
3880,38,97,0
3881,40,98,0
3882,40,98,0
3883,40,100,0
3884,40,97,0
3885,39,99,0
3886,39,99,0
3887,40,101,0
3888,40,98,0
3889,39,100,0
3890,39,100,0
3891,39,95,0
3892,40,100,0
3893,40,98,0
3894,40,96,0
3895,38,100,0
3896,41,97,0
3897,40,99,0
3898,39,98,0
3899,40,98,0
3900,39,96,0
3901,39,98,0
3902,41,99,0
3903,39,97,0
3904,38,99,0
3905,39,97,0
3906,39,97,0
3907,41,99,0
3908,40,99,0
3909,40,97,0
3910,39,97,0
3911,40,98,0
3912,39,98,0
3913,39,98,0
3914,40,98,0
3915,39,98,0
3916,38,98,0
3917,39,100,0
3918,40,99,0
3919,40,97,0
3920,40,99,0
3921,39,99,0
3922,40,97,0
3923,39,99,0
3924,38,97,0
3925,39,99,0
3926,39,100,0
3927,40,96,0
3928,40,98,0
3929,40,97,0
3930,39,97,0
3931,40,101,0
3932,39,97,0
3933,40,95,0
3934,39,98,0
3935,39,98,0
3936,40,100,0
3937,40,98,0
3938,41,100,0
3939,39,99,0
3940,40,97,0
3941,39,99,0
3942,39,99,0
3943,39,100,0
3944,40,98,0
3945,40,98,0
3946,40,98,0
3947,39,98,0
3948,39,98,0
3949,40,99,0
3950,40,99,0
3951,40,99,0
3952,39,97,0
3953,39,97,0
3954,40,97,0
3955,40,101,0
3956,39,98,0
3957,40,100,0
3958,39,99,0
3959,39,99,0
3960,39,99,0
3961,40,99,0
3962,39,101,0
3963,39,98,0
3964,39,98,0
3965,38,98,0
3966,39,98,0
3967,39,100,0
3968,39,99,0
3969,41,99,0
3970,39,100,0
3971,39,97,0
3972,39,97,0
3973,40,99,0
3974,39,99,0
3975,38,99,0
3976,38,97,0
3977,39,98,0
3978,40,98,0
3979,40,98,0
3980,40,96,0
3981,40,100,0
3982,40,97,0
3983,40,97,0
3984,39,99,0
3985,39,99,0
3986,40,97,0
3987,41,101,0
3988,39,98,0
3989,39,96,0
3990,39,98,0
3991,40,98,0
3992,40,100,0
3993,40,97,0
3994,41,99,0
3995,38,99,0
3996,39,95,0
3997,39,99,0
3998,40,97,0
3999,39,101,0
4000,39,98,0
4001,40,104,0
4002,38,97,0
4003,39,100,0
4004,39,98,0
4005,39,100,0
4006,40,99,0
4007,40,97,0
4008,39,99,0
4009,39,99,0
4010,39,97,0
4011,39,97,0
4012,40,97,0
4013,40,99,0
4014,40,97,0
4015,39,100,0
4016,39,96,0
4017,39,98,0
4018,39,100,0
4019,39,99,0
4020,39,97,0
4021,41,99,0
4022,41,97,0
4023,40,99,0
4024,40,99,0
4025,39,101,0
4026,39,96,0
4027,40,98,0
4028,39,98,0
4029,39,98,0
4030,39,100,0
4031,39,99,0
4032,40,99,0
4033,40,99,0
4034,40,99,0
4035,39,101,0
4036,40,96,0
4037,40,100,0
4038,39,97,0
4039,40,97,0
4040,39,99,0
4041,39,99,0
4042,39,99,0
4043,39,99,0
4044,39,99,0
4045,40,97,0
4046,40,101,0
4047,39,98,0
4048,40,98,0
4049,41,96,0
4050,39,96,0
4051,40,98,0
4052,38,98,0
4053,39,98,0
4054,40,100,0
4055,39,97,0
4056,40,99,0
4057,40,99,0
4058,39,97,0
4059,40,97,0
4060,39,99,0
4061,39,97,0
4062,39,99,0
4063,40,99,0
4064,39,97,0
4065,39,99,0
4066,39,97,0
4067,39,97,0
4068,38,97,0
4069,39,101,0
4070,40,98,0
4071,38,96,0
4072,39,96,0
4073,39,100,0
4074,39,99,0
4075,39,99,0
4076,39,99,0
4077,40,97,0
4078,39,99,0
4079,39,97,0
4080,40,97,0
4081,40,97,0
4082,39,97,0
4083,38,97,0
4084,39,101,0
4085,39,97,0
4086,39,100,0
4087,40,96,0
4088,39,98,0
4089,39,98,0
4090,40,96,0
4091,40,100,0
4092,40,99,0
4093,41,97,0
4094,40,101,0
4095,39,96,0
4096,39,98,0
4097,38,100,0
4098,39,99,0
4099,39,97,0
4100,39,99,0
4101,39,95,0
4102,40,99,0
4103,38,99,0
4104,40,97,0
4105,40,100,0
4106,40,98,0
4107,39,100,0
4108,40,97,0
4109,40,95,0
4110,39,101,0
4111,38,98,0
4112,39,98,0
4113,40,98,0
4114,40,96,0
4115,40,98,0
4116,62,100,0
4117,39,98,0
4118,39,98,0
4119,39,99,0
4120,40,101,0
4121,39,98,0
4122,38,101,0
4123,40,98,0
4124,40,96,0
4125,40,97,0
4126,39,101,0
4127,40,100,0
4128,40,97,0
4129,40,100,0
4130,39,100,0
4131,40,99,0
4132,40,96,0
4133,40,100,0
4134,40,97,0
4135,40,101,0
4136,38,98,0
4137,39,96,0
4138,40,98,0
4139,39,97,0
4140,39,99,0
4141,39,101,0
4142,40,98,0
4143,40,100,0
4144,40,99,0
4145,39,97,0
4146,38,99,0
4147,40,98,0
4148,40,100,0
4149,39,97,0
4150,40,97,0
4151,39,97,0
4152,40,99,0
4153,40,97,0
4154,40,100,0
4155,39,100,0
4156,39,97,0
4157,39,99,0
4158,41,97,0
4159,39,99,0
4160,39,97,0
4161,38,97,0
4162,39,95,0
4163,40,98,0
4164,39,96,0
4165,39,100,0
4166,39,98,0
4167,40,98,0
4168,39,94,0
4169,39,98,0
4170,39,96,0
4171,39,98,0
4172,40,100,0
4173,40,97,0
4174,40,95,0
4175,40,101,0
4176,39,100,0
4177,40,99,0
4178,39,99,0
4179,39,99,0
4180,39,97,0
4181,38,100,0
4182,38,97,0
4183,39,96,0
4184,40,98,0
4185,40,100,0
4186,40,96,0
4187,39,98,0
4188,38,100,0
4189,39,97,0
4190,41,97,0
4191,38,99,0
4192,39,97,0
4193,39,99,0
4194,40,97,0
4195,39,97,0
4196,38,99,0
4197,40,99,0
4198,39,97,0
4199,39,101,0
4200,40,97,0
4201,39,97,0
4202,40,99,0
4203,39,101,0
4204,40,100,0
4205,40,97,0
4206,39,99,0
4207,39,97,0
4208,39,99,0
4209,39,97,0
4210,40,97,0
4211,40,101,0
4212,40,100,0
4213,40,100,0
4214,39,97,0
4215,39,97,0
4216,38,97,0
4217,39,99,0
4218,40,99,0
4219,39,99,0
4220,40,99,0
4221,39,99,0
4222,40,97,0
4223,39,97,0
4224,41,97,0
4225,39,99,0
4226,40,99,0
4227,39,99,0
4228,38,99,0
4229,40,97,0
4230,39,101,0
4231,39,98,0
4232,39,98,0
4233,39,98,0
4234,38,98,0
4235,39,98,0
4236,39,98,0
4237,39,98,0
4238,38,96,0
4239,40,97,0
4240,39,98,0
4241,39,100,0
4242,40,100,0
4243,40,99,0
4244,39,101,0
4245,40,98,0
4246,39,100,0
4247,40,98,0
4248,39,98,0
4249,38,98,0
4250,39,98,0
4251,40,98,0
4252,39,100,0
4253,39,97,0
4254,40,99,0
4255,39,101,0
4256,40,100,0
4257,39,97,0
4258,39,97,0
4259,40,97,0
4260,40,101,0
4261,40,98,0
4262,39,100,0
4263,39,97,0
4264,40,100,0
4265,38,99,0
4266,40,97,0
4267,39,98,0
4268,40,98,0
4269,40,98,0
4270,39,98,0
4271,40,98,0
4272,40,98,0
4273,40,98,0
4274,39,98,0
4275,39,100,0
4276,40,99,0
4277,39,97,0
4278,40,97,0
4279,40,99,0
4280,40,100,0
4281,40,99,0
4282,40,97,0
4283,39,99,0
4284,38,99,0
4285,39,99,0
4286,39,99,0
4287,41,99,0
4288,40,99,0
4289,40,97,0
4290,39,101,0
4291,40,100,0
4292,39,98,0
4293,39,100,0
4294,40,97,0
4295,40,99,0
4296,40,99,0
4297,40,97,0
4298,40,100,0
4299,40,98,0
4300,39,98,0
4301,40,100,0
4302,40,99,0
4303,40,97,0
4304,40,97,0
4305,39,101,0
4306,40,98,0
4307,40,98,0
4308,38,98,0
4309,39,100,0
4310,39,99,0
4311,40,101,0
4312,39,99,0
4313,39,101,0
4314,39,98,0
4315,39,98,0
4316,40,96,0
4317,38,98,0
4318,40,98,0
4319,40,98,0
4320,39,98,0
4321,39,98,0
4322,39,98,0
4323,39,98,0
4324,40,98,0
4325,38,100,0
4326,39,101,0
4327,40,98,0
4328,40,98,0
4329,39,100,0
4330,40,96,0
4331,39,96,0
4332,40,98,0
4333,40,100,0
4334,40,101,0
4335,40,98,0
4336,39,98,0
4337,38,98,0
4338,40,100,0
4339,39,100,0
4340,39,99,0
4341,41,99,0
4342,39,99,0
4343,39,95,0
4344,40,101,0
4345,39,96,0
4346,39,98,0
4347,40,96,0
4348,40,100,0
4349,38,100,0
4350,39,97,0
4351,40,97,0
4352,40,97,0
4353,39,99,0
4354,39,99,0
4355,40,101,0
4356,38,98,0
4357,40,96,0
4358,40,100,0
4359,40,98,0
4360,39,98,0
4361,39,98,0
4362,40,100,0
4363,39,99,0
4364,39,97,0
4365,38,97,0
4366,40,99,0
4367,39,101,0
4368,40,100,0
4369,39,97,0
4370,39,97,0
4371,40,98,0
4372,39,98,0
4373,40,96,0
4374,39,100,0
4375,40,99,0
4376,40,99,0
4377,39,97,0
4378,40,101,0
4379,40,100,0
4380,39,95,0
4381,40,97,0
4382,41,99,0
4383,40,97,0
4384,39,97,0
4385,39,99,0
4386,39,101,0
4387,40,96,0
4388,39,100,0
4389,39,100,0
4390,40,101,0
4391,38,98,0
4392,40,98,0
4393,40,100,0
4394,40,97,0
4395,39,97,0
4396,40,99,0
4397,39,100,0
4398,39,96,0
4399,38,98,0
4400,40,101,0
4401,39,98,0
4402,38,97,0
4403,38,100,0
4404,40,97,0
4405,40,97,0
4406,41,98,0
4407,39,98,0
4408,39,97,0
4409,41,95,0
4410,39,99,0
4411,39,100,0
4412,40,98,0
4413,39,96,0
4414,40,98,0
4415,40,98,0
4416,39,96,0
4417,40,100,0
4418,39,97,0
4419,40,99,0
4420,39,97,0
4421,40,97,0
4422,39,99,0
4423,40,97,0
4424,39,99,0
4425,63,100,0
4426,39,97,0
4427,39,97,0
4428,39,98,0
4429,40,97,0
4430,40,98,0
4431,40,98,0
4432,40,99,0
4433,39,99,0
4434,40,100,0
4435,39,99,0
4436,40,101,0
4437,39,98,0
4438,40,98,0
4439,40,101,0
4440,38,99,0
4441,39,98,0
4442,40,98,0
4443,40,100,0
4444,40,99,0
4445,39,98,0
4446,39,100,0
4447,38,99,0
4448,40,96,0
4449,39,98,0
4450,39,101,0
4451,39,101,0
4452,38,100,0
4453,39,101,0
4454,40,98,0
4455,39,98,0
4456,40,97,0
4457,39,101,0
4458,40,96,0
4459,40,100,0
4460,39,99,0
4461,39,97,0
4462,39,101,0
4463,40,98,0
4464,39,96,0
4465,39,98,0
4466,39,98,0
4467,39,100,0
4468,39,101,0
4469,38,100,0
4470,39,101,0
4471,39,99,0
4472,40,98,0
4473,39,96,0
4474,39,98,0
4475,39,98,0
4476,38,98,0
4477,38,98,0
4478,39,98,0
4479,38,98,0
4480,39,98,0
4481,40,96,0
4482,39,98,0
4483,40,96,0
4484,38,98,0
4485,39,98,0
4486,40,100,0
4487,39,99,0
4488,39,97,0
4489,39,99,0
4490,39,95,0
4491,40,99,0
4492,39,95,0
4493,39,97,0
4494,40,97,0
4495,41,97,0
4496,38,99,0
4497,39,99,0
4498,39,99,0
4499,40,97,0
4500,39,101,0
4501,39,98,0
4502,40,96,0
4503,39,96,0
4504,39,96,0
4505,38,98,0
4506,40,96,0
4507,39,98,0
4508,39,98,0
4509,38,98,0
4510,40,98,0
4511,39,98,0
4512,38,98,0
4513,39,98,0
4514,39,98,0
4515,39,98,0
4516,39,96,0
4517,40,96,0
4518,40,98,0
4519,39,96,0
4520,39,96,0
4521,40,96,0
4522,40,98,0
4523,39,98,0
4524,39,100,0
4525,39,97,0
4526,39,97,0
4527,39,99,0
4528,40,97,0
4529,39,97,0
4530,40,99,0
4531,38,99,0
4532,40,97,0
4533,40,97,0
4534,39,99,0
4535,40,97,0
4536,39,97,0
4537,39,99,0
4538,41,99,0
4539,40,97,0
4540,40,97,0
4541,38,99,0
4542,39,99,0
4543,40,99,0
4544,39,97,0
4545,40,101,0
4546,40,98,0
4547,40,98,0
4548,39,98,0
4549,40,96,0
4550,39,98,0
4551,39,100,0
4552,40,97,0
4553,39,97,0
4554,40,97,0
4555,39,97,0
4556,40,97,0
4557,39,99,0
4558,39,99,0
4559,40,99,0
4560,39,101,0
4561,41,97,0
4562,39,99,0
4563,39,97,0
4564,40,98,0
4565,40,95,0
4566,39,98,0
4567,40,98,0
4568,40,98,0
4569,39,100,0
4570,39,98,0
4571,39,98,0
4572,39,98,0
4573,38,98,0
4574,39,96,0
4575,38,98,0
4576,39,98,0
4577,39,100,0
4578,39,101,0
4579,39,98,0
4580,39,98,0
4581,39,100,0
4582,39,99,0
4583,38,99,0
4584,39,97,0
4585,40,99,0
4586,40,97,0
4587,40,97,0
4588,39,97,0
4589,39,99,0
4590,40,98,0
4591,40,96,0
4592,39,98,0
4593,39,100,0
4594,40,101,0
4595,40,98,0
4596,40,98,0
4597,38,96,0
4598,38,98,0
4599,39,98,0
4600,40,98,0
4601,39,96,0
4602,39,96,0
4603,40,102,0
4604,41,97,0
4605,40,97,0
4606,38,99,0
4607,39,99,0
4608,38,101,0
4609,39,96,0
4610,39,96,0
4611,40,98,0
4612,38,100,0
4613,39,97,0
4614,39,97,0
4615,39,99,0
4616,40,99,0
4617,40,97,0
4618,38,97,0
4619,40,97,0
4620,39,99,0
4621,38,99,0
4622,39,99,0
4623,40,97,0
4624,40,97,0
4625,39,99,0
4626,39,97,0
4627,39,97,0
4628,40,99,0
4629,39,98,0
4630,40,98,0
4631,39,98,0
4632,40,98,0
4633,39,98,0
4634,39,98,0
4635,39,100,0
4636,40,99,0
4637,39,97,0
4638,39,97,0
4639,39,99,0
4640,39,99,0
4641,40,97,0
4642,40,97,0
4643,39,97,0
4644,39,97,0
4645,39,99,0
4646,38,99,0
4647,38,99,0
4648,39,99,0
4649,40,97,0
4650,40,99,0
4651,38,99,0
4652,39,99,0
4653,40,97,0
4654,39,99,0
4655,39,99,0
4656,39,99,0
4657,40,95,0
4658,41,95,0
4659,40,97,0
4660,40,97,0
4661,39,97,0
4662,38,99,0
4663,40,98,0
4664,39,98,0
4665,39,98,0
4666,40,98,0
4667,39,98,0
4668,38,98,0
4669,39,98,0
4670,40,96,0
4671,39,98,0
4672,39,96,0
4673,38,98,0
4674,40,98,0
4675,40,98,0
4676,39,98,0
4677,39,98,0
4678,39,98,0
4679,39,96,0
4680,39,96,0
4681,38,98,0
4682,39,98,0
4683,40,98,0
4684,39,96,0
4685,39,98,0
4686,39,98,0
4687,40,96,0
4688,39,96,0
4689,39,100,0
4690,38,97,0
4691,39,97,0
4692,40,97,0
4693,38,99,0
4694,39,101,0
4695,39,98,0
4696,39,98,0
4697,40,96,0
4698,39,96,0
4699,39,96,0
4700,38,98,0
4701,40,98,0
4702,40,96,0
4703,39,96,0
4704,39,96,0
4705,39,98,0
4706,39,98,0
4707,39,98,0
4708,39,98,0
4709,39,98,0
4710,39,96,0
4711,39,98,0
4712,39,96,0
4713,40,98,0
4714,38,98,0
4715,38,98,0
4716,39,98,0
4717,40,98,0
4718,39,98,0
4719,39,96,0
4720,39,96,0
4721,39,96,0
4722,39,96,0
4723,39,96,0
4724,40,96,0
4725,39,98,0
4726,39,96,0
4727,38,98,0
4728,38,98,0
4729,40,96,0
4730,39,98,0
4731,38,96,0
4732,40,96,0
4733,39,96,0
4734,39,98,0
4735,40,98,0
4736,39,98,0
4737,40,100,0
4738,64,101,0
4739,39,99,0
4740,38,98,0
4741,40,100,0
4742,40,97,0
4743,39,98,0
4744,40,98,0
4745,40,101,0
4746,39,98,0
4747,39,98,0
4748,39,100,0
4749,39,99,0
4750,40,98,0
4751,40,100,0
4752,40,97,0
4753,38,101,0
4754,39,100,0
4755,39,96,0
4756,39,100,0
4757,40,99,0
4758,41,97,0
4759,40,98,0
4760,39,98,0
4761,39,98,0
4762,38,100,0
4763,39,97,0
4764,40,97,0
4765,40,99,0
4766,41,97,0
4767,39,101,0
4768,40,98,0
4769,39,100,0
4770,40,99,0
4771,39,97,0
4772,39,97,0
4773,40,99,0
4774,39,95,0
4775,39,95,0
4776,40,97,0
4777,40,97,0
4778,39,99,0
4779,39,97,0
4780,39,97,0
4781,39,99,0
4782,38,99,0
4783,38,97,0
4784,38,99,0
4785,39,97,0
4786,38,99,0
4787,40,97,0
4788,40,95,0
4789,39,101,0
4790,39,98,0
4791,39,96,0
4792,39,98,0
4793,39,100,0
4794,39,100,0
4795,39,100,0
4796,38,100,0
4797,39,97,0
4798,39,99,0
4799,40,99,0
4800,39,97,0
4801,40,97,0
4802,40,99,0
4803,39,97,0
4804,40,99,0
4805,40,99,0
4806,39,97,0
4807,39,96,0
4808,39,96,0
4809,39,98,0
4810,38,98,0
4811,40,98,0
4812,41,98,0
4813,39,98,0
4814,39,96,0
4815,40,98,0
4816,39,100,0
4817,39,99,0
4818,39,97,0
4819,40,97,0
4820,39,97,0
4821,40,99,0
4822,40,101,0
4823,39,98,0
4824,39,98,0
4825,39,98,0
4826,39,98,0
4827,39,98,0
4828,40,98,0
4829,39,97,0
4830,38,97,0
4831,39,97,0
4832,38,97,0
4833,40,99,0
4834,40,97,0
4835,39,97,0
4836,38,99,0
4837,40,95,0
4838,40,97,0
4839,39,99,0
4840,41,97,0
4841,40,97,0
4842,39,97,0
4843,39,99,0
4844,40,97,0
4845,40,97,0
4846,40,101,0
4847,39,98,0
4848,40,98,0
4849,39,98,0
4850,40,100,0
4851,39,99,0
4852,40,97,0
4853,40,97,0
4854,40,99,0
4855,40,99,0
4856,40,99,0
4857,39,97,0
4858,40,99,0
4859,39,99,0
4860,40,99,0
4861,40,97,0
4862,38,101,0
4863,38,98,0
4864,40,98,0
4865,39,98,0
4866,40,98,0
4867,40,97,0
4868,38,100,0
4869,40,98,0
4870,40,98,0
4871,39,96,0
4872,39,98,0
4873,38,98,0
4874,39,98,0
4875,40,98,0
4876,39,98,0
4877,40,98,0
4878,39,98,0
4879,38,98,0
4880,40,100,0
4881,40,97,0
4882,39,99,0
4883,40,97,0
4884,39,99,0
4885,40,97,0
4886,39,99,0
4887,40,99,0
4888,39,99,0
4889,40,99,0
4890,40,97,0
4891,40,99,0
4892,39,99,0
4893,40,99,0
4894,40,99,0
4895,39,97,0
4896,39,100,0
4897,40,97,0
4898,40,100,0
4899,40,98,0
4900,39,100,0
4901,38,99,0
4902,41,99,0
4903,39,98,0
4904,38,98,0
4905,40,98,0
4906,40,98,0
4907,40,98,0
4908,40,98,0
4909,39,98,0
4910,39,96,0
4911,40,98,0
4912,39,97,0
4913,39,100,0
4914,39,96,0
4915,39,100,0
4916,40,97,0
4917,41,97,0
4918,39,98,0
4919,40,98,0
4920,40,102,0
4921,39,97,0
4922,40,97,0
4923,39,98,0
4924,40,98,0
4925,40,98,0
4926,38,97,0
4927,39,99,0
4928,39,101,0
4929,39,100,0
4930,40,97,0
4931,40,97,0
4932,40,99,0
4933,39,101,0
4934,39,98,0
4935,39,96,0
4936,39,99,0
4937,39,97,0
4938,40,97,0
4939,40,97,0
4940,40,97,0
4941,39,99,0
4942,38,97,0
4943,39,101,0
4944,39,100,0
4945,40,99,0
4946,40,97,0
4947,40,97,0
4948,41,99,0
4949,39,97,0
4950,40,99,0
4951,40,101,0
4952,39,96,0
4953,39,96,0
4954,39,98,0
4955,39,98,0
4956,39,98,0
4957,39,98,0
4958,39,98,0
4959,39,97,0
4960,38,97,0
4961,39,97,0
4962,38,99,0
4963,41,97,0
4964,41,97,0
4965,39,97,0
4966,39,99,0
4967,39,99,0
4968,40,97,0
4969,39,97,0
4970,39,99,0
4971,38,97,0
4972,39,99,0
4973,40,97,0
4974,40,99,0
4975,41,101,0
4976,39,100,0
4977,39,100,0
4978,41,99,0
4979,39,99,0
4980,39,99,0
4981,38,97,0
4982,39,97,0
4983,40,97,0
4984,39,97,0
4985,40,99,0
4986,39,97,0
4987,38,97,0
4988,39,98,0
4989,39,98,0
4990,39,98,0
4991,39,100,0
4992,39,97,0
4993,40,97,0
4994,38,101,0
4995,39,96,0
4996,40,100,0
4997,39,98,0
4998,39,98,0
4999,39,98,0
5000,40,97,0
5001,40,100,0
5002,39,95,0
5003,38,99,0
5004,39,97,0
5005,38,97,0
5006,39,97,0
5007,40,97,0
5008,38,97,0
5009,38,96,0
5010,38,100,0
5011,40,95,0
5012,39,101,0
5013,39,98,0
5014,39,98,0
5015,39,96,0
5016,39,98,0
5017,40,96,0
5018,39,96,0
5019,39,98,0
5020,39,98,0
5021,40,97,0
5022,38,99,0
5023,39,99,0
5024,40,97,0
5025,39,101,0
5026,39,98,0
5027,39,98,0
5028,40,98,0
5029,40,98,0
5030,39,98,0
5031,40,100,0
5032,39,97,0
5033,40,97,0
5034,39,101,0
5035,41,97,0
5036,40,97,0
5037,38,98,0
5038,39,98,0
5039,38,98,0
5040,39,100,0
5041,39,97,0
5042,39,99,0
5043,39,97,0
5044,40,98,0
5045,39,96,0
5046,39,98,0
5047,40,100,0
5048,39,99,0
5049,61,109,0
5050,38,96,0
5051,38,99,0
5052,39,95,0
5053,39,98,0
5054,40,98,0
5055,39,98,0
5056,40,99,0
5057,40,97,0
5058,40,98,0
5059,40,96,0
5060,39,99,0
5061,39,99,0
5062,39,99,0
5063,39,98,0
5064,39,96,0
5065,39,96,0
5066,39,100,0
5067,39,97,0
5068,39,98,0
5069,40,96,0
5070,40,98,0
5071,40,96,0
5072,40,99,0
5073,39,97,0
5074,39,99,0
5075,40,99,0
5076,40,97,0
5077,38,97,0
5078,39,97,0
5079,39,99,0
5080,39,97,0
5081,39,98,0
5082,39,96,0
5083,39,98,0
5084,39,98,0
5085,39,96,0
5086,39,98,0
5087,40,100,0
5088,39,101,0
5089,38,98,0
5090,39,96,0
5091,39,100,0
5092,39,97,0
5093,39,97,0
5094,39,97,0
5095,40,97,0
5096,39,99,0
5097,40,95,0
5098,39,97,0
5099,39,99,0
5100,39,97,0
5101,40,96,0
5102,39,98,0
5103,38,98,0
5104,39,98,0
5105,39,98,0
5106,39,98,0
5107,39,98,0
5108,39,97,0
5109,39,99,0
5110,39,99,0
5111,40,97,0
5112,40,97,0
5113,40,97,0
5114,40,97,0
5115,39,97,0
5116,39,99,0
5117,40,97,0
5118,39,97,0
5119,39,99,0
5120,39,97,0
5121,40,97,0
5122,39,97,0
5123,41,99,0
5124,39,97,0
5125,39,97,0
5126,40,95,0
5127,40,99,0
5128,38,101,0
5129,40,98,0
5130,41,98,0
5131,39,98,0
5132,39,98,0
5133,39,100,0
5134,39,100,0
5135,38,99,0
5136,39,99,0
5137,39,99,0
5138,39,101,0
5139,39,98,0
5140,40,98,0
5141,40,98,0
5142,39,100,0
5143,39,97,0
5144,40,99,0
5145,39,99,0
5146,39,97,0
5147,39,97,0
5148,39,98,0
5149,40,100,0
5150,39,99,0
5151,38,97,0
5152,39,99,0
5153,39,99,0
5154,38,97,0
5155,39,99,0
5156,39,99,0
5157,40,101,0
5158,40,99,0
5159,40,97,0
5160,39,97,0
5161,39,101,0
5162,39,98,0
5163,39,98,0
5164,40,100,0
5165,39,99,0
5166,40,99,0
5167,39,101,0
5168,40,98,0
5169,39,100,0
5170,39,98,0
5171,40,100,0
5172,39,101,0
5173,39,98,0
5174,40,100,0
5175,39,98,0
5176,39,98,0
5177,39,98,0
5178,39,100,0
5179,40,97,0
5180,40,100,0
5181,39,96,0
5182,39,96,0
5183,40,97,0
5184,39,99,0
5185,40,98,0
5186,40,98,0
5187,39,98,0
5188,39,98,0
5189,40,100,0
5190,39,97,0
5191,40,99,0
5192,38,99,0
5193,39,99,0
5194,39,99,0
5195,40,97,0
5196,40,97,0
5197,40,97,0
5198,39,99,0
5199,40,99,0
5200,40,99,0
5201,40,95,0
5202,40,97,0
5203,38,99,0
5204,38,99,0
5205,39,99,0
5206,40,97,0
5207,40,99,0
5208,40,97,0
5209,40,98,0
5210,39,98,0
5211,39,100,0
5212,39,98,0
5213,41,98,0
5214,39,101,0
5215,39,96,0
5216,40,96,0
5217,39,100,0
5218,40,99,0
5219,39,99,0
5220,40,97,0
5221,38,99,0
5222,40,99,0
5223,40,99,0
5224,40,100,0
5225,39,98,0
5226,40,98,0
5227,38,100,0
5228,39,99,0
5229,39,101,0
5230,39,98,0
5231,39,98,0
5232,40,98,0
5233,39,98,0
5234,39,96,0
5235,39,98,0
5236,39,98,0
5237,40,96,0
5238,40,96,0
5239,40,100,0
5240,39,99,0
5241,40,101,0
5242,40,98,0
5243,39,98,0
5244,40,98,0
5245,40,100,0
5246,39,100,0
5247,39,99,0
5248,38,99,0
5249,40,97,0
5250,39,97,0
5251,39,97,0
5252,40,97,0
5253,39,98,0
5254,39,98,0
5255,40,100,0
5256,40,98,0
5257,39,100,0
5258,39,101,0
5259,39,98,0
5260,40,100,0
5261,39,97,0
5262,39,97,0
5263,40,101,0
5264,39,99,0
5265,39,97,0
5266,39,97,0
5267,39,96,0
5268,40,98,0
5269,39,96,0
5270,39,98,0
5271,40,96,0
5272,39,100,0
5273,39,99,0
5274,40,95,0
5275,40,97,0
5276,39,99,0
5277,39,97,0
5278,40,99,0
5279,38,99,0
5280,40,99,0
5281,39,99,0
5282,39,99,0
5283,39,99,0
5284,39,99,0
5285,39,97,0
5286,39,99,0
5287,41,97,0
5288,40,97,0
5289,41,100,0
5290,40,98,0
5291,39,100,0
5292,39,99,0
5293,40,101,0
5294,40,95,0
5295,39,98,0
5296,39,98,0
5297,39,98,0
5298,40,98,0
5299,40,100,0
5300,39,100,0
5301,39,99,0
5302,40,100,0
5303,39,98,0
5304,38,98,0
5305,39,100,0
5306,39,97,0
5307,39,99,0
5308,39,99,0
5309,39,99,0
5310,39,99,0
5311,39,99,0
5312,38,99,0
5313,39,97,0
5314,40,97,0
5315,40,97,0
5316,39,97,0
5317,39,97,0
5318,39,97,0
5319,39,99,0
5320,39,97,0
5321,39,99,0
5322,39,97,0
5323,40,101,0
5324,39,98,0
5325,39,96,0
5326,38,98,0
5327,40,96,0
5328,39,98,0
5329,39,96,0
5330,39,98,0
5331,38,98,0
5332,38,98,0
5333,39,98,0
5334,39,98,0
5335,40,98,0
5336,39,98,0
5337,39,95,0
5338,39,97,0
5339,40,98,0
5340,39,97,0
5341,38,98,0
5342,38,100,0
5343,39,100,0
5344,39,97,0
5345,39,97,0
5346,40,101,0
5347,39,98,0
5348,40,100,0
5349,39,97,0
5350,39,97,0
5351,40,97,0
5352,39,97,0
5353,39,99,0
5354,40,97,0
5355,40,97,0
5356,40,97,0
5357,39,97,0
5358,40,97,0
5359,40,99,0
5360,63,105,0
5361,40,100,0
5362,39,96,0
5363,39,95,0
5364,39,96,0
5365,39,99,0
5366,41,97,0
5367,39,98,0
5368,39,97,0
5369,39,101,0
5370,40,98,0
5371,38,99,0
5372,40,97,0
5373,41,100,0
5374,39,99,0
5375,40,97,0
5376,38,99,0
5377,38,98,0
5378,39,98,0
5379,40,98,0
5380,38,100,0
5381,40,97,0
5382,39,100,0
5383,39,100,0
5384,39,97,0
5385,39,99,0
5386,39,98,0
5387,40,98,0
5388,39,96,0
5389,40,98,0
5390,39,97,0
5391,40,99,0
5392,39,97,0
5393,39,99,0
5394,39,98,0
5395,39,96,0
5396,39,98,0
5397,40,98,0
5398,39,98,0
5399,40,99,0
5400,40,99,0
5401,40,99,0
5402,40,97,0
5403,39,98,0
5404,40,100,0
5405,40,97,0
5406,40,97,0
5407,39,99,0
5408,41,97,0
5409,39,100,0
5410,40,97,0
5411,39,97,0
5412,39,97,0
5413,40,97,0
5414,40,100,0
5415,40,99,0
5416,41,99,0
5417,38,99,0
5418,39,99,0
5419,39,99,0
5420,39,98,0
5421,40,102,0
5422,40,97,0
5423,39,97,0
5424,39,99,0
5425,38,99,0
5426,39,97,0
5427,40,96,0
5428,40,100,0
5429,38,100,0
5430,41,99,0
5431,41,97,0
5432,40,98,0
5433,38,96,0
5434,39,100,0
5435,40,98,0
5436,40,97,0
5437,6682,16833,0
5438,39,100,0
5439,39,96,0
5440,39,99,0
5441,39,101,0
5442,40,100,0
5443,39,98,0
5444,38,98,0
5445,41,98,0
5446,39,99,0
5447,39,97,0
5448,41,97,0
5449,40,97,0
5450,39,97,0
5451,39,98,0
5452,39,98,0
5453,40,100,0
5454,40,99,0
5455,39,99,0
5456,40,101,0
5457,40,100,0
5458,39,100,0
5459,40,97,0
5460,38,99,0
5461,39,98,0
5462,39,98,0
5463,38,98,0
5464,40,100,0
5465,39,99,0
5466,39,99,0
5467,39,97,0
5468,40,97,0
5469,40,101,0
5470,39,98,0
5471,40,98,0
5472,39,98,0
5473,40,98,0
5474,40,97,0
5475,39,97,0
5476,41,99,0
5477,40,101,0
5478,40,98,0
5479,39,96,0
5480,40,100,0
5481,40,97,0
5482,39,99,0
5483,40,97,0
5484,39,99,0
5485,40,97,0
5486,39,99,0
5487,41,95,0
5488,41,100,0
5489,39,100,0
5490,41,99,0
5491,40,97,0
5492,41,97,0
5493,40,100,0
5494,39,96,0
5495,39,98,0
5496,39,98,0
5497,39,97,0
5498,38,101,0
5499,39,97,0
5500,40,100,0
5501,39,100,0
5502,39,101,0
5503,40,99,0
5504,41,100,0
5505,39,98,0
5506,38,98,0
5507,40,99,0
5508,39,101,0
5509,39,98,0
5510,39,100,0
5511,39,100,0
5512,40,97,0
5513,39,97,0
5514,40,98,0
5515,39,98,0
5516,39,96,0
5517,41,98,0
5518,39,96,0
5519,40,100,0
5520,39,100,0
5521,40,97,0
5522,41,97,0
5523,38,99,0
5524,39,98,0
5525,40,98,0
5526,39,100,0
5527,40,98,0
5528,40,98,0
5529,38,98,0
5530,39,98,0
5531,39,98,0
5532,40,100,0
5533,39,101,0
5534,40,98,0
5535,39,98,0
5536,40,96,0
5537,40,100,0
5538,39,97,0
5539,40,97,0
5540,39,99,0
5541,40,99,0
5542,41,99,0
5543,39,99,0
5544,39,99,0
5545,39,101,0
5546,41,97,0
5547,39,99,0
5548,39,97,0
5549,38,99,0
5550,39,97,0
5551,40,97,0
5552,38,99,0
5553,39,95,0
5554,39,99,0
5555,40,97,0
5556,40,97,0
5557,39,101,0
5558,41,98,0
5559,40,100,0
5560,39,98,0
5561,39,96,0
5562,39,98,0
5563,39,100,0
5564,40,99,0
5565,39,99,0
5566,39,100,0
5567,39,97,0
5568,40,99,0
5569,38,99,0
5570,39,99,0
5571,41,99,0
5572,39,99,0
5573,39,101,0
5574,39,98,0
5575,38,98,0
5576,39,96,0
5577,40,98,0
5578,39,96,0
5579,39,100,0
5580,40,97,0
5581,39,99,0
5582,38,99,0
5583,40,99,0
5584,39,101,0
5585,39,97,0
5586,39,99,0
5587,41,97,0
5588,39,99,0
5589,39,97,0
5590,39,97,0
5591,39,97,0
5592,39,97,0
5593,39,97,0
5594,39,99,0
5595,40,97,0
5596,39,97,0
5597,40,99,0
5598,38,99,0
5599,39,99,0
5600,40,97,0
5601,39,99,0
5602,41,97,0
5603,38,99,0
5604,39,99,0
5605,40,97,0
5606,40,97,0
5607,39,99,0
5608,40,99,0
5609,39,97,0
5610,40,97,0
5611,40,97,0
5612,40,99,0
5613,39,99,0
5614,41,99,0
5615,41,99,0
5616,40,97,0
5617,39,99,0
5618,39,101,0
5619,39,100,0
5620,38,98,0
5621,40,99,0
5622,39,99,0
5623,39,100,0
5624,39,97,0
5625,39,99,0
5626,40,101,0
5627,40,96,0
5628,39,98,0
5629,39,98,0
5630,40,96,0
5631,39,98,0
5632,40,100,0
5633,38,100,0
5634,40,97,0
5635,40,99,0
5636,39,97,0
5637,39,101,0
5638,40,98,0
5639,38,98,0
5640,40,98,0
5641,39,98,0
5642,39,98,0
5643,39,98,0
5644,40,96,0
5645,39,98,0
5646,39,98,0
5647,39,98,0
5648,40,98,0
5649,39,98,0
5650,39,98,0
5651,40,98,0
5652,39,100,0
5653,39,98,0
5654,38,100,0
5655,39,97,0
5656,39,101,0
5657,40,98,0
5658,39,98,0
5659,40,100,0
5660,38,101,0
5661,40,99,0
5662,39,99,0
5663,39,99,0
5664,39,97,0
5665,41,97,0
5666,41,99,0
5667,39,99,0
5668,39,99,0
5669,40,99,0
5670,62,103,0
5671,39,97,0
5672,39,100,0
5673,39,98,0
5674,40,99,0
5675,40,99,0
5676,39,97,0
5677,40,100,0
5678,39,101,0
5679,40,100,0
5680,39,99,0
5681,40,98,0
5682,40,98,0
5683,40,98,0
5684,40,99,0
5685,39,97,0
5686,40,97,0
5687,39,100,0
5688,40,97,0
5689,39,97,0
5690,40,101,0
5691,39,96,0
5692,40,98,0
5693,40,98,0
5694,39,96,0
5695,39,97,0
5696,39,99,0
5697,39,99,0
5698,40,97,0
5699,39,99,0
5700,40,98,0
5701,41,100,0
5702,39,101,0
5703,39,98,0
5704,40,100,0
5705,40,97,0
5706,41,99,0
5707,40,97,0
5708,39,97,0
5709,39,98,0
5710,38,98,0
5711,40,96,0
5712,39,100,0
5713,39,97,0
5714,40,99,0
5715,40,95,0
5716,40,96,0
5717,40,100,0
5718,38,99,0
5719,39,97,0
5720,39,97,0
5721,39,101,0
5722,39,100,0
5723,39,98,0
5724,40,100,0
5725,39,99,0
5726,40,99,0
5727,39,97,0
5728,40,99,0
5729,39,98,0
5730,39,100,0
5731,38,98,0
5732,38,96,0
5733,39,97,0
5734,40,97,0
5735,41,97,0
5736,39,99,0
5737,39,99,0
5738,39,99,0
5739,40,99,0
5740,40,98,0
5741,39,100,0
5742,40,101,0
5743,39,97,0
5744,40,98,0
5745,40,98,0
5746,39,98,0
5747,39,98,0
5748,40,100,0
5749,38,97,0
5750,40,99,0
5751,39,99,0
5752,40,99,0
5753,40,99,0
5754,40,97,0
5755,40,97,0
5756,39,99,0
5757,41,99,0
5758,39,101,0
5759,40,100,0
5760,40,101,0
5761,40,99,0
5762,39,98,0
5763,39,98,0
5764,40,96,0
5765,41,98,0
5766,40,100,0
5767,39,100,0
5768,40,99,0
5769,39,101,0
5770,39,98,0
5771,40,98,0
5772,40,98,0
5773,39,100,0
5774,39,99,0
5775,39,97,0
5776,39,97,0
5777,39,101,0
5778,39,96,0
5779,40,98,0
5780,39,100,0
5781,39,99,0
5782,39,99,0
5783,39,99,0
5784,39,101,0
5785,40,100,0
5786,39,99,0
5787,38,97,0
5788,40,97,0
5789,38,101,0
5790,38,98,0
5791,40,100,0
5792,40,100,0
5793,40,97,0
5794,40,97,0
5795,39,99,0
5796,40,97,0
5797,39,97,0
5798,41,97,0
5799,40,98,0
5800,40,100,0
5801,39,97,0
5802,41,99,0
5803,40,99,0
5804,39,97,0
5805,39,99,0
5806,40,99,0
5807,40,97,0
5808,40,97,0
5809,39,99,0
5810,39,101,0
5811,40,98,0
5812,40,100,0
5813,40,97,0
5814,39,99,0
5815,39,99,0
5816,40,97,0
5817,39,99,0
5818,40,97,0
5819,39,99,0
5820,40,101,0
5821,39,98,0
5822,39,98,0
5823,40,98,0
5824,41,102,0
5825,40,97,0
5826,39,97,0
5827,40,99,0
5828,39,99,0
5829,39,99,0
5830,39,99,0
5831,41,97,0
5832,40,99,0
5833,39,101,0
5834,39,99,0
5835,39,97,0
5836,40,101,0
5837,39,98,0
5838,39,98,0
5839,38,98,0
5840,39,98,0
5841,39,96,0
5842,39,98,0
5843,39,98,0
5844,39,98,0
5845,39,100,0
5846,40,101,0
5847,39,97,0
5848,39,97,0
5849,39,97,0
5850,40,97,0
5851,39,101,0
5852,40,98,0
5853,39,100,0
5854,39,97,0
5855,41,99,0
5856,39,99,0
5857,39,99,0
5858,39,99,0
5859,40,97,0
5860,40,97,0
5861,40,97,0
5862,39,99,0
5863,40,99,0
5864,39,99,0
5865,38,99,0
5866,39,97,0
5867,39,101,0
5868,38,100,0
5869,40,97,0
5870,39,97,0
5871,39,101,0
5872,39,100,0
5873,40,98,0
5874,40,98,0
5875,39,100,0
5876,38,97,0
5877,39,101,0
5878,39,98,0
5879,39,96,0
5880,40,98,0
5881,39,98,0
5882,39,98,0
5883,40,100,0
5884,40,99,0
5885,40,97,0
5886,38,99,0
5887,39,99,0
5888,39,97,0
5889,40,101,0
5890,38,97,0
5891,40,97,0
5892,38,99,0
5893,38,99,0
5894,39,100,0
5895,39,100,0
5896,40,95,0
5897,38,97,0
5898,39,99,0
5899,39,99,0
5900,38,97,0
5901,39,99,0
5902,38,101,0
5903,39,96,0
5904,39,98,0
5905,39,98,0
5906,40,98,0
5907,39,100,0
5908,39,99,0
5909,39,99,0
5910,40,99,0
5911,39,99,0
5912,40,99,0
5913,39,97,0
5914,39,99,0
5915,40,97,0
5916,41,99,0
5917,40,99,0
5918,40,97,0
5919,38,99,0
5920,40,99,0
5921,41,97,0
5922,40,101,0
5923,39,98,0
5924,40,100,0
5925,40,98,0
5926,40,97,0
5927,40,97,0
5928,39,97,0
5929,40,99,0
5930,40,97,0
5931,39,97,0
5932,40,99,0
5933,40,99,0
5934,39,97,0
5935,39,99,0
5936,39,99,0
5937,38,97,0
5938,39,97,0
5939,40,98,0
5940,40,100,0
5941,39,99,0
5942,39,99,0
5943,38,97,0
5944,39,97,0
5945,39,99,0
5946,40,97,0
5947,39,97,0
5948,40,97,0
5949,39,97,0
5950,41,97,0
5951,39,101,0
5952,40,98,0
5953,40,98,0
5954,39,98,0
5955,38,100,0
5956,39,101,0
5957,40,98,0
5958,39,98,0
5959,39,98,0
5960,38,100,0
5961,39,98,0
5962,40,98,0
5963,38,98,0
5964,39,98,0
5965,39,97,0
5966,40,101,0
5967,39,97,0
5968,40,101,0
5969,39,98,0
5970,39,98,0
5971,39,100,0
5972,39,97,0
5973,40,101,0
5974,40,98,0
5975,40,98,0
5976,39,97,0
5977,39,97,0
5978,39,100,0
5979,39,96,0
5980,43,97,0
5981,38,97,0
5982,40,99,0
5983,40,98,0
5984,39,98,0
5985,40,101,0
5986,38,98,0
5987,39,98,0
5988,39,99,0
5989,40,97,0
5990,39,98,0
5991,41,100,0
5992,40,98,0
5993,39,100,0
5994,39,97,0
5995,39,101,0
5996,40,100,0
5997,39,99,0
5998,39,101,0
5999,40,98,0
6000,39,98,0
6001,41,97,0
6002,39,99,0
6003,40,98,0
6004,40,100,0
6005,39,99,0
6006,40,101,0
6007,39,97,0
6008,40,97,0
6009,39,96,0
6010,39,98,0
6011,40,99,0
6012,40,97,0
6013,38,99,0
6014,39,97,0
6015,40,99,0
6016,41,99,0
6017,39,98,0
6018,40,98,0
6019,40,98,0
6020,39,100,0
6021,40,97,0
6022,38,99,0
6023,40,101,0
6024,40,100,0
6025,40,100,0
6026,39,101,0
6027,39,98,0
6028,40,100,0
6029,39,97,0
6030,40,101,0
6031,40,100,0
6032,40,101,0
6033,39,99,0
6034,41,99,0
6035,38,99,0
6036,40,97,0
6037,39,99,0
6038,39,98,0
6039,39,98,0
6040,40,100,0
6041,39,100,0
6042,41,99,0
6043,41,97,0
6044,40,97,0
6045,40,95,0
6046,39,99,0
6047,41,100,0
6048,40,100,0
6049,40,101,0
6050,39,98,0
6051,39,97,0
6052,39,99,0
6053,40,97,0
6054,40,99,0
6055,39,99,0
6056,38,101,0
6057,40,98,0
6058,38,98,0
6059,38,98,0
6060,39,98,0
6061,39,98,0
6062,40,100,0
6063,40,97,0
6064,40,97,0
6065,40,99,0
6066,39,99,0
6067,39,97,0
6068,40,101,0
6069,39,99,0
6070,41,99,0
6071,40,97,0
6072,39,99,0
6073,40,97,0
6074,38,99,0
6075,41,97,0
6076,40,98,0
6077,40,98,0
6078,39,100,0
6079,40,100,0
6080,40,97,0
6081,41,97,0
6082,39,101,0
6083,40,96,0
6084,40,98,0
6085,39,100,0
6086,39,101,0
6087,39,98,0
6088,38,98,0
6089,40,98,0
6090,40,96,0
6091,40,98,0
6092,39,98,0
6093,39,98,0
6094,38,98,0
6095,39,96,0
6096,38,100,0
6097,39,97,0
6098,39,99,0
6099,40,99,0
6100,39,99,0
6101,39,101,0
6102,39,98,0
6103,39,96,0
6104,39,100,0
6105,39,97,0
6106,38,99,0
6107,39,99,0
6108,40,97,0
6109,41,99,0
6110,40,97,0
6111,40,97,0
6112,40,101,0
6113,39,98,0
6114,38,96,0
6115,39,98,0
6116,39,96,0
6117,40,98,0
6118,40,100,0
6119,39,99,0
6120,40,99,0
6121,39,99,0
6122,40,97,0
6123,38,97,0
6124,40,99,0
6125,40,99,0
6126,38,97,0
6127,40,97,0
6128,39,99,0
6129,38,99,0
6130,38,99,0
6131,40,101,0
6132,40,98,0
6133,39,98,0
6134,39,100,0
6135,39,97,0
6136,39,99,0
6137,40,99,0
6138,40,97,0
6139,40,101,0
6140,39,98,0
6141,39,100,0
6142,40,97,0
6143,39,99,0
6144,39,99,0
6145,39,97,0
6146,39,97,0
6147,39,97,0
6148,39,99,0
6149,40,97,0
6150,39,99,0
6151,39,97,0
6152,39,107,0
6153,40,96,0
6154,38,100,0
6155,39,101,0
6156,40,100,0
6157,41,99,0
6158,41,99,0
6159,40,101,0
6160,40,98,0
6161,39,98,0
6162,39,100,0
6163,40,97,0
6164,40,97,0
6165,40,97,0
6166,39,99,0
6167,39,99,0
6168,39,99,0
6169,39,97,0
6170,39,97,0
6171,39,99,0
6172,39,99,0
6173,40,101,0
6174,38,96,0
6175,40,100,0
6176,39,99,0
6177,40,99,0
6178,39,99,0
6179,40,99,0
6180,39,101,0
6181,40,100,0
6182,38,99,0
6183,39,99,0
6184,39,99,0
6185,40,99,0
6186,39,99,0
6187,39,99,0
6188,40,97,0
6189,40,99,0
6190,40,97,0
6191,39,98,0
6192,38,98,0
6193,40,100,0
6194,41,98,0
6195,40,97,0
6196,39,99,0
6197,39,97,0
6198,40,97,0
6199,39,99,0
6200,40,97,0
6201,39,101,0
6202,40,96,0
6203,39,100,0
6204,39,99,0
6205,40,97,0
6206,39,101,0
6207,39,100,0
6208,41,96,0
6209,40,98,0
6210,40,96,0
6211,40,100,0
6212,39,99,0
6213,39,101,0
6214,40,98,0
6215,39,96,0
6216,40,100,0
6217,40,97,0
6218,39,101,0
6219,39,96,0
6220,40,98,0
6221,39,99,0
6222,38,99,0
6223,40,97,0
6224,40,97,0
6225,41,99,0
6226,40,97,0
6227,39,99,0
6228,40,101,0
6229,39,100,0
6230,40,97,0
6231,39,99,0
6232,39,97,0
6233,40,99,0
6234,40,99,0
6235,40,97,0
6236,40,97,0
6237,40,99,0
6238,41,99,0
6239,41,97,0
6240,40,99,0
6241,39,97,0
6242,40,97,0
6243,39,97,0
6244,40,95,0
6245,38,98,0
6246,38,98,0
6247,38,96,0
6248,38,98,0
6249,40,96,0
6250,39,98,0
6251,39,98,0
6252,40,96,0
6253,39,98,0
6254,40,98,0
6255,39,96,0
6256,39,100,0
6257,40,99,0
6258,39,97,0
6259,40,97,0
6260,39,101,0
6261,40,98,0
6262,40,98,0
6263,38,98,0
6264,39,98,0
6265,40,98,0
6266,40,98,0
6267,40,96,0
6268,39,96,0
6269,39,100,0
6270,38,101,0
6271,39,101,0
6272,40,100,0
6273,39,99,0
6274,40,99,0
6275,39,97,0
6276,40,99,0
6277,40,97,0
6278,40,99,0
6279,39,97,0
6280,39,95,0
6281,40,97,0
6282,41,97,0
6283,38,97,0
6284,41,99,0
6285,41,95,0
6286,40,97,0
6287,39,98,0
6288,38,100,0
6289,39,100,0
6290,62,101,0
6291,40,100,0
6292,40,97,0
6293,38,98,0
6294,40,98,0
6295,41,99,0
6296,41,99,0
6297,40,100,0
6298,38,99,0
6299,39,97,0
6300,40,98,0
6301,40,98,0
6302,40,97,0
6303,40,97,0
6304,39,99,0
6305,40,98,0
6306,40,100,0
6307,39,100,0
6308,39,99,0
6309,39,97,0
6310,39,99,0
6311,39,99,0
6312,40,97,0
6313,39,99,0
6314,39,98,0
6315,39,98,0
6316,40,100,0
6317,39,98,0
6318,39,100,0
6319,39,101,0
6320,39,96,0
6321,40,100,0
6322,40,97,0
6323,40,97,0
6324,40,97,0
6325,39,99,0
6326,39,97,0
6327,40,97,0
6328,41,97,0
6329,41,100,0
6330,38,98,0
6331,40,98,0
6332,39,98,0
6333,39,98,0
6334,39,99,0
6335,40,97,0
6336,39,99,0
6337,39,99,0
6338,40,99,0
6339,40,97,0
6340,39,99,0
6341,41,101,0
6342,39,100,0
6343,40,99,0
6344,39,99,0
6345,39,98,0
6346,38,98,0
6347,39,98,0
6348,39,98,0
6349,39,98,0
6350,40,98,0
6351,40,98,0
6352,40,100,0
6353,40,99,0
6354,41,99,0
6355,40,97,0
6356,40,99,0
6357,40,101,0
6358,40,95,0
6359,39,99,0
6360,39,99,0
6361,41,97,0
6362,40,100,0
6363,39,98,0
6364,40,100,0
6365,39,99,0
6366,40,97,0
6367,39,99,0
6368,40,99,0
6369,39,101,0
6370,39,98,0
6371,40,100,0
6372,39,100,0
6373,39,97,0
6374,41,99,0
6375,39,99,0
6376,40,97,0
6377,40,95,0
6378,39,95,0
6379,39,97,0
6380,39,97,0
6381,40,97,0
6382,39,97,0
6383,41,97,0
6384,39,97,0
6385,40,97,0
6386,40,99,0
6387,39,99,0
6388,39,99,0
6389,39,97,0
6390,40,97,0
6391,41,97,0
6392,40,101,0
6393,38,100,0
6394,40,99,0
6395,39,99,0
6396,38,99,0
6397,40,99,0
6398,39,97,0
6399,40,97,0
6400,40,97,0
6401,39,99,0
6402,40,97,0
6403,40,97,0
6404,40,97,0
6405,39,97,0
6406,40,97,0
6407,41,99,0
6408,40,99,0
6409,39,101,0
6410,38,98,0
6411,39,98,0
6412,40,98,0
6413,39,98,0
6414,40,98,0
6415,39,98,0
6416,39,98,0
6417,39,98,0
6418,39,98,0
6419,39,98,0
6420,39,100,0
6421,40,98,0
6422,41,96,0
6423,40,96,0
6424,39,96,0
6425,39,96,0
6426,39,98,0
6427,38,98,0
6428,38,98,0
6429,39,98,0
6430,39,100,0
6431,38,101,0
6432,40,98,0
6433,38,98,0
6434,39,100,0
6435,40,97,0
6436,39,99,0
6437,40,97,0
6438,39,97,0
6439,39,99,0
6440,39,97,0
6441,39,99,0
6442,39,99,0
6443,39,99,0
6444,39,101,0
6445,40,100,0
6446,40,96,0
6447,39,96,0
6448,40,100,0
6449,38,99,0
6450,39,97,0
6451,39,97,0
6452,39,101,0
6453,40,98,0
6454,39,96,0
6455,38,97,0
6456,39,97,0
6457,40,97,0
6458,39,101,0
6459,40,98,0
6460,39,98,0
6461,39,98,0
6462,40,98,0
6463,39,100,0
6464,38,99,0
6465,39,99,0
6466,40,99,0
6467,40,97,0
6468,39,97,0
6469,39,99,0
6470,40,101,0
6471,39,97,0
6472,39,99,0
6473,39,97,0
6474,40,97,0
6475,40,97,0
6476,40,97,0
6477,39,100,0
6478,39,98,0
6479,40,98,0
6480,39,94,0
6481,38,98,0
6482,39,98,0
6483,37,100,0
6484,39,97,0
6485,39,101,0
6486,39,98,0
6487,39,98,0
6488,39,98,0
6489,40,98,0
6490,39,96,0
6491,40,96,0
6492,40,100,0
6493,39,99,0
6494,39,99,0
6495,41,99,0
6496,40,97,0
6497,39,99,0
6498,40,97,0
6499,39,101,0
6500,40,98,0
6501,40,98,0
6502,39,96,0
6503,40,96,0
6504,41,98,0
6505,39,98,0
6506,39,100,0
6507,40,97,0
6508,39,99,0
6509,40,99,0
6510,40,99,0
6511,38,101,0
6512,40,100,0
6513,40,98,0
6514,39,100,0
6515,40,97,0
6516,39,99,0
6517,39,99,0
6518,39,102,0
6519,39,100,0
6520,40,99,0
6521,39,99,0
6522,39,97,0
6523,40,95,0
6524,39,99,0
6525,38,101,0
6526,40,98,0
6527,39,100,0
6528,40,97,0
6529,41,99,0
6530,40,101,0
6531,40,100,0
6532,39,97,0
6533,40,99,0
6534,39,101,0
6535,39,98,0
6536,38,98,0
6537,40,98,0
6538,39,98,0
6539,39,98,0
6540,39,98,0
6541,39,98,0
6542,39,100,0
6543,39,97,0
6544,39,101,0
6545,40,99,0
6546,41,97,0
6547,40,98,0
6548,39,100,0
6549,39,98,0
6550,39,98,0
6551,39,98,0
6552,40,98,0
6553,40,98,0
6554,40,100,0
6555,39,101,0
6556,39,98,0
6557,40,96,0
6558,39,102,0
6559,40,97,0
6560,39,99,0
6561,39,99,0
6562,39,97,0
6563,39,101,0
6564,39,98,0
6565,39,98,0
6566,40,98,0
6567,40,98,0
6568,40,100,0
6569,39,97,0
6570,40,97,0
6571,40,99,0
6572,39,101,0
6573,39,98,0
6574,39,96,0
6575,39,98,0
6576,39,98,0
6577,40,98,0
6578,39,98,0
6579,38,100,0
6580,39,98,0
6581,39,98,0
6582,40,98,0
6583,39,98,0
6584,40,100,0
6585,39,99,0
6586,39,99,0
6587,40,101,0
6588,39,98,0
6589,38,98,0
6590,40,98,0
6591,39,98,0
6592,39,98,0
6593,39,98,0
6594,39,100,0
6595,39,99,0
6596,41,99,0
6597,40,101,0
6598,40,96,0
6599,39,98,0
6600,43,96,0
6601,39,99,0
6602,40,98,0
6603,40,100,0
6604,40,95,0
6605,39,98,0
6606,39,98,0
6607,39,99,0
6608,39,99,0
6609,40,100,0
6610,40,100,0
6611,39,95,0
6612,40,96,0
6613,39,98,0
6614,39,97,0
6615,39,101,0
6616,38,98,0
6617,39,98,0
6618,40,100,0
6619,39,99,0
6620,39,99,0
6621,39,99,0
6622,39,98,0
6623,39,98,0
6624,41,98,0
6625,39,98,0
6626,39,98,0
6627,39,98,0
6628,40,99,0
6629,40,97,0
6630,40,97,0
6631,40,99,0
6632,39,101,0
6633,38,98,0
6634,40,98,0
6635,40,96,0
6636,40,99,0
6637,39,97,0
6638,38,97,0
6639,39,97,0
6640,39,101,0
6641,38,98,0
6642,39,100,0
6643,39,99,0
6644,39,97,0
6645,40,101,0
6646,40,100,0
6647,40,97,0
6648,39,97,0
6649,39,97,0
6650,38,101,0
6651,38,100,0
6652,39,99,0
6653,40,101,0
6654,39,98,0
6655,39,100,0
6656,39,99,0
6657,40,97,0
6658,39,98,0
6659,38,98,0
6660,40,100,0
6661,39,99,0
6662,40,97,0
6663,40,101,0
6664,39,96,0
6665,39,96,0
6666,39,101,0
6667,40,97,0
6668,41,100,0
6669,39,98,0
6670,40,98,0
6671,40,99,0
6672,39,97,0
6673,39,98,0
6674,38,98,0
6675,39,96,0
6676,38,100,0
6677,39,99,0
6678,40,97,0
6679,39,96,0
6680,39,96,0
6681,39,98,0
6682,39,100,0
6683,40,99,0
6684,39,99,0
6685,39,99,0
6686,40,97,0
6687,40,97,0
6688,40,95,0
6689,41,98,0
6690,39,100,0
6691,39,97,0
6692,39,99,0
6693,40,101,0
6694,40,100,0
6695,40,100,0
6696,39,99,0
6697,40,100,0
6698,39,96,0
6699,40,98,0
6700,40,99,0
6701,39,99,0
6702,40,99,0
6703,40,95,0
6704,40,97,0
6705,39,99,0
6706,40,97,0
6707,39,100,0
6708,39,100,0
6709,40,97,0
6710,40,95,0
6711,39,99,0
6712,40,100,0
6713,39,100,0
6714,39,99,0
6715,38,99,0
6716,38,100,0
6717,40,102,0
6718,41,99,0
6719,40,97,0
6720,39,100,0
6721,40,98,0
6722,39,98,0
6723,39,101,0
6724,41,99,0
6725,40,98,0
6726,39,98,0
6727,39,98,0
6728,40,98,0
6729,39,100,0
6730,40,101,0
6731,39,98,0
6732,38,100,0
6733,39,99,0
6734,39,99,0
6735,38,99,0
6736,39,101,0
6737,40,98,0
6738,40,96,0
6739,39,100,0
6740,40,99,0
6741,41,99,0
6742,39,99,0
6743,39,99,0
6744,39,97,0
6745,40,97,0
6746,40,99,0
6747,38,98,0
6748,39,98,0
6749,38,98,0
6750,38,98,0
6751,39,98,0
6752,40,98,0
6753,39,100,0
6754,40,97,0
6755,38,101,0
6756,40,100,0
6757,40,99,0
6758,40,101,0
6759,40,99,0
6760,39,100,0
6761,41,98,0
6762,40,98,0
6763,40,100,0
6764,38,99,0
6765,39,99,0
6766,40,99,0
6767,39,98,0
6768,40,98,0
6769,40,96,0
6770,38,100,0
6771,40,97,0
6772,39,99,0
6773,40,97,0
6774,39,95,0
6775,40,97,0
6776,40,99,0
6777,39,99,0
6778,39,97,0
6779,40,98,0
6780,39,98,0
6781,39,98,0
6782,40,100,0
6783,40,99,0
6784,40,99,0
6785,40,97,0
6786,40,101,0
6787,39,96,0
6788,38,96,0
6789,39,98,0
6790,39,98,0
6791,39,96,0
6792,39,100,0
6793,40,97,0
6794,38,97,0
6795,40,97,0
6796,41,95,0
6797,39,97,0
6798,38,100,0
6799,40,100,0
6800,39,97,0
6801,40,99,0
6802,39,99,0
6803,39,99,0
6804,39,97,0
6805,39,98,0
6806,39,98,0
6807,39,96,0
6808,38,100,0
6809,40,99,0
6810,40,101,0
6811,41,97,0
6812,38,98,0
6813,39,98,0
6814,39,98,0
6815,40,96,0
6816,40,98,0
6817,39,98,0
6818,39,100,0
6819,40,99,0
6820,39,99,0
6821,40,99,0
6822,39,98,0
6823,39,98,0
6824,38,98,0
6825,38,98,0
6826,38,98,0
6827,40,98,0
6828,39,98,0
6829,40,94,0
6830,40,98,0
6831,40,98,0
6832,40,99,0
6833,40,97,0
6834,39,99,0
6835,40,99,0
6836,40,101,0
6837,38,98,0
6838,39,98,0
6839,39,100,0
6840,39,99,0
6841,40,99,0
6842,39,101,0
6843,40,100,0
6844,39,99,0
6845,39,99,0
6846,39,99,0
6847,40,101,0
6848,39,96,0
6849,39,98,0
6850,39,98,0
6851,39,100,0
6852,39,101,0
6853,38,98,0
6854,39,98,0
6855,39,98,0
6856,38,98,0
6857,39,96,0
6858,40,98,0
6859,40,98,0
6860,40,99,0
6861,40,97,0
6862,40,97,0
6863,39,99,0
6864,39,101,0
6865,40,100,0
6866,40,99,0
6867,38,101,0
6868,40,98,0
6869,39,96,0
6870,40,98,0
6871,40,96,0
6872,39,100,0
6873,38,99,0
6874,40,97,0
6875,41,99,0
6876,40,97,0
6877,40,98,0
6878,39,98,0
6879,39,98,0
6880,40,96,0
6881,40,97,0
6882,40,99,0
6883,41,99,0
6884,40,97,0
6885,39,99,0
6886,40,97,0
6887,39,97,0
6888,38,99,0
6889,39,100,0
6890,40,98,0
6891,39,98,0
6892,39,101,0
6893,39,101,0
6894,39,98,0
6895,39,98,0
6896,39,98,0
6897,39,99,0
6898,40,97,0
6899,40,101,0
6900,39,100,0
6901,40,100,0
6902,40,95,0
6903,40,97,0
6904,40,99,0
6905,39,100,0
6906,40,98,0
6907,40,99,0
6908,39,97,0
6909,62,99,0
6910,39,95,0
6911,39,99,0
6912,39,97,0
6913,39,96,0
6914,39,100,0
6915,39,97,0
6916,39,98,0
6917,39,98,0
6918,38,98,0
6919,41,99,0
6920,40,99,0
6921,39,97,0
6922,38,98,0
6923,40,96,0
6924,39,98,0
6925,39,98,0
6926,38,98,0
6927,40,98,0
6928,39,100,0
6929,39,97,0
6930,39,100,0
6931,39,100,0
6932,38,99,0
6933,40,99,0
6934,40,99,0
6935,39,98,0
6936,40,98,0
6937,40,98,0
6938,40,98,0
6939,38,98,0
6940,39,97,0
6941,39,97,0
6942,39,101,0
6943,39,98,0
6944,39,100,0
6945,39,97,0
6946,39,97,0
6947,40,97,0
6948,39,97,0
6949,40,99,0
6950,39,97,0
6951,40,97,0
6952,40,97,0
6953,40,95,0
6954,39,101,0
6955,39,98,0
6956,40,98,0
6957,39,100,0
6958,39,97,0
6959,39,99,0
6960,39,97,0
6961,38,101,0
6962,39,98,0
6963,39,98,0
6964,39,98,0
6965,39,99,0
6966,39,101,0
6967,38,100,0
6968,39,97,0
6969,39,97,0
6970,40,97,0
6971,40,97,0
6972,40,99,0
6973,39,99,0
6974,39,101,0
6975,38,98,0
6976,38,100,0
6977,38,99,0
6978,39,97,0
6979,40,100,0
6980,39,99,0
6981,38,99,0
6982,39,99,0
6983,39,98,0
6984,40,98,0
6985,39,98,0
6986,39,98,0
6987,40,97,0
6988,39,97,0
6989,39,97,0
6990,38,99,0
6991,39,97,0
6992,40,97,0
6993,39,99,0
6994,38,99,0
6995,38,97,0
6996,39,97,0
6997,38,101,0
6998,40,98,0
6999,40,100,0
7000,39,97,0
7001,40,99,0
7002,39,99,0
7003,39,97,0
7004,39,97,0
7005,40,97,0
7006,39,97,0
7007,39,97,0
7008,39,97,0
7009,39,98,0
7010,38,98,0
7011,40,100,0
7012,39,100,0
7013,40,101,0
7014,40,98,0
7015,39,100,0
7016,39,99,0
7017,40,99,0
7018,39,99,0
7019,40,97,0
7020,38,99,0
7021,40,97,0
7022,40,97,0
7023,39,100,0
7024,39,96,0
7025,39,98,0
7026,38,98,0
7027,39,100,0
7028,40,101,0
7029,39,98,0
7030,40,96,0
7031,40,96,0
7032,39,96,0
7033,39,96,0
7034,39,98,0
7035,39,98,0
7036,39,98,0
7037,39,96,0
7038,39,98,0
7039,39,98,0
7040,40,98,0
7041,39,96,0
7042,39,98,0
7043,40,98,0
7044,40,98,0
7045,38,100,0
7046,39,99,0
7047,38,99,0
7048,40,97,0
7049,41,99,0
7050,38,99,0
7051,39,99,0
7052,39,99,0
7053,39,99,0
7054,39,97,0
7055,39,99,0
7056,40,97,0
7057,40,97,0
7058,38,101,0
7059,40,96,0
7060,39,100,0
7061,39,97,0
7062,40,97,0
7063,39,97,0
7064,41,97,0
7065,40,97,0
7066,39,100,0
7067,39,101,0
7068,40,100,0
7069,40,98,0
7070,38,99,0
7071,39,97,0
7072,40,97,0
7073,40,97,0
7074,40,97,0
7075,39,96,0
7076,38,98,0
7077,39,96,0
7078,40,96,0
7079,39,98,0
7080,39,96,0
7081,40,98,0
7082,39,98,0
7083,39,98,0
7084,38,98,0
7085,39,98,0
7086,40,96,0
7087,39,98,0
7088,38,98,0
7089,39,98,0
7090,40,98,0
7091,39,98,0
7092,38,98,0
7093,40,100,0
7094,39,98,0
7095,39,97,0
7096,39,97,0
7097,40,97,0
7098,38,99,0
7099,40,97,0
7100,40,98,0
7101,39,96,0
7102,40,98,0
7103,39,94,0
7104,40,96,0
7105,39,98,0
7106,40,100,0
7107,39,97,0
7108,39,97,0
7109,39,99,0
7110,40,99,0
7111,38,101,0
7112,40,99,0
7113,40,97,0
7114,38,97,0
7115,39,101,0
7116,39,98,0
7117,40,96,0
7118,39,98,0
7119,40,98,0
7120,39,98,0
7121,39,98,0
7122,40,98,0
7123,38,96,0
7124,40,98,0
7125,39,98,0
7126,39,100,0
7127,39,96,0
7128,38,98,0
7129,39,98,0
7130,38,98,0
7131,39,98,0
7132,40,98,0
7133,40,100,0
7134,39,99,0
7135,39,97,0
7136,40,99,0
7137,38,97,0
7138,39,101,0
7139,39,98,0
7140,39,99,0
7141,39,99,0
7142,38,99,0
7143,39,97,0
7144,40,97,0
7145,39,99,0
7146,40,97,0
7147,39,97,0
7148,39,99,0
7149,40,99,0
7150,39,97,0
7151,40,96,0
7152,39,98,0
7153,39,98,0
7154,39,98,0
7155,38,98,0
7156,39,98,0
7157,38,98,0
7158,38,98,0
7159,39,98,0
7160,39,96,0
7161,40,98,0
7162,39,98,0
7163,40,98,0
7164,39,96,0
7165,39,100,0
7166,39,98,0
7167,39,98,0
7168,40,98,0
7169,38,100,0
7170,38,99,0
7171,39,97,0
7172,39,99,0
7173,39,99,0
7174,39,99,0
7175,38,95,0
7176,39,99,0
7177,39,97,0
7178,39,97,0
7179,39,99,0
7180,38,99,0
7181,40,99,0
7182,40,99,0
7183,40,97,0
7184,40,97,0
7185,38,101,0
7186,39,98,0
7187,40,98,0
7188,39,98,0
7189,39,98,0
7190,39,98,0
7191,40,95,0
7192,39,99,0
7193,39,99,0
7194,39,99,0
7195,40,97,0
7196,40,97,0
7197,39,95,0
7198,39,101,0
7199,39,96,0
7200,39,98,0
7201,40,98,0
7202,38,98,0
7203,39,97,0
7204,38,99,0
7205,39,99,0
7206,40,99,0
7207,38,99,0
7208,40,97,0
7209,40,99,0
7210,40,97,0
7211,40,97,0
7212,39,99,0
7213,40,97,0
7214,40,97,0
7215,39,99,0
7216,38,101,0
7217,40,98,0
7218,39,100,0
7219,38,98,0
7220,39,98,0
7221,47,107,0
7222,40,99,0
7223,40,98,0
7224,40,101,0
7225,39,100,0
7226,39,98,0
7227,40,98,0
7228,39,97,0
7229,39,97,0
7230,39,98,0
7231,40,98,0
7232,40,101,0
7233,40,96,0
7234,40,98,0
7235,39,97,0
7236,39,97,0
7237,39,96,0
7238,39,98,0
7239,39,99,0
7240,39,99,0
7241,38,99,0
7242,40,96,0
7243,40,98,0
7244,40,98,0
7245,39,99,0
7246,41,99,0
7247,41,97,0
7248,39,98,0
7249,38,100,0
7250,40,97,0
7251,40,98,0
7252,40,100,0
7253,39,97,0
7254,39,101,0
7255,39,96,0
7256,40,100,0
7257,40,99,0
7258,39,98,0
7259,40,98,0
7260,38,98,0
7261,40,101,0
7262,39,99,0
7263,39,98,0
7264,39,98,0
7265,40,98,0
7266,39,100,0
7267,40,97,0
7268,39,99,0
7269,39,97,0
7270,38,98,0
7271,40,96,0
7272,40,96,0
7273,39,96,0
7274,39,98,0
7275,39,100,0
7276,40,97,0
7277,39,99,0
7278,40,99,0
7279,39,97,0
7280,39,97,0
7281,40,97,0
7282,39,98,0
7283,39,100,0
7284,40,100,0
7285,40,99,0
7286,38,97,0
7287,39,95,0
7288,39,97,0
7289,40,99,0
7290,39,100,0
7291,40,100,0
7292,39,99,0
7293,39,97,0
7294,39,97,0
7295,39,95,0
7296,39,97,0
7297,39,97,0
7298,39,98,0
7299,39,98,0
7300,40,100,0
7301,39,98,0
7302,39,98,0
7303,41,97,0
7304,40,97,0
7305,39,99,0
7306,40,99,0
7307,39,99,0
7308,39,99,0
7309,40,101,0
7310,40,98,0
7311,39,98,0
7312,39,100,0
7313,40,98,0
7314,39,98,0
7315,39,96,0
7316,39,98,0
7317,38,100,0
7318,39,97,0
7319,39,97,0
7320,39,99,0
7321,40,97,0
7322,41,99,0
7323,39,101,0
7324,39,98,0
7325,39,98,0
7326,40,100,0
7327,39,99,0
7328,39,97,0
7329,39,99,0
7330,39,99,0
7331,41,97,0
7332,40,99,0
7333,39,99,0
7334,41,99,0
7335,39,101,0
7336,39,100,0
7337,40,97,0
7338,39,99,0
7339,40,97,0
7340,40,99,0
7341,39,97,0
7342,40,101,0
7343,38,98,0
7344,40,100,0
7345,39,98,0
7346,39,99,0
7347,40,101,0
7348,40,97,0
7349,39,98,0
7350,40,98,0
7351,40,98,0
7352,39,100,0
7353,39,96,0
7354,40,98,0
7355,39,100,0
7356,39,99,0
7357,39,99,0
7358,39,97,0
7359,39,101,0
7360,38,98,0
7361,40,98,0
7362,39,98,0
7363,39,98,0
7364,41,98,0
7365,39,99,0
7366,40,97,0
7367,40,97,0
7368,39,99,0
7369,39,97,0
7370,40,99,0
7371,39,97,0
7372,39,97,0
7373,38,99,0
7374,39,99,0
7375,39,99,0
7376,38,99,0
7377,39,97,0
7378,40,99,0
7379,39,97,0
7380,39,99,0
7381,39,99,0
7382,38,99,0
7383,39,99,0
7384,40,99,0
7385,39,100,0
7386,39,100,0
7387,39,99,0
7388,40,97,0
7389,40,97,0
7390,39,97,0
7391,39,101,0
7392,39,100,0
7393,40,99,0
7394,40,99,0
7395,39,101,0
7396,39,102,0
7397,40,98,0
7398,38,98,0
7399,39,100,0
7400,40,97,0
7401,39,95,0
7402,39,99,0
7403,39,97,0
7404,40,97,0
7405,40,99,0
7406,39,101,0
7407,40,98,0
7408,40,96,0
7409,40,98,0
7410,40,98,0
7411,39,100,0
7412,39,97,0
7413,39,99,0
7414,39,97,0
7415,40,99,0
7416,39,101,0
7417,39,98,0
7418,40,96,0
7419,39,98,0
7420,40,98,0
7421,39,96,0
7422,40,98,0
7423,39,98,0
7424,39,98,0
7425,39,98,0
7426,40,96,0
7427,40,98,0
7428,39,98,0
7429,39,96,0
7430,39,100,0
7431,41,100,0
7432,39,97,0
7433,40,97,0
7434,40,99,0
7435,41,97,0
7436,40,97,0
7437,39,99,0
7438,39,99,0
7439,40,101,0
7440,39,100,0
7441,39,97,0
7442,39,99,0
7443,40,99,0
7444,40,99,0
7445,39,99,0
7446,39,99,0
7447,41,99,0
7448,39,99,0
7449,38,99,0
7450,40,97,0
7451,40,97,0
7452,40,99,0
7453,40,99,0
7454,39,97,0
7455,38,97,0
7456,40,97,0
7457,39,101,0
7458,39,97,0
7459,38,99,0
7460,39,101,0
7461,39,96,0
7462,38,98,0
7463,39,98,0
7464,40,98,0
7465,39,98,0
7466,40,100,0
7467,40,98,0
7468,39,97,0
7469,38,97,0
7470,38,99,0
7471,40,99,0
7472,39,97,0
7473,39,97,0
7474,40,101,0
7475,40,97,0
7476,38,101,0
7477,39,96,0
7478,39,98,0
7479,39,100,0
7480,40,99,0
7481,39,97,0
7482,40,97,0
7483,41,99,0
7484,39,97,0
7485,39,101,0
7486,39,98,0
7487,39,100,0
7488,40,100,0
7489,39,97,0
7490,39,99,0
7491,40,99,0
7492,39,101,0
7493,40,98,0
7494,39,98,0
7495,39,98,0
7496,39,98,0
7497,39,98,0
7498,39,97,0
7499,40,97,0
7500,41,95,0
7501,41,97,0
7502,38,101,0
7503,39,100,0
7504,40,97,0
7505,39,99,0
7506,40,101,0
7507,40,101,0
7508,40,100,0
7509,38,99,0
7510,39,97,0
7511,40,97,0
7512,39,101,0
7513,41,97,0
7514,41,97,0
7515,40,97,0
7516,38,100,0
7517,39,96,0
7518,39,98,0
7519,41,98,0
7520,38,98,0
7521,39,96,0
7522,39,96,0
7523,40,100,0
7524,40,99,0
7525,39,99,0
7526,40,99,0
7527,39,97,0
7528,39,97,0
7529,40,97,0
7530,40,99,0
7531,40,101,0
7532,65,107,0
7533,39,99,0
7534,39,98,0
7535,38,98,0
7536,40,99,0
7537,40,97,0
7538,39,100,0
7539,40,99,0
7540,40,99,0
7541,39,100,0
7542,39,99,0
7543,39,97,0
7544,39,98,0
7545,40,98,0
7546,39,98,0
7547,41,101,0
7548,40,98,0
7549,40,98,0
7550,39,96,0
7551,39,96,0
7552,40,98,0
7553,39,99,0
7554,39,97,0
7555,39,99,0
7556,39,99,0
7557,39,100,0
7558,38,98,0
7559,40,99,0
7560,40,97,0
7561,40,97,0
7562,39,99,0
7563,39,100,0
7564,39,96,0
7565,39,100,0
7566,40,100,0
7567,39,100,0
7568,40,97,0
7569,39,98,0
7570,38,98,0
7571,39,97,0
7572,40,99,0
7573,39,99,0
7574,39,99,0
7575,39,97,0
7576,39,97,0
7577,40,97,0
7578,39,97,0
7579,40,99,0
7580,39,98,0
7581,40,98,0
7582,38,98,0
7583,39,96,0
7584,40,98,0
7585,39,98,0
7586,38,98,0
7587,38,98,0
7588,39,97,0
7589,39,97,0
7590,39,97,0
7591,38,100,0
7592,38,99,0
7593,40,97,0
7594,39,101,0
7595,39,98,0
7596,39,98,0
7597,39,98,0
7598,39,96,0
7599,39,100,0
7600,39,98,0
7601,40,96,0
7602,40,98,0
7603,39,98,0
7604,40,100,0
7605,39,99,0
7606,39,99,0
7607,40,101,0
7608,39,101,0
7609,40,96,0
7610,40,98,0
7611,40,100,0
7612,39,99,0
7613,40,101,0
7614,39,99,0
7615,39,97,0
7616,39,97,0
7617,40,99,0
7618,39,97,0
7619,39,101,0
7620,39,98,0
7621,40,98,0
7622,40,96,0
7623,39,100,0
7624,39,97,0
7625,40,96,0
7626,40,98,0
7627,38,98,0
7628,39,98,0
7629,39,98,0
7630,40,98,0
7631,40,100,0
7632,39,99,0
7633,39,95,0
7634,40,99,0
7635,38,95,0
7636,39,101,0
7637,39,96,0
7638,38,98,0
7639,39,97,0
7640,40,97,0
7641,40,99,0
7642,39,99,0
7643,38,99,0
7644,40,97,0
7645,40,95,0
7646,40,99,0
7647,41,99,0
7648,39,95,0
7649,40,95,0
7650,39,97,0
7651,39,97,0
7652,39,99,0
7653,40,97,0
7654,40,97,0
7655,39,97,0
7656,40,101,0
7657,40,98,0
7658,40,98,0
7659,39,96,0
7660,39,96,0
7661,39,98,0
7662,40,96,0
7663,39,98,0
7664,40,96,0
7665,40,98,0
7666,39,98,0
7667,39,96,0
7668,38,98,0
7669,41,100,0
7670,39,98,0
7671,39,98,0
7672,38,98,0
7673,40,98,0
7674,39,96,0
7675,39,98,0
7676,40,98,0
7677,38,98,0
7678,39,98,0
7679,40,96,0
7680,39,98,0
7681,40,98,0
7682,39,98,0
7683,40,100,0
7684,39,99,0
7685,39,99,0
7686,39,97,0
7687,39,99,0
7688,41,99,0
7689,39,99,0
7690,39,99,0
7691,40,99,0
7692,39,99,0
7693,40,97,0
7694,39,97,0
7695,40,99,0
7696,40,97,0
7697,41,99,0
7698,39,97,0
7699,38,99,0
7700,39,99,0
7701,40,99,0
7702,39,100,0
7703,38,98,0
7704,39,100,0
7705,39,95,0
7706,39,97,0
7707,39,99,0
7708,40,99,0
7709,39,95,0
7710,39,101,0
7711,39,98,0
7712,40,98,0
7713,38,98,0
7714,38,98,0
7715,40,98,0
7716,39,97,0
7717,39,98,0
7718,40,98,0
7719,40,100,0
7720,38,98,0
7721,40,99,0
7722,40,97,0
7723,40,99,0
7724,39,99,0
7725,40,99,0
7726,40,97,0
7727,39,99,0
7728,39,99,0
7729,39,97,0
7730,40,97,0
7731,40,101,0
7732,40,98,0
7733,40,100,0
7734,40,97,0
7735,40,99,0
7736,39,97,0
7737,39,97,0
7738,40,99,0
7739,40,97,0
7740,40,99,0
7741,39,97,0
7742,40,101,0
7743,39,98,0
7744,40,97,0
7745,39,97,0
7746,39,100,0
7747,39,98,0
7748,39,98,0
7749,40,96,0
7750,39,98,0
7751,39,96,0
7752,40,98,0
7753,40,98,0
7754,40,100,0
7755,40,99,0
7756,40,97,0
7757,40,99,0
7758,40,97,0
7759,40,101,0
7760,39,99,0
7761,39,97,0
7762,40,97,0
7763,41,99,0
7764,40,99,0
7765,41,100,0
7766,39,98,0
7767,38,98,0
7768,39,98,0
7769,39,98,0
7770,40,98,0
7771,40,98,0
7772,39,98,0
7773,39,98,0
7774,39,98,0
7775,38,98,0
7776,39,100,0
7777,39,97,0
7778,40,97,0
7779,38,99,0
7780,38,99,0
7781,39,101,0
7782,41,100,0
7783,39,98,0
7784,40,98,0
7785,40,98,0
7786,40,96,0
7787,39,100,0
7788,41,97,0
7789,40,99,0
7790,39,99,0
7791,39,99,0
7792,39,99,0
7793,39,101,0
7794,38,98,0
7795,40,98,0
7796,39,98,0
7797,39,100,0
7798,38,98,0
7799,39,96,0
7800,38,98,0
7801,41,96,0
7802,40,98,0
7803,39,98,0
7804,40,98,0
7805,40,100,0
7806,39,97,0
7807,39,99,0
7808,40,99,0
7809,40,99,0
7810,39,99,0
7811,39,97,0
7812,41,99,0
7813,39,97,0
7814,40,101,0
7815,38,100,0
7816,38,98,0
7817,40,98,0
7818,39,98,0
7819,40,98,0
7820,39,96,0
7821,39,100,0
7822,39,97,0
7823,39,100,0
7824,39,97,0
7825,38,99,0
7826,40,97,0
7827,39,97,0
7828,39,99,0
7829,39,97,0
7830,39,99,0
7831,40,99,0
7832,39,99,0
7833,39,99,0
7834,40,99,0
7835,39,97,0
7836,39,97,0
7837,39,99,0
7838,39,97,0
7839,40,97,0
7840,39,99,0
7841,39,97,0
7842,40,99,0
7843,63,99,0
7844,39,97,0
7845,38,99,0
7846,40,98,0
7847,38,97,0
7848,39,99,0
7849,39,98,0
7850,40,100,0
7851,40,98,0
7852,39,98,0
7853,39,98,0
7854,39,99,0
7855,40,97,0
7856,39,98,0
7857,39,100,0
7858,39,101,0
7859,40,96,0
7860,40,98,0
7861,40,98,0
7862,39,100,0
7863,39,99,0
7864,39,99,0
7865,39,98,0
7866,39,98,0
7867,39,98,0
7868,39,98,0
7869,39,96,0
7870,38,96,0
7871,39,98,0
7872,39,100,0
7873,39,97,0
7874,39,99,0
7875,39,99,0
7876,39,97,0
7877,39,97,0
7878,39,97,0
7879,40,97,0
7880,40,97,0
7881,40,97,0
7882,40,97,0
7883,40,97,0
7884,40,97,0
7885,39,99,0
7886,39,95,0
7887,39,97,0
7888,39,99,0
7889,40,99,0
7890,40,95,0
7891,40,97,0
7892,39,100,0
7893,40,98,0
7894,40,100,0
7895,39,101,0
7896,39,100,0
7897,40,97,0
7898,39,101,0
7899,39,98,0
7900,40,98,0
7901,40,98,0
7902,40,98,0
7903,39,98,0
7904,39,98,0
7905,40,102,0
7906,39,99,0
7907,40,101,0
7908,39,97,0
7909,40,101,0
7910,40,97,0
7911,39,99,0
7912,39,98,0
7913,39,98,0
7914,40,98,0
7915,38,100,0
7916,38,101,0
7917,40,95,0
7918,40,97,0
7919,39,98,0
7920,39,98,0
7921,40,96,0
7922,40,98,0
7923,38,98,0
7924,40,98,0
7925,41,100,0
7926,38,97,0
7927,39,99,0
7928,40,97,0
7929,40,97,0
7930,39,97,0
7931,38,99,0
7932,39,97,0
7933,39,98,0
7934,40,98,0
7935,41,98,0
7936,40,98,0
7937,39,98,0
7938,39,97,0
7939,39,98,0
7940,39,100,0
7941,40,97,0
7942,38,101,0
7943,39,96,0
7944,39,98,0
7945,40,98,0
7946,40,98,0
7947,40,100,0
7948,40,98,0
7949,39,98,0
7950,39,100,0
7951,39,97,0
7952,39,99,0
7953,38,99,0
7954,40,97,0
7955,39,97,0
7956,39,97,0
7957,39,99,0
7958,39,101,0
7959,39,97,0
7960,40,99,0
7961,39,97,0
7962,40,97,0
7963,39,97,0
7964,39,99,0
7965,40,95,0
7966,39,99,0
7967,39,101,0
7968,39,98,0
7969,39,100,0
7970,38,99,0
7971,39,99,0
7972,39,99,0
7973,39,97,0
7974,39,97,0
7975,40,97,0
7976,39,99,0
7977,40,97,0
7978,40,99,0
7979,39,99,0
7980,38,97,0
7981,40,99,0
7982,38,99,0
7983,39,100,0
7984,39,95,0
7985,39,97,0
7986,38,99,0
7987,40,99,0
7988,39,99,0
7989,39,95,0
7990,39,97,0
7991,39,97,0
7992,39,101,0
7993,39,96,0
7994,39,100,0
7995,39,98,0
7996,40,100,0
7997,40,97,0
7998,39,97,0
7999,39,97,0
8000,40,99,0
8001,40,100,0
8002,39,98,0
8003,39,101,0
8004,39,98,0
8005,39,98,0
8006,40,96,0
8007,39,100,0
8008,39,98,0
8009,39,98,0
8010,39,100,0
8011,39,99,0
8012,40,101,0
8013,38,99,0
8014,39,99,0
8015,39,98,0
8016,40,100,0
8017,39,100,0
8018,40,97,0
8019,39,95,0
8020,40,98,0
8021,39,98,0
8022,39,98,0
8023,39,96,0
8024,39,96,0
8025,39,98,0
8026,40,100,0
8027,39,97,0
8028,41,97,0
8029,40,97,0
8030,39,99,0
8031,40,97,0
8032,40,97,0
8033,38,99,0
8034,39,100,0
8035,40,98,0
8036,40,98,0
8037,40,98,0
8038,39,100,0
8039,40,97,0
8040,40,100,0
8041,39,100,0
8042,40,95,0
8043,40,98,0
8044,39,98,0
8045,40,98,0
8046,39,98,0
8047,40,100,0
8048,39,99,0
8049,38,99,0
8050,39,101,0
8051,40,98,0
8052,40,102,0
8053,39,100,0
8054,40,98,0
8055,39,98,0
8056,39,101,0
8057,40,98,0
8058,39,98,0
8059,39,100,0
8060,40,97,0
8061,40,97,0
8062,40,98,0
8063,40,100,0
8064,38,101,0
8065,39,98,0
8066,39,98,0
8067,38,101,0
8068,40,100,0
8069,40,99,0
8070,39,99,0
8071,38,99,0
8072,39,98,0
8073,39,98,0
8074,40,98,0
8075,39,98,0
8076,38,98,0
8077,39,100,0
8078,40,97,0
8079,39,99,0
8080,40,97,0
8081,40,97,0
8082,41,99,0
8083,39,99,0
8084,40,95,0
8085,40,100,0
8086,39,98,0
8087,39,99,0
8088,39,101,0
8089,41,97,0
8090,39,100,0
8091,40,98,0
8092,40,98,0
8093,39,101,0
8094,39,101,0
8095,39,96,0
8096,40,98,0
8097,40,96,0
8098,38,98,0
8099,39,99,0
8100,40,99,0
8101,40,97,0
8102,39,99,0
8103,40,99,0
8104,61,116,0
8105,40,97,0
8106,39,98,0
8107,39,100,0
8108,40,97,0
8109,39,96,0
8110,38,98,0
8111,39,99,0
8112,39,97,0
8113,40,100,0
8114,39,100,0
8115,39,101,0
8116,39,98,0
8117,38,98,0
8118,39,96,0
8119,40,98,0
8120,38,96,0
8121,39,97,0
8122,39,97,0
8123,39,101,0
8124,39,98,0
8125,40,98,0
8126,40,98,0
8127,39,98,0
8128,39,98,0
8129,39,98,0
8130,40,96,0
8131,39,100,0
8132,39,99,0
8133,38,99,0
8134,40,101,0
8135,40,100,0
8136,39,97,0
8137,41,99,0
8138,39,99,0
8139,40,101,0
8140,39,98,0
8141,39,100,0
8142,40,97,0
8143,39,101,0
8144,40,97,0
8145,39,98,0
8146,40,98,0
8147,39,96,0
8148,39,98,0
8149,38,98,0
8150,40,100,0
8151,40,99,0
8152,39,99,0
8153,64,99,0
8154,39,98,0
8155,39,97,0
8156,39,99,0
8157,39,100,0
8158,39,100,0
8159,38,97,0
8160,40,99,0
8161,39,96,0
8162,39,100,0
8163,39,99,0
8164,39,98,0
8165,40,98,0
8166,38,100,0
8167,40,99,0
8168,39,99,0
8169,38,99,0
8170,41,95,0
8171,39,100,0
8172,40,100,0
8173,40,97,0
8174,40,98,0
8175,40,98,0
8176,39,98,0
8177,41,98,0
8178,39,97,0
8179,40,99,0
8180,40,97,0
8181,39,101,0
8182,38,98,0
8183,38,98,0
8184,39,98,0
8185,39,99,0
8186,41,101,0
8187,39,98,0
8188,39,98,0
8189,39,100,0
8190,38,99,0
8191,39,97,0
8192,39,99,0
8193,40,96,0
8194,39,98,0
8195,39,98,0
8196,39,100,0
8197,38,99,0
8198,40,97,0
8199,38,99,0
8200,39,98,0
8201,40,96,0
8202,39,98,0
8203,38,98,0
8204,39,98,0
8205,39,96,0
8206,39,96,0
8207,39,96,0
8208,39,98,0
8209,38,98,0
8210,39,98,0
8211,39,98,0
8212,38,97,0
8213,40,99,0
8214,40,97,0
8215,40,97,0
8216,40,97,0
8217,39,99,0
8218,38,99,0
8219,39,99,0
8220,39,99,0
8221,40,97,0
8222,40,97,0
8223,39,99,0
8224,39,99,0
8225,39,97,0
8226,39,99,0
8227,38,99,0
8228,40,97,0
8229,40,97,0
8230,39,97,0
8231,39,99,0
8232,39,99,0
8233,40,99,0
8234,40,97,0
8235,40,97,0
8236,39,97,0
8237,40,97,0
8238,38,97,0
8239,40,97,0
8240,39,97,0
8241,40,97,0
8242,38,97,0
8243,39,97,0
8244,40,97,0
8245,40,99,0
8246,40,97,0
8247,40,97,0
8248,40,97,0
8249,39,98,0
8250,39,100,0
8251,38,97,0
8252,39,99,0
8253,40,97,0
8254,40,97,0
8255,40,99,0
8256,39,97,0
8257,39,97,0
8258,40,97,0
8259,38,99,0
8260,39,99,0
8261,40,97,0
8262,40,97,0
8263,40,97,0
8264,38,99,0
8265,39,99,0
8266,38,97,0
8267,39,97,0
8268,38,97,0
8269,38,97,0
8270,40,99,0
8271,40,97,0
8272,40,98,0
8273,39,97,0
8274,40,97,0
8275,39,97,0
8276,38,101,0
8277,39,98,0
8278,38,98,0
8279,40,100,0
8280,39,97,0
8281,39,99,0
8282,40,99,0
8283,40,99,0
8284,39,97,0
8285,40,97,0
8286,39,97,0
8287,39,97,0
8288,41,97,0
8289,39,99,0
8290,40,99,0
8291,39,97,0
8292,39,97,0
8293,39,99,0
8294,39,99,0
8295,40,97,0
8296,39,101,0
8297,39,97,0
8298,39,97,0
8299,39,98,0
8300,40,98,0
8301,40,95,0
8302,39,100,0
8303,40,98,0
8304,40,98,0
8305,40,100,0
8306,39,97,0
8307,39,99,0
8308,40,97,0
8309,39,99,0
8310,39,101,0
8311,40,98,0
8312,40,100,0
8313,38,97,0
8314,40,99,0
8315,39,97,0
8316,39,97,0
8317,40,101,0
8318,40,98,0
8319,40,100,0
8320,40,95,0
8321,40,97,0
8322,38,99,0
8323,39,97,0
8324,40,101,0
8325,39,100,0
8326,39,97,0
8327,39,97,0
8328,40,97,0
8329,41,99,0
8330,40,99,0
8331,40,99,0
8332,41,99,0
8333,40,97,0
8334,39,101,0
8335,38,100,0
8336,39,99,0
8337,40,101,0
8338,38,98,0
8339,39,98,0
8340,39,100,0
8341,39,101,0
8342,39,101,0
8343,39,96,0
8344,39,98,0
8345,40,98,0
8346,38,98,0
8347,39,100,0
8348,39,99,0
8349,39,97,0
8350,38,101,0
8351,39,98,0
8352,38,98,0
8353,40,100,0
8354,40,99,0
8355,39,99,0
8356,40,101,0
8357,39,98,0
8358,39,98,0
8359,40,100,0
8360,39,99,0
8361,40,97,0
8362,40,99,0
8363,41,99,0
8364,38,99,0
8365,39,99,0
8366,40,101,0
8367,39,98,0
8368,38,98,0
8369,39,96,0
8370,39,98,0
8371,40,98,0
8372,39,98,0
8373,39,98,0
8374,39,98,0
8375,40,98,0
8376,39,98,0
8377,39,100,0
8378,39,97,0
8379,41,97,0
8380,40,99,0
8381,39,97,0
8382,40,97,0
8383,39,99,0
8384,40,97,0
8385,38,99,0
8386,40,99,0
8387,39,97,0
8388,40,97,0
8389,40,97,0
8390,40,97,0
8391,40,97,0
8392,40,99,0
8393,39,101,0
8394,39,100,0
8395,40,97,0
8396,40,97,0
8397,39,97,0
8398,40,97,0
8399,40,97,0
8400,40,97,0
8401,39,99,0
8402,39,99,0
8403,40,99,0
8404,39,101,0
8405,40,98,0
8406,39,98,0
8407,40,96,0
8408,39,100,0
8409,40,97,0
8410,39,97,0
8411,40,99,0
8412,40,97,0
8413,40,99,0
8414,39,99,0
8415,39,101,0
8416,41,96,0
8417,40,98,0
8418,39,98,0
8419,40,100,0
8420,39,98,0
8421,39,100,0
8422,39,99,0
8423,38,101,0
8424,40,98,0
8425,39,98,0
8426,40,98,0
8427,38,106,0
8428,39,99,0
8429,40,101,0
8430,38,98,0
8431,39,98,0
8432,40,98,0
8433,39,98,0
8434,39,98,0
8435,39,98,0
8436,40,100,0
8437,39,101,0
8438,40,99,0
8439,39,95,0
8440,39,98,0
8441,39,98,0
8442,40,95,0
8443,39,98,0
8444,39,100,0
8445,39,100,0
8446,39,97,0
8447,41,99,0
8448,40,97,0
8449,39,97,0
8450,41,99,0
8451,40,97,0
8452,40,99,0
8453,41,99,0
8454,40,100,0
8455,40,98,0
8456,40,98,0
8457,39,98,0
8458,39,100,0
8459,41,97,0
8460,40,95,0
8461,40,97,0
8462,39,99,0
8463,39,97,0
8464,64,102,0
8465,39,96,0
8466,39,98,0
8467,40,97,0
8468,39,97,0
8469,39,98,0
8470,40,96,0
8471,40,99,0
8472,40,99,0
8473,39,100,0
8474,41,101,0
8475,39,100,0
8476,39,99,0
8477,40,99,0
8478,39,98,0
8479,39,96,0
8480,39,98,0
8481,39,98,0
8482,40,98,0
8483,38,100,0
8484,40,101,0
8485,39,100,0
8486,40,99,0
8487,40,99,0
8488,40,101,0
8489,40,98,0
8490,39,98,0
8491,39,98,0
8492,39,97,0
8493,38,105,0
8494,40,98,0
8495,38,100,0
8496,39,97,0
8497,39,99,0
8498,39,99,0
8499,39,101,0
8500,40,100,0
8501,40,97,0
8502,39,99,0
8503,39,99,0
8504,38,99,0
8505,39,98,0
8506,39,98,0
8507,40,102,0
8508,41,101,0
8509,38,99,0
8510,39,98,0
8511,39,98,0
8512,41,100,0
8513,39,97,0
8514,39,99,0
8515,39,99,0
8516,38,99,0
8517,39,99,0
8518,39,99,0
8519,39,96,0
8520,39,96,0
8521,39,98,0
8522,39,98,0
8523,40,96,0
8524,40,98,0
8525,39,98,0
8526,38,99,0
8527,39,97,0
8528,39,99,0
8529,39,97,0
8530,40,97,0
8531,40,97,0
8532,39,97,0
8533,39,98,0
8534,39,98,0
8535,39,98,0
8536,39,98,0
8537,39,98,0
8538,40,98,0
8539,40,100,0
8540,39,101,0
8541,39,98,0
8542,39,99,0
8543,40,97,0
8544,39,97,0
8545,39,97,0
8546,39,97,0
8547,39,97,0
8548,40,95,0
8549,38,101,0
8550,38,98,0
8551,39,98,0
8552,38,96,0
8553,39,96,0
8554,39,98,0
8555,38,98,0
8556,39,98,0
8557,39,98,0
8558,39,98,0
8559,41,96,0
8560,40,98,0
8561,39,97,0
8562,39,99,0
8563,39,97,0
8564,39,97,0
8565,40,99,0
8566,40,97,0
8567,39,99,0
8568,39,97,0
8569,40,97,0
8570,39,97,0
8571,39,97,0
8572,39,97,0
8573,39,97,0
8574,40,97,0
8575,41,97,0
8576,39,99,0
8577,39,97,0
8578,39,99,0
8579,40,97,0
8580,38,99,0
8581,39,97,0
8582,40,97,0
8583,38,99,0
8584,39,97,0
8585,39,99,0
8586,39,97,0
8587,40,97,0
8588,38,99,0
8589,39,97,0
8590,40,97,0
8591,40,99,0
8592,39,101,0
8593,40,98,0
8594,39,98,0
8595,39,98,0
8596,39,98,0
8597,39,96,0
8598,39,98,0
8599,39,96,0
8600,40,98,0
8601,39,96,0
8602,38,98,0
8603,40,98,0
8604,40,96,0
8605,39,96,0
8606,39,98,0
8607,39,100,0
8608,39,101,0
8609,39,99,0
8610,39,97,0
8611,38,97,0
8612,40,95,0
8613,39,98,0
8614,40,98,0
8615,38,98,0
8616,39,96,0
8617,40,96,0
8618,40,98,0
8619,40,100,0
8620,39,99,0
8621,40,97,0
8622,39,99,0
8623,39,97,0
8624,39,99,0
8625,40,97,0
8626,39,97,0
8627,40,97,0
8628,40,97,0
8629,40,97,0
8630,40,98,0
8631,39,98,0
8632,39,98,0
8633,38,98,0
8634,39,96,0
8635,40,98,0
8636,39,98,0
8637,39,96,0
8638,39,96,0
8639,40,100,0
8640,39,99,0
8641,38,99,0
8642,40,101,0
8643,39,100,0
8644,39,99,0
8645,39,99,0
8646,40,99,0
8647,40,99,0
8648,39,99,0
8649,39,99,0
8650,39,99,0
8651,40,97,0
8652,40,101,0
8653,40,96,0
8654,39,98,0
8655,39,100,0
8656,39,99,0
8657,39,99,0
8658,41,99,0
8659,40,97,0
8660,40,97,0
8661,39,99,0
8662,39,97,0
8663,40,101,0
8664,40,100,0
8665,40,99,0
8666,40,97,0
8667,38,99,0
8668,40,97,0
8669,40,99,0
8670,39,100,0
8671,40,98,0
8672,40,98,0
8673,40,98,0
8674,40,102,0
8675,38,99,0
8676,39,101,0
8677,39,100,0
8678,39,99,0
8679,39,99,0
8680,39,100,0
8681,39,96,0
8682,40,98,0
8683,41,99,0
8684,38,99,0
8685,40,97,0
8686,38,99,0
8687,40,99,0
8688,40,95,0
8689,39,99,0
8690,39,101,0
8691,40,96,0
8692,40,98,0
8693,40,100,0
8694,39,97,0
8695,39,101,0
8696,39,99,0
8697,40,97,0
8698,39,100,0
8699,40,97,0
8700,40,97,0
8701,39,98,0
8702,39,98,0
8703,39,98,0
8704,38,98,0
8705,39,100,0
8706,39,97,0
8707,40,101,0
8708,39,97,0
8709,39,97,0
8710,40,97,0
8711,40,99,0
8712,39,95,0
8713,40,95,0
8714,40,97,0
8715,38,99,0
8716,38,97,0
8717,40,97,0
8718,39,99,0
8719,40,97,0
8720,39,97,0
8721,39,99,0
8722,39,99,0
8723,38,99,0
8724,39,99,0
8725,41,97,0
8726,38,97,0
8727,39,99,0
8728,40,95,0
8729,39,100,0
8730,40,96,0
8731,38,100,0
8732,40,97,0
8733,39,99,0
8734,39,99,0
8735,39,97,0
8736,39,99,0
8737,41,97,0
8738,41,97,0
8739,39,99,0
8740,39,97,0
8741,41,95,0
8742,39,97,0
8743,40,98,0
8744,40,97,0
8745,39,99,0
8746,39,98,0
8747,40,98,0
8748,39,96,0
8749,40,96,0
8750,39,98,0
8751,39,98,0
8752,39,98,0
8753,39,96,0
8754,38,98,0
8755,39,98,0
8756,38,98,0
8757,39,96,0
8758,39,96,0
8759,39,100,0
8760,39,99,0
8761,40,99,0
8762,40,99,0
8763,39,99,0
8764,39,99,0
8765,41,97,0
8766,39,97,0
8767,39,97,0
8768,39,97,0
8769,39,97,0
8770,40,97,0
8771,39,101,0
8772,40,96,0
8773,38,98,0
8774,39,98,0
8775,39,98,0
8776,41,97,0
8777,39,97,0
8778,40,98,0
8779,40,97,0
8780,39,97,0
8781,39,98,0
8782,38,98,0
8783,38,99,0
8784,38,97,0
8785,39,99,0
8786,40,98,0
8787,39,98,0
8788,39,97,0
8789,39,97,0
8790,39,99,0
8791,39,98,0
8792,39,98,0
8793,39,96,0
8794,39,96,0
8795,40,100,0
8796,39,97,0
8797,39,97,0
8798,40,99,0
8799,39,98,0
8800,40,100,0
8801,40,97,0
8802,39,99,0
8803,38,99,0
8804,40,99,0
8805,40,95,0
8806,40,97,0
8807,38,98,0
8808,40,98,0
8809,39,98,0
8810,39,98,0
8811,39,98,0
8812,39,94,0
8813,39,98,0
8814,39,99,0
8815,40,99,0
8816,40,99,0
8817,40,101,0
8818,39,100,0
8819,40,97,0
8820,40,99,0
8821,38,99,0
8822,39,99,0
8823,40,99,0
8824,39,98,0
8825,41,98,0
8826,40,98,0
8827,40,98,0
8828,39,100,0
8829,41,99,0
8830,39,97,0
8831,40,97,0
8832,39,98,0
8833,40,100,0
8834,39,97,0
8835,40,99,0
8836,40,101,0
8837,39,98,0
8838,39,98,0
8839,40,98,0
8840,39,100,0
8841,39,97,0
8842,40,99,0
8843,40,98,0
8844,39,96,0
8845,39,98,0
8846,38,98,0
8847,39,98,0
8848,40,97,0
8849,41,99,0
8850,41,99,0
8851,40,99,0
8852,39,101,0
8853,39,96,0
8854,39,98,0
8855,40,97,0
8856,40,97,0
8857,40,97,0
8858,39,99,0
8859,39,101,0
8860,39,100,0
8861,40,99,0
8862,40,95,0
8863,40,97,0
8864,40,101,0
8865,39,96,0
8866,40,98,0
8867,39,97,0
8868,40,101,0
8869,39,100,0
8870,39,98,0
8871,39,100,0
8872,39,99,0
8873,39,98,0
8874,39,100,0
8875,39,97,0
8876,39,99,0
8877,40,99,0
8878,39,99,0
8879,39,99,0
8880,39,101,0
8881,40,100,0
8882,40,99,0
8883,39,99,0
8884,40,97,0
8885,39,99,0
8886,39,99,0
8887,40,97,0
8888,39,99,0
8889,40,101,0
8890,38,98,0
8891,38,98,0
8892,40,98,0
8893,38,96,0
8894,39,100,0
8895,38,97,0
8896,40,97,0
8897,39,97,0
8898,40,97,0
8899,39,99,0
8900,40,98,0
8901,40,98,0
8902,38,98,0
8903,40,98,0
8904,39,100,0
8905,38,97,0
8906,39,97,0
8907,39,99,0
8908,39,97,0
8909,38,97,0
8910,38,101,0
8911,40,100,0
8912,39,97,0
8913,39,99,0
8914,40,99,0
8915,39,99,0
8916,41,97,0
8917,40,97,0
8918,39,97,0
8919,39,99,0
8920,39,101,0
8921,39,100,0
8922,39,99,0
8923,39,97,0
8924,39,97,0
8925,39,97,0
8926,39,97,0
8927,40,97,0
8928,40,97,0
8929,41,97,0
8930,39,101,0
8931,39,100,0
8932,40,99,0
8933,39,99,0
8934,39,97,0
8935,39,97,0
8936,40,101,0
8937,39,96,0
8938,38,98,0
8939,39,96,0
8940,39,100,0
8941,39,97,0
8942,39,99,0
8943,39,99,0
8944,38,97,0
8945,39,97,0
8946,39,97,0
8947,41,97,0
8948,40,97,0
8949,40,99,0
8950,39,97,0
8951,40,95,0
8952,39,98,0
8953,39,98,0
8954,39,98,0
8955,39,98,0
8956,39,100,0
8957,39,97,0
8958,38,97,0
8959,39,97,0
8960,40,97,0
8961,40,99,0
8962,39,97,0
8963,39,97,0
8964,39,99,0
8965,40,99,0
8966,39,101,0
8967,39,98,0
8968,38,98,0
8969,39,98,0
8970,40,100,0
8971,40,99,0
8972,39,99,0
8973,39,97,0
8974,38,99,0
8975,39,101,0
8976,40,98,0
8977,39,100,0
8978,39,101,0
8979,39,98,0
8980,38,98,0
8981,39,98,0
8982,40,98,0
8983,39,96,0
8984,39,96,0
8985,40,98,0
8986,40,98,0
8987,40,100,0
8988,39,101,0
8989,40,96,0
8990,39,98,0
8991,39,98,0
8992,41,100,0
8993,40,97,0
8994,39,99,0
8995,39,99,0
8996,39,99,0
8997,39,99,0
8998,38,99,0
8999,39,95,0
9000,39,101,0
9001,40,100,0
9002,40,97,0
9003,38,98,0
9004,40,100,0
9005,40,97,0
9006,40,97,0
9007,40,97,0
9008,39,99,0
9009,40,97,0
9010,40,99,0
9011,39,99,0
9012,40,97,0
9013,40,97,0
9014,41,97,0
9015,39,99,0
9016,38,99,0
9017,39,101,0
9018,40,98,0
9019,39,98,0
9020,39,98,0
9021,39,100,0
9022,39,99,0
9023,39,99,0
9024,38,98,0
9025,40,98,0
9026,40,98,0
9027,40,96,0
9028,40,98,0
9029,40,98,0
9030,40,100,0
9031,40,97,0
9032,39,97,0
9033,39,99,0
9034,38,99,0
9035,38,99,0
9036,40,97,0
9037,41,97,0
9038,40,98,0
9039,40,98,0
9040,40,100,0
9041,40,101,0
9042,39,98,0
9043,39,98,0
9044,40,102,0
9045,39,97,0
9046,39,99,0
9047,40,97,0
9048,39,99,0
9049,41,99,0
9050,38,99,0
9051,39,101,0
9052,39,98,0
9053,40,98,0
9054,39,98,0
9055,41,98,0
9056,39,98,0
9057,39,97,0
9058,39,99,0
9059,40,101,0
9060,38,98,0
9061,39,100,0
9062,39,96,0
9063,39,98,0
9064,40,100,0
9065,40,102,0
9066,39,96,0
9067,39,98,0
9068,38,98,0
9069,39,100,0
9070,39,101,0
9071,40,98,0
9072,40,100,0
9073,39,99,0
9074,39,101,0
9075,40,98,0
9076,40,98,0
9077,39,97,0
9078,39,99,0
9079,38,99,0
9080,41,99,0
9081,41,97,0
9082,39,100,0
9083,40,98,0
9084,40,97,0
9085,39,97,0
9086,40,99,0
9087,61,106,0
9088,39,96,0
9089,39,97,0
9090,39,97,0
9091,39,99,0
9092,39,98,0
9093,39,96,0
9094,39,100,0
9095,40,99,0
9096,39,98,0
9097,39,98,0
9098,39,98,0
9099,39,97,0
9100,40,99,0
9101,40,99,0
9102,38,97,0
9103,38,99,0
9104,40,98,0
9105,40,98,0
9106,40,100,0
9107,39,97,0
9108,39,99,0
9109,39,99,0
9110,39,97,0
9111,40,99,0
9112,41,97,0
9113,39,99,0
9114,38,100,0
9115,40,96,0
9116,39,98,0
9117,40,97,0
9118,39,99,0
9119,39,97,0
9120,39,99,0
9121,39,98,0
9122,39,98,0
9123,39,96,0
9124,40,96,0
9125,39,98,0
9126,39,98,0
9127,40,100,0
9128,40,97,0
9129,40,97,0
9130,39,99,0
9131,39,97,0
9132,40,97,0
9133,39,99,0
9134,39,101,0
9135,40,98,0
9136,39,100,0
9137,39,97,0
9138,39,97,0
9139,39,97,0
9140,39,97,0
9141,39,99,0
9142,39,101,0
9143,39,100,0
9144,39,100,0
9145,40,97,0
9146,39,99,0
9147,39,101,0
9148,39,98,0
9149,39,98,0
9150,40,101,0
9151,40,98,0
9152,39,98,0
9153,39,100,0
9154,41,98,0
9155,39,100,0
9156,39,100,0
9157,39,98,0
9158,40,100,0
9159,40,99,0
9160,40,99,0
9161,39,101,0
9162,39,97,0
9163,40,97,0
9164,40,98,0
9165,39,99,0
9166,39,99,0
9167,40,97,0
9168,40,97,0
9169,39,100,0
9170,40,98,0
9171,40,98,0
9172,39,98,0
9173,39,98,0
9174,40,99,0
9175,39,97,0
9176,40,101,0
9177,40,98,0
9178,40,100,0
9179,38,99,0
9180,40,97,0
9181,39,101,0
9182,41,98,0
9183,40,98,0
9184,41,97,0
9185,41,97,0
9186,39,101,0
9187,39,98,0
9188,39,98,0
9189,40,101,0
9190,38,98,0
9191,39,100,0
9192,41,100,0
9193,40,101,0
9194,40,97,0
9195,40,95,0
9196,40,98,0
9197,39,97,0
9198,39,101,0
9199,39,98,0
9200,40,98,0
9201,40,99,0
9202,40,99,0
9203,39,97,0
9204,39,97,0
9205,40,97,0
9206,40,97,0
9207,39,101,0
9208,39,100,0
9209,40,98,0
9210,39,98,0
9211,40,98,0
9212,40,100,0
9213,40,97,0
9214,40,101,0
9215,39,96,0
9216,39,98,0
9217,39,98,0
9218,39,98,0
9219,40,98,0
9220,39,98,0
9221,39,98,0
9222,39,98,0
9223,39,98,0
9224,39,98,0
9225,39,100,0
9226,40,101,0
9227,39,98,0
9228,39,98,0
9229,40,100,0
9230,40,99,0
9231,40,99,0
9232,39,99,0
9233,39,97,0
9234,40,99,0
9235,40,99,0
9236,39,99,0
9237,40,97,0
9238,40,99,0
9239,40,99,0
9240,39,99,0
9241,39,99,0
9242,39,101,0
9243,39,98,0
9244,38,98,0
9245,39,98,0
9246,40,98,0
9247,39,98,0
9248,39,100,0
9249,39,98,0
9250,40,98,0
9251,41,99,0
9252,38,97,0
9253,39,99,0
9254,39,97,0
9255,40,97,0
9256,39,99,0
9257,40,97,0
9258,39,97,0
9259,39,97,0
9260,41,99,0
9261,39,99,0
9262,39,101,0
9263,40,98,0
9264,40,96,0
9265,38,98,0
9266,38,96,0
9267,39,98,0
9268,40,100,0
9269,38,99,0
9270,38,99,0
9271,40,97,0
9272,39,99,0
9273,41,97,0
9274,38,97,0
9275,39,100,0
9276,38,99,0
9277,40,99,0
9278,40,97,0
9279,39,97,0
9280,40,95,0
9281,39,97,0
9282,39,95,0
9283,40,97,0
9284,40,99,0
9285,39,99,0
9286,39,99,0
9287,40,97,0
9288,40,97,0
9289,39,99,0
9290,39,95,0
9291,38,99,0
9292,39,99,0
9293,40,101,0
9294,39,100,0
9295,40,98,0
9296,39,96,0
9297,39,100,0
9298,40,99,0
9299,39,99,0
9300,39,99,0
9301,39,99,0
9302,39,97,0
9303,39,101,0
9304,39,98,0
9305,39,98,0
9306,39,98,0
9307,39,97,0
9308,39,99,0
9309,40,99,0
9310,39,97,0
9311,39,97,0
9312,39,99,0
9313,39,97,0
9314,39,98,0
9315,39,99,0
9316,39,97,0
9317,38,99,0
9318,40,97,0
9319,39,99,0
9320,38,97,0
9321,40,99,0
9322,40,97,0
9323,39,99,0
9324,39,96,0
9325,39,98,0
9326,39,98,0
9327,39,98,0
9328,39,98,0
9329,40,100,0
9330,40,99,0
9331,39,97,0
9332,40,97,0
9333,40,99,0
9334,40,99,0
9335,39,97,0
9336,39,99,0
9337,40,99,0
9338,39,97,0
9339,40,99,0
9340,39,99,0
9341,40,99,0
9342,39,101,0
9343,39,101,0
9344,39,98,0
9345,40,100,0
9346,40,101,0
9347,40,98,0
9348,39,98,0
9349,40,100,0
9350,39,98,0
9351,40,98,0
9352,41,98,0
9353,40,100,0
9354,39,99,0
9355,38,99,0
9356,39,99,0
9357,40,99,0
9358,39,97,0
9359,40,99,0
9360,39,99,0
9361,39,100,0
9362,39,98,0
9363,40,96,0
9364,39,98,0
9365,38,100,0
9366,40,97,0
9367,41,97,0
9368,39,99,0
9369,39,99,0
9370,40,99,0
9371,40,97,0
9372,40,99,0
9373,39,99,0
9374,40,97,0
9375,40,97,0
9376,39,97,0
9377,39,97,0
9378,39,101,0
9379,40,100,0
9380,40,97,0
9381,40,101,0
9382,39,100,0
9383,39,101,0
9384,40,95,0
9385,38,99,0
9386,39,99,0
9387,39,100,0
9388,39,100,0
9389,40,101,0
9390,39,98,0
9391,41,99,0
9392,40,99,0
9393,39,99,0
9394,39,97,0
9395,39,99,0
9396,40,99,0
9397,45,99,0
9398,40,98,0
9399,39,97,0
9400,39,100,0
9401,39,99,0
9402,40,100,0
9403,39,97,0
9404,39,99,0
9405,39,97,0
9406,39,98,0
9407,40,98,0
9408,39,99,0
9409,41,97,0
9410,39,100,0
9411,40,100,0
9412,40,105,0
9413,39,100,0
9414,39,98,0
9415,40,99,0
9416,39,97,0
9417,39,97,0
9418,40,97,0
9419,39,99,0
9420,40,97,0
9421,39,95,0
9422,38,98,0
9423,40,100,0
9424,40,101,0
9425,39,97,0
9426,39,96,0
9427,40,98,0
9428,39,100,0
9429,39,97,0
9430,39,99,0
9431,39,97,0
9432,39,101,0
9433,40,96,0
9434,39,98,0
9435,40,98,0
9436,39,98,0
9437,39,96,0
9438,40,98,0
9439,39,96,0
9440,39,96,0
9441,39,98,0
9442,40,96,0
9443,38,98,0
9444,39,98,0
9445,39,98,0
9446,40,100,0
9447,39,99,0
9448,39,99,0
9449,39,99,0
9450,39,97,0
9451,39,97,0
9452,39,97,0
9453,39,97,0
9454,41,97,0
9455,39,97,0
9456,39,97,0
9457,38,97,0
9458,39,99,0
9459,39,101,0
9460,39,96,0
9461,40,98,0
9462,39,98,0
9463,39,98,0
9464,41,98,0
9465,40,100,0
9466,40,97,0
9467,39,97,0
9468,40,99,0
9469,39,97,0
9470,39,97,0
9471,40,99,0
9472,40,97,0
9473,39,97,0
9474,39,100,0
9475,39,97,0
9476,39,99,0
9477,39,99,0
9478,39,99,0
9479,39,97,0
9480,40,97,0
9481,40,97,0
9482,39,97,0
9483,40,97,0
9484,38,99,0
9485,39,97,0
9486,39,97,0
9487,39,97,0
9488,39,97,0
9489,38,99,0
9490,40,97,0
9491,40,101,0
9492,40,98,0
9493,39,96,0
9494,39,98,0
9495,41,98,0
9496,39,95,0
9497,39,99,0
9498,41,97,0
9499,39,97,0
9500,39,99,0
9501,39,99,0
9502,39,99,0
9503,41,97,0
9504,38,97,0
9505,39,99,0
9506,40,99,0
9507,39,101,0
9508,40,100,0
9509,40,97,0
9510,40,101,0
9511,39,100,0
9512,39,100,0
9513,39,97,0
9514,40,97,0
9515,39,97,0
9516,38,99,0
9517,40,99,0
9518,39,101,0
9519,38,96,0
9520,39,98,0
9521,40,98,0
9522,40,100,0
9523,39,98,0
9524,40,100,0
9525,39,95,0
9526,39,99,0
9527,40,99,0
9528,41,99,0
9529,39,101,0
9530,38,100,0
9531,39,99,0
9532,39,99,0
9533,39,99,0
9534,39,97,0
9535,39,97,0
9536,39,99,0
9537,39,97,0
9538,39,99,0
9539,40,97,0
9540,38,100,0
9541,40,99,0
9542,41,97,0
9543,39,99,0
9544,39,99,0
9545,40,99,0
9546,40,100,0
9547,39,98,0
9548,40,100,0
9549,41,99,0
9550,39,99,0
9551,38,99,0
9552,39,101,0
9553,39,98,0
9554,39,98,0
9555,39,99,0
9556,41,99,0
9557,41,99,0
9558,41,99,0
9559,39,99,0
9560,39,99,0
9561,39,97,0
9562,38,101,0
9563,40,100,0
9564,40,99,0
9565,39,99,0
9566,40,97,0
9567,40,99,0
9568,41,101,0
9569,39,98,0
9570,40,98,0
9571,40,98,0
9572,39,98,0
9573,40,98,0
9574,38,96,0
9575,39,98,0
9576,39,98,0
9577,40,100,0
9578,40,99,0
9579,39,101,0
9580,39,98,0
9581,39,100,0
9582,41,101,0
9583,39,100,0
9584,39,99,0
9585,40,97,0
9586,40,99,0
9587,40,99,0
9588,40,97,0
9589,39,97,0
9590,40,97,0
9591,40,99,0
9592,40,99,0
9593,40,97,0
9594,38,99,0
9595,38,99,0
9596,40,99,0
9597,39,97,0
9598,39,99,0
9599,38,99,0
9600,39,99,0
9601,38,101,0
9602,40,98,0
9603,40,98,0
9604,39,98,0
9605,40,96,0
9606,39,98,0
9607,40,100,0
9608,40,99,0
9609,39,99,0
9610,41,99,0
9611,39,99,0
9612,39,97,0
9613,40,99,0
9614,39,101,0
9615,39,100,0
9616,39,98,0
9617,40,98,0
9618,40,98,0
9619,39,98,0
9620,39,100,0
9621,39,97,0
9622,41,99,0
9623,39,97,0
9624,40,99,0
9625,40,99,0
9626,39,97,0
9627,39,99,0
9628,40,97,0
9629,39,97,0
9630,38,99,0
9631,39,97,0
9632,40,101,0
9633,40,98,0
9634,41,100,0
9635,39,97,0
9636,40,97,0
9637,39,99,0
9638,39,101,0
9639,39,99,0
9640,39,97,0
9641,39,97,0
9642,40,101,0
9643,39,98,0
9644,38,98,0
9645,40,98,0
9646,40,96,0
9647,40,100,0
9648,38,99,0
9649,40,101,0
9650,39,96,0
9651,38,98,0
9652,39,100,0
9653,40,97,0
9654,40,97,0
9655,40,99,0
9656,40,100,0
9657,38,99,0
9658,39,97,0
9659,39,100,0
9660,40,99,0
9661,38,97,0
9662,39,99,0
9663,39,101,0
9664,39,96,0
9665,38,98,0
9666,40,97,0
9667,38,99,0
9668,39,97,0
9669,38,99,0
9670,40,99,0
9671,40,97,0
9672,38,99,0
9673,39,100,0
9674,39,99,0
9675,38,97,0
9676,40,97,0
9677,39,97,0
9678,40,98,0
9679,39,100,0
9680,39,99,0
9681,40,99,0
9682,39,97,0
9683,40,98,0
9684,41,100,0
9685,38,97,0
9686,40,97,0
9687,41,99,0
9688,39,101,0
9689,40,100,0
9690,40,99,0
9691,39,97,0
9692,40,97,0
9693,39,101,0
9694,39,98,0
9695,40,98,0
9696,40,97,0
9697,39,99,0
9698,40,100,0
9699,39,100,0
9700,39,97,0
9701,39,97,0
9702,41,97,0
9703,39,97,0
9704,41,97,0
9705,40,95,0
9706,39,99,0
9707,71,120,0
9708,38,98,0
9709,39,97,0
9710,39,96,0
9711,39,98,0
9712,39,100,0
9713,40,98,0
9714,40,98,0
9715,40,100,0
9716,40,99,0
9717,40,98,0
9718,39,98,0
9719,38,97,0
9720,39,101,0
9721,39,98,0
9722,40,96,0
9723,39,98,0
9724,39,100,0
9725,39,99,0
9726,39,99,0
9727,39,99,0
9728,40,98,0
9729,39,96,0
9730,39,98,0
9731,40,98,0
9732,40,100,0
9733,40,97,0
9734,39,99,0
9735,40,99,0
9736,40,100,0
9737,39,98,0
9738,40,100,0
9739,39,97,0
9740,40,99,0
9741,40,100,0
9742,39,99,0
9743,40,101,0
9744,39,100,0
9745,41,96,0
9746,39,97,0
9747,40,97,0
9748,41,99,0
9749,39,97,0
9750,39,101,0
9751,40,98,0
9752,39,98,0
9753,40,97,0
9754,38,99,0
9755,40,99,0
9756,39,98,0
9757,39,96,0
9758,39,98,0
9759,39,98,0
9760,38,98,0
9761,40,96,0
9762,38,100,0
9763,40,99,0
9764,39,98,0
9765,40,100,0
9766,40,97,0
9767,38,97,0
9768,39,99,0
9769,40,101,0
9770,40,100,0
9771,40,99,0
9772,41,99,0
9773,39,95,0
9774,40,97,0
9775,40,98,0
9776,39,96,0
9777,39,98,0
9778,38,98,0
9779,38,98,0
9780,40,98,0
9781,39,98,0
9782,40,96,0
9783,39,97,0
9784,39,99,0
9785,40,99,0
9786,40,97,0
9787,38,99,0
9788,40,97,0
9789,39,97,0
9790,39,98,0
9791,39,98,0
9792,39,98,0
9793,39,98,0
9794,40,100,0
9795,40,97,0
9796,39,99,0
9797,38,99,0
9798,39,97,0
9799,39,97,0
9800,39,99,0
9801,39,97,0
9802,39,97,0
9803,39,97,0
9804,39,97,0
9805,39,97,0
9806,39,97,0
9807,40,97,0
9808,39,97,0
9809,38,97,0
9810,39,98,0
9811,38,98,0
9812,39,98,0
9813,39,98,0
9814,39,98,0
9815,38,98,0
9816,40,100,0
9817,40,97,0
9818,39,98,0
9819,40,97,0
9820,39,97,0
9821,39,97,0
9822,41,97,0
9823,39,97,0
9824,38,97,0
9825,39,98,0
9826,39,96,0
9827,38,100,0
9828,40,97,0
9829,39,101,0
9830,40,96,0
9831,39,96,0
9832,39,98,0
9833,38,98,0
9834,39,98,0
9835,40,100,0
9836,40,97,0
9837,39,99,0
9838,39,97,0
9839,40,97,0
9840,39,97,0
9841,40,99,0
9842,39,97,0
9843,40,97,0
9844,40,97,0
9845,39,99,0
9846,39,99,0
9847,40,97,0
9848,40,101,0
9849,39,98,0
9850,39,100,0
9851,39,99,0
9852,40,97,0
9853,39,97,0
9854,39,97,0
9855,39,101,0
9856,41,97,0
9857,41,97,0
9858,39,99,0
9859,38,100,0
9860,40,100,0
9861,40,97,0
9862,40,101,0
9863,39,100,0
9864,39,101,0
9865,40,98,0
9866,40,100,0
9867,40,97,0
9868,40,99,0
9869,39,101,0
9870,41,100,0
9871,39,98,0
9872,39,99,0
9873,40,98,0
9874,39,98,0
9875,39,98,0
9876,40,98,0
9877,39,100,0
9878,39,99,0
9879,40,101,0
9880,39,99,0
9881,40,98,0
9882,40,100,0
9883,39,98,0
9884,38,98,0
9885,39,98,0
9886,41,98,0
9887,39,102,0
9888,39,101,0
9889,40,98,0
9890,41,102,0
9891,38,99,0
9892,39,97,0
9893,39,99,0
9894,39,97,0
9895,39,99,0
9896,40,99,0
9897,40,99,0
9898,40,99,0
9899,40,99,0
9900,40,97,0
9901,39,98,0
9902,39,98,0
9903,39,98,0
9904,39,96,0
9905,39,98,0
9906,39,98,0
9907,40,100,0
9908,42,99,0
9909,39,99,0
9910,39,97,0
9911,40,101,0
9912,39,98,0
9913,40,100,0
9914,39,97,0
9915,40,97,0
9916,40,97,0
9917,40,97,0
9918,38,99,0
9919,40,97,0
9920,39,99,0
9921,40,97,0
9922,40,99,0
9923,39,97,0
9924,40,101,0
9925,38,98,0
9926,40,98,0
9927,40,100,0
9928,38,97,0
9929,38,97,0
9930,40,97,0
9931,40,101,0
9932,40,100,0
9933,39,96,0
9934,39,96,0
9935,40,98,0
9936,39,100,0
9937,40,99,0
9938,39,99,0
9939,39,97,0
9940,41,95,0
9941,40,97,0
9942,40,95,0
9943,41,95,0
9944,40,97,0
9945,39,100,0
9946,40,100,0
9947,39,97,0
9948,39,97,0
9949,39,99,0
9950,40,97,0
9951,39,97,0
9952,40,99,0
9953,39,101,0
9954,39,98,0
9955,39,96,0
9956,40,100,0
9957,38,99,0
9958,39,99,0
9959,40,97,0
9960,39,97,0
9961,40,97,0
9962,40,97,0
9963,39,101,0
9964,39,98,0
9965,39,98,0
9966,39,100,0
9967,39,97,0
9968,41,99,0
9969,39,97,0
9970,39,97,0
9971,39,97,0
9972,39,101,0
9973,39,97,0
9974,38,97,0
9975,39,99,0
9976,40,97,0
9977,40,95,0
9978,39,99,0
9979,40,95,0
9980,39,97,0
9981,40,100,0
9982,39,98,0
9983,40,96,0
9984,40,100,0
9985,40,97,0
9986,39,97,0
9987,39,99,0
9988,40,99,0
9989,39,101,0
9990,40,98,0
9991,39,100,0
9992,39,98,0
9993,39,100,0
9994,39,99,0
9995,39,99,0
9996,41,99,0
9997,39,97,0
9998,39,97,0
9999,39,97,0
10000,39,99,0
10001,47,114,0
10002,40,99,0
10003,39,99,0
10004,40,98,0
10005,41,97,0
10006,38,99,0
10007,42,100,0
10008,39,98,0
10009,39,98,0
10010,40,98,0
10011,39,96,0
10012,40,100,0
10013,40,95,0
10014,40,99,0
10015,39,100,0
10016,39,97,0
10017,63,100,0
10018,40,97,0
10019,38,96,0
10020,40,97,0
10021,40,98,0
10022,38,98,0
10023,40,99,0
10024,40,97,0
10025,39,98,0
10026,39,100,0
10027,39,98,0
10028,40,98,0
10029,39,99,0
10030,39,99,0
10031,40,97,0
10032,40,98,0
10033,39,98,0
10034,40,100,0
10035,39,97,0
10036,39,99,0
10037,40,97,0
10038,40,97,0
10039,40,99,0
10040,40,100,0
10041,40,98,0
10042,39,99,0
10043,39,101,0
10044,39,96,0
10045,40,100,0
10046,40,99,0
10047,40,97,0
10048,39,99,0
10049,39,99,0
10050,40,99,0
10051,41,97,0
10052,39,100,0
10053,39,99,0
10054,40,99,0
10055,39,97,0
10056,39,97,0
10057,39,99,0
10058,39,101,0
10059,39,98,0
10060,39,98,0
10061,40,98,0
10062,39,99,0
10063,39,99,0
10064,39,99,0
10065,39,99,0
10066,41,99,0
10067,40,99,0
10068,38,100,0
10069,39,98,0
10070,40,100,0
10071,39,99,0
10072,40,99,0
10073,38,98,0
10074,39,96,0
10075,39,98,0
10076,39,98,0
10077,39,98,0
10078,38,96,0
10079,39,96,0
10080,40,97,0
10081,38,99,0
10082,39,99,0
10083,40,97,0
10084,39,101,0
10085,40,100,0
10086,38,97,0
10087,38,101,0
10088,40,98,0
10089,39,98,0
10090,39,100,0
10091,40,101,0
10092,40,98,0
10093,39,100,0
10094,39,97,0
10095,39,99,0
10096,39,98,0
10097,39,100,0
10098,38,100,0
10099,40,97,0
10100,39,98,0
10101,40,100,0
10102,40,99,0
10103,39,97,0
10104,39,97,0
10105,38,99,0
10106,39,97,0
10107,39,99,0
10108,39,97,0
10109,39,97,0
10110,39,99,0
10111,39,99,0
10112,38,99,0
10113,40,100,0
10114,39,98,0
10115,39,98,0
10116,39,96,0
10117,39,98,0
10118,40,98,0
10119,40,96,0
10120,40,96,0
10121,40,100,0
10122,39,99,0
10123,39,99,0
10124,39,101,0
10125,39,98,0
10126,39,98,0
10127,40,98,0
10128,39,96,0
10129,40,98,0
10130,39,98,0
10131,40,98,0
10132,40,100,0
10133,39,101,0
10134,39,98,0
10135,39,100,0
10136,39,97,0
10137,39,101,0
10138,39,100,0
10139,39,96,0
10140,39,100,0
10141,39,99,0
10142,40,97,0
10143,39,97,0
10144,40,97,0
10145,40,97,0
10146,38,97,0
10147,40,98,0
10148,39,98,0
10149,40,96,0
10150,39,98,0
10151,39,100,0
10152,38,97,0
10153,39,99,0
10154,39,99,0
10155,40,101,0
10156,39,99,0
10157,40,95,0
10158,39,100,0
10159,40,98,0
10160,40,100,0
10161,40,95,0
10162,40,101,0
10163,40,98,0
10164,40,100,0
10165,39,96,0
10166,39,100,0
10167,39,96,0
10168,40,97,0
10169,40,98,0
10170,40,98,0
10171,41,99,0
10172,40,99,0
10173,40,99,0
10174,40,99,0
10175,40,99,0
10176,40,97,0
10177,40,97,0
10178,40,99,0
10179,38,97,0
10180,38,100,0
10181,39,100,0
10182,39,99,0
10183,41,97,0
10184,39,99,0
10185,39,100,0
10186,40,98,0
10187,40,100,0
10188,39,101,0
10189,40,98,0
10190,40,98,0
10191,40,98,0
10192,39,99,0
10193,41,100,0
10194,38,98,0
10195,39,100,0
10196,39,97,0
10197,40,101,0
10198,39,99,0
10199,40,97,0
10200,39,98,0
10201,40,98,0
10202,38,99,0
10203,39,99,0
10204,39,99,0
10205,39,98,0
10206,39,98,0
10207,40,98,0
10208,40,96,0
10209,39,98,0
10210,39,98,0
10211,39,98,0
10212,39,98,0
10213,39,96,0
10214,39,97,0
10215,39,101,0
10216,40,99,0
10217,39,98,0
10218,40,98,0
10219,39,102,0
10220,41,98,0
10221,39,98,0
10222,40,99,0
10223,40,97,0
10224,40,99,0
10225,40,97,0
10226,40,97,0
10227,41,101,0
10228,40,98,0
10229,39,98,0
10230,39,98,0
10231,39,98,0
10232,39,100,0
10233,39,99,0
10234,40,95,0
10235,40,97,0
10236,40,99,0
10237,41,97,0
10238,40,97,0
10239,40,100,0
10240,39,98,0
10241,39,96,0
10242,39,98,0
10243,40,100,0
10244,40,99,0
10245,39,100,0
10246,40,98,0
10247,39,98,0
10248,39,100,0
10249,39,97,0
10250,39,99,0
10251,39,97,0
10252,40,97,0
10253,41,100,0
10254,40,100,0
10255,39,101,0
10256,39,98,0
10257,39,98,0
10258,39,100,0
10259,39,100,0
10260,38,98,0
10261,39,98,0
10262,40,98,0
10263,39,100,0
10264,39,97,0
10265,39,99,0
10266,39,98,0
10267,39,96,0
10268,39,97,0
10269,39,99,0
10270,39,99,0
10271,39,99,0
10272,39,99,0
10273,39,99,0
10274,41,97,0
10275,40,97,0
10276,40,97,0
10277,39,97,0
10278,39,97,0
10279,39,99,0
10280,39,99,0
10281,40,97,0
10282,38,97,0
10283,38,101,0
10284,40,100,0
10285,39,99,0
10286,39,97,0
10287,40,99,0
10288,39,97,0
10289,39,97,0
10290,38,99,0
10291,38,99,0
10292,39,101,0
10293,39,100,0
10294,39,99,0
10295,40,97,0
10296,39,97,0
10297,38,97,0
10298,39,99,0
10299,40,95,0
10300,40,97,0
10301,41,99,0
10302,40,97,0
10303,40,97,0
10304,41,97,0
10305,64,100,0
10306,39,96,0
10307,40,99,0
10308,39,99,0
10309,38,98,0
10310,39,98,0
10311,40,99,0
10312,39,99,0
10313,40,100,0
10314,40,99,0
10315,40,98,0
10316,40,98,0
10317,38,100,0
10318,38,98,0
10319,40,100,0
10320,39,99,0
10321,39,97,0
10322,39,95,0
10323,40,98,0
10324,39,98,0
10325,40,100,0
10326,39,99,0
10327,39,99,0
10328,40,97,0
10329,39,96,0
10330,40,98,0
10331,40,100,0
10332,38,101,0
10333,40,100,0
10334,41,101,0
10335,38,99,0
10336,39,98,0
10337,40,96,0
10338,39,99,0
10339,40,97,0
10340,39,99,0
10341,40,97,0
10342,40,100,0
10343,39,100,0
10344,39,97,0
10345,39,98,0
10346,40,97,0
10347,41,101,0
10348,40,100,0
10349,40,97,0
10350,40,98,0
10351,39,98,0
10352,41,100,0
10353,39,95,0
10354,39,97,0
10355,39,97,0
10356,39,101,0
10357,40,100,0
10358,39,98,0
10359,40,101,0
10360,38,98,0
10361,40,98,0
10362,40,100,0
10363,40,101,0
10364,40,100,0
10365,40,101,0
10366,41,101,0
10367,38,99,0
10368,39,96,0
10369,40,98,0
10370,40,96,0
10371,37,100,0
10372,39,99,0
10373,40,101,0
10374,39,98,0
10375,38,98,0
10376,39,98,0
10377,38,97,0
10378,39,97,0
10379,39,99,0
10380,40,101,0
10381,39,100,0
10382,39,99,0
10383,38,99,0
10384,40,95,0
10385,40,99,0
10386,40,97,0
10387,39,97,0
10388,40,97,0
10389,39,97,0
10390,38,99,0
10391,39,98,0
10392,39,98,0
10393,40,98,0
10394,39,98,0
10395,39,98,0
10396,39,98,0
10397,39,98,0
10398,40,98,0
10399,39,98,0
10400,40,98,0
10401,40,100,0
10402,39,101,0
10403,39,100,0
10404,40,97,0
10405,39,98,0
10406,40,98,0
10407,40,100,0
10408,39,99,0
10409,39,101,0
10410,40,96,0
10411,39,96,0
10412,39,96,0
10413,39,100,0
10414,40,96,0
10415,39,100,0
10416,40,95,0
10417,40,97,0
10418,38,97,0
10419,39,97,0
10420,38,101,0
10421,40,100,0
10422,41,99,0
10423,39,99,0
10424,38,99,0
10425,39,99,0
10426,40,99,0
10427,39,99,0
10428,39,97,0
10429,39,99,0
10430,39,97,0
10431,41,99,0
10432,39,97,0
10433,39,99,0
10434,38,99,0
10435,39,101,0
10436,40,98,0
10437,41,98,0
10438,40,96,0
10439,39,96,0
10440,40,96,0
10441,38,100,0
10442,39,97,0
10443,39,99,0
10444,38,99,0
10445,38,101,0
10446,40,98,0
10447,40,98,0
10448,39,96,0
10449,39,98,0
10450,40,98,0
10451,40,98,0
10452,38,98,0
10453,39,98,0
10454,40,98,0
10455,39,98,0
10456,39,98,0
10457,39,99,0
10458,40,101,0
10459,40,100,0
10460,39,99,0
10461,40,97,0
10462,39,97,0
10463,39,99,0
10464,40,97,0
10465,39,101,0
10466,39,98,0
10467,40,100,0
10468,40,99,0
10469,40,99,0
10470,41,97,0
10471,39,99,0
10472,39,95,0
10473,39,101,0
10474,39,98,0
10475,39,100,0
10476,39,101,0
10477,38,98,0
10478,40,96,0
10479,40,98,0
10480,39,100,0
10481,40,97,0
10482,39,97,0
10483,40,99,0
10484,40,99,0
10485,40,97,0
10486,41,99,0
10487,40,97,0
10488,38,99,0
10489,39,101,0
10490,39,100,0
10491,40,97,0
10492,39,101,0
10493,39,98,0
10494,39,96,0
10495,39,100,0
10496,39,98,0
10497,41,100,0
10498,39,99,0
10499,41,99,0
10500,40,98,0
10501,40,98,0
10502,40,98,0
10503,40,98,0
10504,40,98,0
10505,40,98,0
10506,40,98,0
10507,39,97,0
10508,39,101,0
10509,39,98,0
10510,39,98,0
10511,39,100,0
10512,40,97,0
10513,39,99,0
10514,40,101,0
10515,38,99,0
10516,39,98,0
10517,39,98,0
10518,40,96,0
10519,39,96,0
10520,40,98,0
10521,39,98,0
10522,39,98,0
10523,38,98,0
10524,39,98,0
10525,39,98,0
10526,39,98,0
10527,39,98,0
10528,39,96,0
10529,41,99,0
10530,39,99,0
10531,38,99,0
10532,39,99,0
10533,39,99,0
10534,39,97,0
10535,39,99,0
10536,41,97,0
10537,40,99,0
10538,39,97,0
10539,40,98,0
10540,40,100,0
10541,40,100,0
10542,39,99,0
10543,40,98,0
10544,39,100,0
10545,39,97,0
10546,40,99,0
10547,39,99,0
10548,40,99,0
10549,39,101,0
10550,40,98,0
10551,40,98,0
10552,40,98,0
10553,40,98,0
10554,39,100,0
10555,40,99,0
10556,39,98,0
10557,40,98,0
10558,39,98,0
10559,40,98,0
10560,40,98,0
10561,39,100,0
10562,39,97,0
10563,40,97,0
10564,40,97,0
10565,39,99,0
10566,40,101,0
10567,39,100,0
10568,40,97,0
10569,41,97,0
10570,39,99,0
10571,40,99,0
10572,41,97,0
10573,39,101,0
10574,40,98,0
10575,40,98,0
10576,39,98,0
10577,40,98,0
10578,39,98,0
10579,40,97,0
10580,40,99,0
10581,40,99,0
10582,40,99,0
10583,39,99,0
10584,38,97,0
10585,40,99,0
10586,39,97,0
10587,41,97,0
10588,39,101,0
10589,40,100,0
10590,39,99,0
10591,39,99,0
10592,39,99,0
10593,47,101,0
10594,39,97,0
10595,39,96,0
10596,39,98,0
10597,39,98,0
10598,39,97,0
10599,39,99,0
10600,39,98,0
10601,40,100,0
10602,39,99,0
10603,39,99,0
10604,38,98,0
10605,38,100,0
10606,39,97,0
10607,40,101,0
10608,39,98,0
10609,39,98,0
10610,40,100,0
10611,39,95,0
10612,39,99,0
10613,41,99,0
10614,39,98,0
10615,38,96,0
10616,39,100,0
10617,41,99,0
10618,39,101,0
10619,40,98,0
10620,40,100,0
10621,40,97,0
10622,38,99,0
10623,39,99,0
10624,40,97,0
10625,39,97,0
10626,39,101,0
10627,40,98,0
10628,40,98,0
10629,40,98,0
10630,40,101,0
10631,40,99,0
10632,39,97,0
10633,39,100,0
10634,38,100,0
10635,40,97,0
10636,39,101,0
10637,39,98,0
10638,40,100,0
10639,39,98,0
10640,39,100,0
10641,39,98,0
10642,40,100,0
10643,39,99,0
10644,39,99,0
10645,39,97,0
10646,39,100,0
10647,40,96,0
10648,40,98,0
10649,39,97,0
10650,40,101,0
10651,38,98,0
10652,39,96,0
10653,39,99,0
10654,39,101,0
10655,40,100,0
10656,39,96,0
10657,39,100,0
10658,39,101,0
10659,40,98,0
10660,40,96,0
10661,39,99,0
10662,39,97,0
10663,39,99,0
10664,39,99,0
10665,39,99,0
10666,38,101,0
10667,39,96,0
10668,40,96,0
10669,40,96,0
10670,39,98,0
10671,39,96,0
10672,39,98,0
10673,40,98,0
10674,40,96,0
10675,40,100,0
10676,40,98,0
10677,40,98,0
10678,39,98,0
10679,40,96,0
10680,40,100,0
10681,39,99,0
10682,39,97,0
10683,40,99,0
10684,39,97,0
10685,39,101,0
10686,39,96,0
10687,39,98,0
10688,39,98,0
10689,40,96,0
10690,40,98,0
10691,40,98,0
10692,39,98,0
10693,39,98,0
10694,40,98,0
10695,40,100,0
10696,38,101,0
10697,38,98,0
10698,39,100,0
10699,39,98,0
10700,40,98,0
10701,40,98,0
10702,40,100,0
10703,38,99,0
10704,40,99,0
10705,39,101,0
10706,40,96,0
10707,39,96,0
10708,40,96,0
10709,39,96,0
10710,40,98,0
10711,40,98,0
10712,39,100,0
10713,40,101,0
10714,40,97,0
10715,39,99,0
10716,39,99,0
10717,39,99,0
10718,39,100,0
10719,40,98,0
10720,38,98,0
10721,38,98,0
10722,39,98,0
10723,40,98,0
10724,39,98,0
10725,39,100,0
10726,40,99,0
10727,39,97,0
10728,38,99,0
10729,40,99,0
10730,39,99,0
10731,39,99,0
10732,39,99,0
10733,38,99,0
10734,40,97,0
10735,39,101,0
10736,40,98,0
10737,40,98,0
10738,40,100,0
10739,39,100,0
10740,40,99,0
10741,41,97,0
10742,40,99,0
10743,39,97,0
10744,39,99,0
10745,40,98,0
10746,40,98,0
10747,39,96,0
10748,39,98,0
10749,40,96,0
10750,40,100,0
10751,40,98,0
10752,39,98,0
10753,39,98,0
10754,39,100,0
10755,40,101,0
10756,40,96,0
10757,39,98,0
10758,39,98,0
10759,39,98,0
10760,39,100,0
10761,40,17070,0
10762,65,115,0
10763,40,97,0
10764,39,101,0
10765,39,98,0
10766,39,97,0
10767,41,98,0
10768,38,100,0
10769,40,98,0
10770,39,100,0
10771,39,99,0
10772,38,98,0
10773,39,96,0
10774,40,99,0
10775,40,99,0
10776,39,99,0
10777,41,99,0
10778,40,97,0
10779,39,98,0
10780,39,98,0
10781,38,98,0
10782,40,100,0
10783,40,97,0
10784,40,97,0
10785,39,96,0
10786,40,100,0
10787,39,97,0
10788,38,97,0
10789,39,100,0
10790,38,99,0
10791,39,99,0
10792,41,95,0
10793,39,97,0
10794,39,98,0
10795,39,98,0
10796,39,98,0
10797,38,100,0
10798,39,99,0
10799,40,101,0
10800,39,97,0
10801,39,98,0
10802,39,100,0
10803,39,96,0
10804,40,100,0
10805,40,99,0
10806,40,99,0
10807,39,97,0
10808,41,97,0
10809,39,99,0
10810,41,97,0
10811,39,97,0
10812,38,97,0
10813,40,98,0
10814,39,96,0
10815,40,100,0
10816,39,96,0
10817,39,98,0
10818,39,98,0
10819,40,99,0
10820,39,99,0
10821,40,97,0
10822,39,97,0
10823,39,99,0
10824,40,97,0
10825,39,97,0
10826,40,97,0
10827,40,97,0
10828,39,97,0
10829,41,99,0
10830,39,99,0
10831,39,100,0
10832,39,100,0
10833,40,97,0
10834,39,101,0
10835,39,100,0
10836,40,99,0
10837,40,101,0
10838,40,100,0
10839,39,98,0
10840,39,100,0
10841,39,101,0
10842,40,98,0
10843,39,98,0
10844,40,100,0
10845,39,101,0
10846,40,98,0
10847,39,98,0
10848,39,97,0
10849,40,99,0
10850,39,99,0
10851,40,101,0
10852,39,96,0
10853,39,98,0
10854,38,100,0
10855,40,101,0
10856,40,96,0
10857,40,98,0
10858,39,98,0
10859,39,96,0
10860,39,98,0
10861,40,98,0
10862,39,100,0
10863,40,99,0
10864,41,97,0
10865,39,101,0
10866,40,98,0
10867,40,98,0
10868,38,99,0
10869,39,97,0
10870,39,97,0
10871,39,97,0
10872,39,99,0
10873,39,97,0
10874,39,97,0
10875,39,97,0
10876,40,101,0
10877,39,96,0
10878,39,98,0
10879,39,99,0
10880,62,102,0
10881,40,97,0
10882,38,96,0
10883,38,95,0
10884,39,97,0
10885,39,98,0
10886,39,100,0
10887,40,98,0
10888,40,100,0
10889,41,99,0
10890,39,95,0
10891,39,100,0
10892,40,97,0
10893,39,99,0
10894,40,96,0
10895,40,98,0
10896,40,99,0
10897,39,99,0
10898,39,97,0
10899,40,99,0
10900,40,95,0
10901,38,97,0
10902,39,100,0
10903,39,98,0
10904,38,97,0
10905,39,99,0
10906,38,99,0
10907,40,99,0
10908,40,97,0
10909,41,99,0
10910,39,99,0
10911,39,95,0
10912,39,96,0
10913,39,96,0
10914,39,98,0
10915,38,98,0
10916,39,100,0
10917,38,97,0
10918,39,99,0
10919,39,97,0
10920,39,97,0
10921,40,97,0
10922,40,99,0
10923,41,97,0
10924,40,98,0
10925,40,98,0
10926,39,100,0
10927,40,99,0
10928,40,99,0
10929,40,97,0
10930,38,99,0
10931,39,97,0
10932,40,101,0
10933,40,98,0
10934,39,98,0
10935,39,98,0
10936,40,97,0
10937,40,99,0
10938,39,97,0
10939,40,97,0
10940,39,99,0
10941,39,99,0
10942,39,101,0
10943,40,98,0
10944,40,100,0
10945,39,99,0
10946,40,97,0
10947,39,97,0
10948,39,101,0
10949,39,98,0
10950,40,98,0
10951,39,100,0
10952,39,97,0
10953,39,101,0
10954,40,100,0
10955,40,97,0
10956,40,97,0
10957,40,101,0
10958,39,98,0
10959,40,98,0
10960,39,99,0
10961,39,97,0
10962,40,97,0
10963,39,99,0
10964,39,99,0
10965,38,99,0
10966,39,101,0
10967,39,98,0
10968,39,98,0
10969,39,98,0
10970,39,100,0
10971,39,99,0
10972,39,99,0
10973,40,99,0
10974,40,99,0
10975,39,101,0
10976,39,98,0
10977,41,98,0
10978,40,100,0
10979,40,99,0
10980,39,99,0
10981,39,99,0
10982,40,97,0
10983,40,100,0
10984,39,98,0
10985,38,98,0
10986,39,96,0
10987,40,98,0
10988,39,98,0
10989,39,98,0
10990,39,98,0
10991,39,97,0
10992,39,99,0
10993,40,99,0
10994,39,99,0
10995,40,97,0
10996,40,97,0
10997,40,97,0
10998,39,97,0
10999,41,99,0
11000,39,98,0
11001,39,98,0
11002,39,98,0
11003,40,98,0
11004,39,98,0
11005,40,98,0
11006,40,98,0
11007,39,98,0
11008,39,98,0
11009,39,98,0
11010,40,98,0
11011,39,96,0
11012,39,98,0
11013,39,98,0
11014,40,98,0
11015,39,98,0
11016,39,97,0
11017,39,99,0
11018,39,97,0
11019,40,97,0
11020,38,97,0
11021,39,99,0
11022,39,99,0
11023,40,97,0
11024,40,99,0
11025,40,97,0
11026,40,97,0
11027,39,99,0
11028,38,99,0
11029,40,99,0
11030,39,99,0
11031,40,97,0
11032,39,98,0
11033,39,98,0
11034,40,99,0
11035,39,99,0
11036,39,97,0
11037,40,97,0
11038,40,99,0
11039,40,101,0
11040,39,98,0
11041,39,96,0
11042,39,100,0
11043,39,99,0
11044,39,97,0
11045,40,97,0
11046,39,97,0
11047,40,97,0
11048,39,99,0
11049,39,97,0
11050,39,101,0
11051,40,97,0
11052,38,98,0
11053,38,100,0
11054,39,98,0
11055,39,100,0
11056,39,99,0
11057,40,97,0
11058,39,99,0
11059,41,97,0
11060,40,99,0
11061,41,97,0
11062,39,100,0
11063,38,96,0
11064,38,98,0
11065,40,99,0
11066,39,97,0
11067,39,97,0
11068,38,100,0
11069,39,101,0
11070,39,98,0
11071,39,96,0
11072,40,98,0
11073,39,98,0
11074,39,98,0
11075,40,100,0
11076,40,99,0
11077,39,101,0
11078,40,98,0
11079,39,100,0
11080,39,99,0
11081,40,99,0
11082,39,100,0
11083,38,98,0
11084,38,96,0
11085,40,97,0
11086,40,97,0
11087,39,97,0
11088,39,97,0
11089,39,100,0
11090,38,100,0
11091,40,99,0
11092,40,95,0
11093,39,98,0
11094,39,98,0
11095,39,100,0
11096,40,98,0
11097,39,100,0
11098,39,97,0
11099,41,97,0
11100,38,98,0
11101,39,98,0
11102,40,100,0
11103,39,97,0
11104,39,97,0
11105,40,97,0
11106,39,97,0
11107,40,99,0
11108,40,97,0
11109,40,97,0
11110,39,99,0
11111,40,99,0
11112,39,101,0
11113,40,100,0
11114,40,97,0
11115,41,99,0
11116,40,97,0
11117,40,97,0
11118,40,101,0
11119,40,98,0
11120,40,98,0
11121,39,98,0
11122,39,98,0
11123,38,98,0
11124,39,96,0
11125,38,98,0
11126,39,100,0
11127,41,99,0
11128,39,99,0
11129,40,97,0
11130,38,99,0
11131,39,97,0
11132,40,97,0
11133,39,99,0
11134,39,99,0
11135,39,97,0
11136,39,97,0
11137,40,99,0
11138,39,100,0
11139,39,96,0
11140,39,98,0
11141,39,98,0
11142,40,96,0
11143,40,98,0
11144,40,100,0
11145,39,99,0
11146,40,97,0
11147,39,101,0
11148,39,98,0
11149,40,96,0
11150,39,98,0
11151,39,98,0
11152,40,100,0
11153,41,97,0
11154,39,99,0
11155,40,99,0
11156,38,97,0
11157,40,97,0
11158,38,101,0
11159,39,98,0
11160,40,98,0
11161,40,96,0
11162,40,100,0
11163,39,101,0
11164,39,98,0
11165,40,102,0
11166,39,99,0
11167,39,99,0
11168,40,97,0
11169,63,108,0
11170,38,97,0
11171,39,98,0
11172,39,97,0
11173,39,101,0
11174,38,98,0
11175,40,97,0
11176,39,99,0
11177,40,100,0
11178,39,99,0
11179,39,99,0
11180,39,100,0
11181,40,97,0
11182,40,99,0
11183,38,98,0
11184,39,98,0
11185,39,98,0
11186,39,98,0
11187,39,98,0
11188,40,102,0
11189,38,97,0
11190,39,100,0
11191,40,99,0
11192,39,97,0
11193,39,98,0
11194,40,100,0
11195,40,99,0
11196,40,99,0
11197,40,99,0
11198,39,101,0
11199,39,100,0
11200,41,97,0
11201,39,95,0
11202,40,100,0
11203,40,97,0
11204,39,97,0
11205,40,98,0
11206,40,98,0
11207,39,98,0
11208,40,99,0
11209,40,99,0
11210,40,99,0
11211,39,101,0
11212,39,98,0
11213,39,100,0
11214,40,97,0
11215,39,99,0
11216,39,99,0
11217,38,97,0
11218,39,100,0
11219,40,100,0
11220,39,99,0
11221,39,97,0
11222,39,97,0
11223,40,100,0
11224,39,100,0
11225,39,101,0
11226,39,98,0
11227,39,98,0
11228,40,98,0
11229,39,98,0
11230,39,100,0
11231,39,99,0
11232,41,97,0
11233,39,97,0
11234,40,98,0
11235,40,98,0
11236,39,98,0
11237,40,100,0
11238,38,99,0
11239,39,101,0
11240,39,98,0
11241,40,98,0
11242,39,100,0
11243,38,99,0
11244,40,97,0
11245,40,97,0
11246,40,97,0
11247,39,97,0
11248,39,97,0
11249,41,98,0
11250,40,98,0
11251,40,100,0
11252,40,99,0
11253,38,97,0
11254,39,101,0
11255,40,100,0
11256,40,98,0
11257,39,99,0
11258,40,97,0
11259,39,99,0
11260,39,97,0
11261,39,97,0
11262,40,99,0
11263,38,97,0
11264,38,98,0
11265,38,100,0
11266,38,97,0
11267,40,99,0
11268,40,97,0
11269,40,99,0
11270,40,97,0
11271,39,97,0
11272,39,98,0
11273,39,98,0
11274,39,100,0
11275,40,96,0
11276,40,99,0
11277,39,97,0
11278,39,97,0
11279,39,97,0
11280,39,99,0
11281,40,101,0
11282,40,100,0
11283,40,101,0
11284,40,97,0
11285,39,98,0
11286,40,96,0
11287,39,98,0
11288,39,96,0
11289,39,100,0
11290,40,97,0
11291,40,97,0
11292,40,97,0
11293,40,101,0
11294,40,96,0
11295,39,98,0
11296,38,98,0
11297,40,98,0
11298,40,98,0
11299,40,100,0
11300,39,101,0
11301,40,100,0
11302,40,99,0
11303,40,99,0
11304,40,101,0
11305,39,96,0
11306,40,98,0
11307,39,98,0
11308,39,98,0
11309,39,100,0
11310,40,97,0
11311,40,99,0
11312,39,99,0
11313,40,97,0
11314,39,101,0
11315,39,98,0
11316,39,98,0
11317,38,100,0
11318,38,99,0
11319,41,99,0
11320,40,101,0
11321,39,98,0
11322,39,99,0
11323,41,97,0
11324,39,100,0
11325,39,98,0
11326,39,98,0
11327,39,100,0
11328,40,95,0
11329,39,99,0
11330,41,97,0
11331,40,98,0
11332,39,98,0
11333,39,98,0
11334,39,100,0
11335,40,99,0
11336,39,99,0
11337,39,101,0
11338,39,98,0
11339,40,98,0
11340,40,96,0
11341,39,98,0
11342,40,98,0
11343,40,98,0
11344,40,102,0
11345,40,99,0
11346,40,97,0
11347,39,99,0
11348,40,99,0
11349,40,101,0
11350,39,98,0
11351,39,98,0
11352,38,100,0
11353,39,97,0
11354,39,97,0
11355,40,97,0
11356,41,97,0
11357,40,97,0
11358,38,97,0
11359,39,95,0
11360,38,101,0
11361,40,100,0
11362,40,99,0
11363,39,99,0
11364,39,97,0
11365,40,97,0
11366,38,99,0
11367,39,97,0
11368,39,101,0
11369,39,98,0
11370,39,100,0
11371,39,101,0
11372,39,99,0
11373,40,98,0
11374,40,100,0
11375,39,98,0
11376,39,100,0
11377,39,97,0
11378,39,99,0
11379,39,97,0
11380,39,101,0
11381,38,98,0
11382,40,96,0
11383,40,100,0
11384,39,99,0
11385,39,99,0
11386,38,99,0
11387,39,97,0
11388,39,99,0
11389,38,98,0
11390,40,98,0
11391,39,100,0
11392,39,97,0
11393,39,97,0
11394,39,97,0
11395,38,100,0
11396,39,97,0
11397,41,99,0
11398,39,101,0
11399,40,100,0
11400,41,99,0
11401,40,101,0
11402,39,97,0
11403,39,101,0
11404,40,100,0
11405,39,101,0
11406,41,98,0
11407,39,96,0
11408,39,98,0
11409,39,98,0
11410,38,98,0
11411,40,96,0
11412,38,98,0
11413,40,96,0
11414,40,98,0
11415,40,100,0
11416,40,97,0
11417,39,97,0
11418,40,97,0
11419,40,97,0
11420,39,97,0
11421,39,97,0
11422,41,97,0
11423,41,99,0
11424,41,99,0
11425,40,97,0
11426,39,99,0
11427,41,95,0
11428,39,98,0
11429,40,96,0
11430,40,98,0
11431,39,98,0
11432,39,98,0
11433,40,100,0
11434,39,98,0
11435,39,100,0
11436,40,99,0
11437,39,97,0
11438,40,99,0
11439,38,99,0
11440,39,99,0
11441,40,99,0
11442,41,97,0
11443,41,97,0
11444,39,97,0
11445,40,98,0
11446,40,100,0
11447,38,98,0
11448,39,100,0
11449,39,99,0
11450,39,97,0
11451,39,97,0
11452,38,97,0
11453,40,97,0
11454,39,99,0
11455,39,97,0
11456,38,96,0
11457,64,99,0
11458,38,98,0
11459,40,97,0
11460,39,98,0
11461,39,98,0
11462,39,99,0
11463,40,98,0
11464,38,98,0
11465,40,97,0
11466,39,97,0
11467,40,96,0
11468,40,98,0
11469,40,97,0
11470,41,99,0
11471,39,100,0
11472,39,98,0
11473,39,97,0
11474,39,99,0
11475,40,95,0
11476,41,97,0
11477,38,98,0
11478,39,100,0
11479,40,101,0
11480,40,99,0
11481,40,98,0
11482,39,100,0
11483,40,97,0
11484,40,99,0
11485,41,101,0
11486,39,96,0
11487,40,97,0
11488,39,99,0
11489,39,99,0
11490,38,98,0
11491,39,98,0
11492,39,96,0
11493,39,96,0
11494,40,96,0
11495,39,98,0
11496,39,97,0
11497,40,99,0
11498,39,97,0
11499,39,99,0
11500,40,97,0
11501,40,95,0
11502,38,98,0
11503,39,98,0
11504,39,96,0
11505,39,96,0
11506,40,98,0
11507,39,100,0
11508,40,95,0
11509,39,97,0
11510,39,98,0
11511,40,96,0
11512,38,98,0
11513,38,96,0
11514,39,98,0
11515,38,98,0
11516,39,100,0
11517,40,99,0
11518,40,97,0
11519,39,99,0
11520,38,98,0
11521,40,98,0
11522,39,98,0
11523,40,98,0
11524,40,98,0
11525,40,100,0
11526,39,97,0
11527,40,97,0
11528,39,99,0
11529,39,98,0
11530,39,98,0
11531,39,96,0
11532,40,96,0
11533,39,100,0
11534,39,97,0
11535,39,97,0
11536,40,97,0
11537,40,97,0
11538,39,97,0
11539,39,97,0
11540,40,95,0
11541,40,97,0
11542,39,97,0
11543,40,99,0
11544,39,99,0
11545,39,99,0
11546,39,97,0
11547,39,95,0
11548,41,101,0
11549,39,98,0
11550,40,96,0
11551,39,96,0
11552,39,98,0
11553,39,98,0
11554,39,98,0
11555,40,100,0
11556,39,97,0
11557,38,97,0
11558,40,99,0
11559,39,99,0
11560,40,99,0
11561,39,97,0
11562,39,97,0
11563,39,97,0
11564,38,97,0
11565,38,97,0
11566,39,99,0
11567,39,97,0
11568,40,99,0
11569,40,98,0
11570,39,98,0
11571,39,98,0
11572,39,98,0
11573,38,98,0
11574,40,98,0
11575,39,98,0
11576,38,98,0
11577,39,100,0
11578,39,97,0
11579,40,99,0
11580,38,99,0
11581,39,99,0
11582,39,101,0
11583,39,98,0
11584,38,98,0
11585,39,95,0
11586,40,95,0
11587,41,97,0
11588,39,98,0
11589,39,96,0
11590,39,98,0
11591,38,98,0
11592,40,98,0
11593,39,98,0
11594,38,98,0
11595,40,98,0
11596,39,98,0
11597,39,98,0
11598,38,98,0
11599,40,98,0
11600,39,100,0
11601,39,97,0
11602,39,99,0
11603,40,99,0
11604,38,99,0
11605,39,97,0
11606,39,97,0
11607,39,99,0
11608,39,101,0
11609,38,98,0
11610,39,100,0
11611,39,98,0
11612,40,98,0
11613,39,98,0
11614,39,98,0
11615,39,98,0
11616,39,98,0
11617,39,98,0
11618,39,98,0
11619,39,98,0
11620,39,98,0
11621,39,98,0
11622,39,96,0
11623,39,96,0
11624,39,100,0
11625,40,97,0
11626,39,97,0
11627,38,99,0
11628,39,99,0
11629,40,99,0
11630,39,99,0
11631,40,97,0
11632,40,97,0
11633,39,99,0
11634,39,99,0
11635,40,95,0
11636,41,97,0
11637,39,97,0
11638,40,98,0
11639,39,96,0
11640,40,98,0
11641,40,98,0
11642,39,96,0
11643,38,98,0
11644,39,98,0
11645,39,96,0
11646,38,98,0
11647,38,96,0
11648,39,96,0
11649,38,98,0
11650,40,98,0
11651,40,97,0
11652,40,101,0
11653,39,101,0
11654,40,100,0
11655,40,101,0
11656,39,96,0
11657,39,98,0
11658,39,98,0
11659,40,96,0
11660,40,96,0
11661,39,98,0
11662,39,102,0
11663,38,97,0
11664,40,95,0
11665,40,97,0
11666,40,97,0
11667,38,99,0
11668,39,99,0
11669,41,97,0
11670,39,98,0
11671,39,100,0
11672,39,101,0
11673,40,100,0
11674,39,99,0
11675,40,99,0
11676,40,101,0
11677,38,100,0
11678,39,101,0
11679,41,97,0
11680,39,98,0
11681,39,100,0
11682,40,97,0
11683,40,97,0
11684,39,99,0
11685,39,100,0
11686,39,100,0
11687,38,99,0
11688,39,98,0
11689,39,100,0
11690,41,99,0
11691,40,99,0
11692,40,97,0
11693,39,99,0
11694,38,97,0
11695,39,99,0
11696,40,97,0
11697,41,99,0
11698,39,101,0
11699,39,96,0
11700,39,96,0
11701,39,100,0
11702,40,99,0
11703,40,99,0
11704,40,97,0
11705,41,97,0
11706,39,99,0
11707,40,97,0
11708,39,101,0
11709,39,98,0
11710,39,100,0
11711,39,97,0
11712,39,99,0
11713,40,99,0
11714,39,99,0
11715,39,99,0
11716,40,99,0
11717,41,97,0
11718,39,97,0
11719,38,99,0
11720,39,97,0
11721,40,97,0
11722,40,99,0
11723,39,99,0
11724,40,97,0
11725,39,97,0
11726,39,97,0
11727,39,97,0
11728,40,98,0
11729,39,97,0
11730,39,98,0
11731,40,98,0
11732,39,98,0
11733,39,98,0
11734,39,98,0
11735,38,98,0
11736,40,98,0
11737,40,98,0
11738,39,98,0
11739,38,98,0
11740,40,100,0
11741,38,100,0
11742,38,99,0
11743,39,99,0
11744,39,97,0
11745,40,95,0
11746,40,97,0
11747,64,102,0
11748,40,96,0
11749,39,99,0
11750,40,98,0
11751,38,98,0
11752,39,97,0
11753,40,97,0
11754,40,100,0
11755,40,97,0
11756,39,98,0
11757,40,96,0
11758,40,100,0
11759,40,100,0
11760,39,99,0
11761,39,101,0
11762,39,98,0
11763,40,104,0
11764,40,99,0
11765,39,100,0
11766,39,98,0
11767,40,100,0
11768,39,101,0
11769,40,98,0
11770,38,96,0
11771,40,99,0
11772,39,97,0
11773,39,100,0
11774,40,98,0
11775,40,99,0
11776,38,101,0
11777,40,98,0
11778,39,98,0
11779,40,97,0
11780,40,97,0
11781,40,97,0
11782,39,98,0
11783,39,98,0
11784,39,98,0
11785,39,98,0
11786,39,100,0
11787,39,99,0
11788,38,99,0
11789,40,100,0
11790,40,99,0
11791,39,97,0
11792,39,98,0
11793,39,98,0
11794,40,98,0
11795,39,97,0
11796,39,99,0
11797,39,99,0
11798,39,99,0
11799,39,99,0
11800,40,97,0
11801,39,99,0
11802,40,97,0
11803,40,97,0
11804,40,99,0
11805,39,99,0
11806,40,97,0
11807,40,97,0
11808,41,97,0
11809,40,95,0
11810,40,95,0
11811,40,96,0
11812,39,98,0
11813,39,98,0
11814,39,98,0
11815,38,98,0
11816,38,100,0
11817,40,97,0
11818,40,99,0
11819,39,101,0
11820,39,98,0
11821,40,98,0
11822,39,99,0
11823,38,97,0
11824,39,99,0
11825,41,97,0
11826,39,101,0
11827,40,96,0
11828,39,98,0
11829,40,96,0
11830,39,98,0
11831,39,100,0
11832,39,99,0
11833,39,101,0
11834,40,100,0
11835,40,101,0
11836,40,99,0
11837,39,100,0
11838,39,98,0
11839,39,96,0
11840,40,97,0
11841,39,97,0
11842,39,101,0
11843,39,98,0
11844,39,100,0
11845,40,101,0
11846,40,97,0
11847,40,97,0
11848,40,100,0
11849,39,96,0
11850,38,96,0
11851,39,100,0
11852,39,97,0
11853,39,99,0
11854,40,95,0
11855,40,99,0
11856,39,97,0
11857,41,99,0
11858,39,97,0
11859,39,97,0
11860,39,97,0
11861,40,99,0
11862,38,99,0
11863,39,97,0
11864,40,101,0
11865,39,99,0
11866,39,97,0
11867,40,99,0
11868,41,99,0
11869,39,101,0
11870,40,98,0
11871,39,100,0
11872,39,98,0
11873,40,100,0
11874,38,98,0
11875,39,98,0
11876,40,100,0
11877,41,98,0
11878,39,96,0
11879,39,99,0
11880,39,101,0
11881,41,100,0
11882,40,99,0
11883,40,99,0
11884,39,99,0
11885,39,99,0
11886,40,97,0
11887,40,97,0
11888,38,101,0
11889,39,97,0
11890,39,99,0
11891,39,101,0
11892,39,100,0
11893,39,97,0
11894,39,97,0
11895,40,99,0
11896,40,97,0
11897,39,99,0
11898,40,98,0
11899,40,98,0
11900,40,101,0
11901,40,100,0
11902,39,98,0
11903,39,98,0
11904,39,98,0
11905,39,96,0
11906,40,96,0
11907,38,98,0
11908,39,98,0
11909,39,100,0
11910,38,99,0
11911,40,99,0
11912,39,101,0
11913,39,96,0
11914,39,100,0
11915,39,98,0
11916,39,98,0
11917,40,97,0
11918,40,100,0
11919,39,99,0
11920,39,99,0
11921,40,95,0
11922,39,98,0
11923,39,100,0
11924,39,97,0
11925,38,97,0
11926,40,97,0
11927,38,99,0
11928,40,97,0
11929,40,99,0
11930,40,99,0
11931,39,99,0
11932,39,99,0
11933,39,101,0
11934,40,100,0
11935,39,97,0
11936,40,101,0
11937,39,98,0
11938,39,98,0
11939,39,98,0
11940,39,98,0
11941,40,100,0
11942,39,99,0
11943,39,99,0
11944,39,99,0
11945,39,99,0
11946,41,97,0
11947,39,101,0
11948,39,100,0
11949,40,97,0
11950,41,97,0
11951,39,99,0
11952,39,97,0
11953,39,99,0
11954,39,97,0
11955,39,97,0
11956,41,100,0
11957,39,98,0
11958,40,98,0
11959,40,98,0
11960,40,100,0
11961,39,99,0
11962,40,100,0
11963,39,100,0
11964,39,97,0
11965,40,97,0
11966,39,99,0
11967,40,97,0
11968,39,99,0
11969,39,99,0
11970,39,97,0
11971,39,98,0
11972,39,98,0
11973,40,98,0
11974,39,98,0
11975,39,98,0
11976,39,96,0
11977,39,98,0
11978,39,102,0
11979,39,97,0
11980,39,99,0
11981,39,97,0
11982,39,97,0
11983,40,101,0
11984,38,98,0
11985,40,98,0
11986,39,98,0
11987,39,96,0
11988,40,98,0
11989,40,98,0
11990,39,100,0
11991,41,101,0
11992,40,98,0
11993,40,100,0
11994,40,97,0
11995,40,97,0
11996,38,99,0
11997,38,101,0
11998,39,98,0
11999,39,100,0
12000,38,98,0
12001,46,112,0
12002,39,97,0
12003,40,97,0
12004,39,97,0
12005,40,97,0
12006,39,101,0
12007,39,100,0
12008,39,99,0
12009,40,97,0
12010,39,101,0
12011,40,100,0
12012,40,101,0
12013,39,98,0
12014,40,98,0
12015,39,100,0
12016,40,99,0
12017,38,99,0
12018,40,96,0
12019,40,98,0
12020,40,98,0
12021,39,98,0
12022,39,100,0
12023,40,99,0
12024,39,101,0
12025,40,96,0
12026,39,98,0
12027,39,98,0
12028,39,98,0
12029,40,98,0
12030,40,98,0
12031,39,98,0
12032,39,96,0
12033,40,98,0
12034,63,100,0
12035,38,98,0
12036,40,94,0
12037,39,100,0
12038,39,98,0
12039,38,98,0
12040,40,97,0
12041,40,98,0
12042,39,100,0
12043,41,97,0
12044,39,98,0
12045,39,96,0
12046,40,97,0
12047,39,101,0
12048,40,96,0
12049,39,99,0
12050,39,99,0
12051,40,99,0
12052,40,99,0
12053,40,98,0
12054,40,98,0
12055,40,98,0
12056,40,100,0
12057,39,101,0
12058,40,98,0
12059,40,98,0
12060,39,96,0
12061,40,101,0
12062,39,98,0
12063,39,98,0
12064,39,98,0
12065,38,98,0
12066,39,98,0
12067,39,100,0
12068,39,99,0
12069,39,96,0
12070,39,98,0
12071,39,98,0
12072,39,98,0
12073,39,98,0
12074,39,98,0
12075,40,100,0
12076,39,99,0
12077,39,99,0
12078,40,97,0
12079,40,97,0
12080,39,99,0
12081,39,97,0
12082,39,99,0
12083,39,97,0
12084,40,97,0
12085,38,99,0
12086,39,97,0
12087,39,99,0
12088,40,97,0
12089,40,99,0
12090,39,97,0
12091,39,99,0
12092,39,99,0
12093,39,99,0
12094,39,99,0
12095,40,97,0
12096,39,99,0
12097,40,97,0
12098,38,99,0
12099,39,99,0
12100,39,99,0
12101,39,99,0
12102,38,99,0
12103,39,97,0
12104,39,99,0
12105,40,97,0
12106,39,97,0
12107,39,99,0
12108,39,97,0
12109,39,97,0
12110,39,99,0
12111,39,101,0
12112,39,98,0
12113,40,98,0
12114,40,98,0
12115,39,100,0
12116,39,99,0
12117,39,97,0
12118,39,97,0
12119,40,97,0
12120,40,97,0
12121,41,101,0
12122,40,96,0
12123,39,98,0
12124,39,98,0
12125,41,100,0
12126,39,99,0
12127,39,97,0
12128,39,101,0
12129,40,98,0
12130,40,100,0
12131,38,100,0
12132,40,97,0
12133,40,97,0
12134,39,99,0
12135,39,97,0
12136,38,101,0
12137,38,100,0
12138,39,97,0
12139,41,99,0
12140,39,99,0
12141,39,97,0
12142,39,99,0
12143,40,99,0
12144,40,97,0
12145,39,97,0
12146,39,99,0
12147,40,97,0
12148,39,99,0
12149,39,97,0
12150,40,97,0
12151,39,99,0
12152,39,99,0
12153,39,99,0
12154,40,97,0
12155,38,99,0
12156,39,98,0
12157,39,96,0
12158,39,98,0
12159,40,98,0
12160,40,100,0
12161,40,97,0
12162,39,99,0
12163,40,99,0
12164,39,99,0
12165,39,97,0
12166,39,100,0
12167,40,99,0
12168,40,99,0
12169,39,101,0
12170,39,98,0
12171,40,98,0
12172,40,100,0
12173,39,99,0
12174,40,97,0
12175,39,99,0
12176,39,97,0
12177,38,99,0
12178,40,97,0
12179,39,99,0
12180,39,99,0
12181,40,97,0
12182,39,99,0
12183,39,99,0
12184,39,99,0
12185,39,99,0
12186,39,101,0
12187,40,98,0
12188,40,101,0
12189,41,99,0
12190,40,97,0
12191,40,97,0
12192,40,97,0
12193,38,101,0
12194,39,96,0
12195,39,100,0
12196,39,100,0
12197,39,97,0
12198,39,97,0
12199,40,99,0
12200,38,101,0
12201,39,98,0
12202,40,96,0
12203,38,98,0
12204,40,96,0
12205,39,100,0
12206,39,99,0
12207,39,97,0
12208,39,97,0
12209,40,99,0
12210,40,99,0
12211,39,99,0
12212,39,99,0
12213,38,97,0
12214,39,99,0
12215,39,99,0
12216,40,97,0
12217,39,99,0
12218,39,97,0
12219,39,97,0
12220,40,99,0
12221,40,97,0
12222,39,101,0
12223,40,98,0
12224,38,98,0
12225,39,98,0
12226,38,98,0
12227,40,98,0
12228,39,96,0
12229,40,100,0
12230,39,99,0
12231,39,99,0
12232,40,99,0
12233,39,99,0
12234,40,101,0
12235,38,99,0
12236,38,98,0
12237,39,99,0
12238,41,100,0
12239,39,98,0
12240,40,98,0
12241,40,98,0
12242,39,98,0
12243,40,98,0
12244,39,98,0
12245,39,98,0
12246,40,96,0
12247,39,100,0
12248,39,97,0
12249,39,101,0
12250,38,98,0
12251,39,98,0
12252,39,96,0
12253,39,98,0
12254,39,100,0
12255,39,99,0
12256,40,97,0
12257,147,369,0
12258,39,102,0
12259,42,107,0
12260,41,102,0
12261,50,116,0
12262,42,112,0
12263,47,116,0
12264,43,116,0
12265,42,109,0
12266,45,106,0
12267,44,107,0
12268,47,114,0
12269,44,114,0
12270,43,98,0
12271,41,104,0
12272,42,108,0
12273,39,97,0
12274,42,108,0
12275,45,130,0
12276,38,98,0
12277,39,96,0
12278,39,99,0
12279,38,96,0
12280,39,97,0
12281,39,99,0
12282,38,98,0
12283,38,98,0
12284,40,99,0
12285,39,99,0
12286,38,100,0
12287,40,99,0
12288,40,96,0
12289,39,98,0
12290,40,100,0
12291,39,99,0
12292,39,98,0
12293,39,98,0
12294,40,101,0
12295,38,97,0
12296,39,100,0
12297,39,95,0
12298,40,95,0
12299,40,96,0
12300,39,98,0
12301,40,96,0
12302,40,100,0
12303,40,99,0
12304,41,97,0
12305,39,100,0
12306,40,98,0
12307,39,99,0
12308,39,97,0
12309,40,97,0
12310,39,99,0
12311,40,98,0
12312,39,96,0
12313,39,98,0
12314,39,98,0
12315,40,100,0
12316,39,97,0
12317,39,99,0
12318,39,98,0
12319,39,98,0
12320,40,98,0
12321,40,100,0
12322,43,96,0
12323,40,99,0
12324,39,98,0
12325,39,97,0
12326,38,100,0
12327,40,99,0
12328,40,101,0
12329,38,100,0
12330,39,98,0
12331,40,100,0
12332,39,97,0
12333,39,98,0
12334,40,100,0
12335,40,97,0
12336,40,99,0
12337,39,99,0
12338,40,100,0
12339,40,99,0
12340,38,99,0
12341,39,99,0
12342,39,99,0
12343,39,99,0
12344,39,99,0
12345,39,97,0
12346,39,97,0
12347,39,99,0
12348,39,97,0
12349,39,97,0
12350,39,98,0
12351,39,98,0
12352,40,100,0
12353,40,97,0
12354,39,99,0
12355,39,97,0
12356,38,101,0
12357,40,98,0
12358,39,100,0
12359,39,96,0
12360,39,96,0
12361,39,100,0
12362,39,97,0
12363,39,101,0
12364,39,98,0
12365,39,96,0
12366,40,98,0
12367,39,96,0
12368,40,98,0
12369,40,98,0
12370,39,98,0
12371,39,96,0
12372,40,96,0
12373,39,96,0
12374,40,100,0
12375,41,97,0
12376,39,101,0
12377,40,100,0
12378,39,100,0
12379,40,97,0
12380,41,97,0
12381,39,97,0
12382,39,97,0
12383,39,95,0
12384,39,100,0
12385,39,98,0
12386,40,96,0
12387,40,98,0
12388,38,98,0
12389,39,98,0
12390,39,96,0
12391,40,96,0
12392,39,98,0
12393,40,98,0
12394,39,96,0
12395,40,96,0
12396,39,96,0
12397,40,98,0
12398,40,100,0
12399,40,101,0
12400,39,98,0
12401,39,98,0
12402,39,97,0
12403,39,97,0
12404,39,99,0
12405,40,97,0
12406,41,95,0
12407,40,99,0
12408,39,98,0
12409,38,98,0
12410,39,98,0
12411,39,96,0
12412,39,96,0
12413,38,98,0
12414,39,98,0
12415,39,98,0
12416,40,96,0
12417,39,98,0
12418,38,98,0
12419,40,96,0
12420,39,100,0
12421,40,100,0
12422,40,97,0
12423,41,99,0
12424,39,101,0
12425,39,98,0
12426,40,98,0
12427,39,96,0
12428,39,98,0
12429,38,98,0
12430,40,98,0
12431,40,100,0
12432,39,99,0
12433,40,99,0
12434,40,97,0
12435,39,99,0
12436,40,97,0
12437,38,99,0
12438,39,98,0
12439,39,100,0
12440,40,100,0
12441,39,99,0
12442,39,99,0
12443,40,97,0
12444,41,99,0
12445,40,99,0
12446,41,99,0
12447,39,100,0
12448,39,98,0
12449,40,96,0
12450,38,98,0
12451,38,98,0
12452,39,98,0
12453,40,98,0
12454,39,100,0
12455,40,99,0
12456,41,99,0
12457,39,99,0
12458,40,98,0
12459,39,98,0
12460,39,98,0
12461,39,98,0
12462,41,100,0
12463,40,98,0
12464,39,100,0
12465,39,97,0
12466,38,99,0
12467,39,97,0
12468,40,99,0
12469,39,98,0
12470,39,98,0
12471,40,100,0
12472,40,99,0
12473,38,99,0
12474,39,99,0
12475,39,99,0
12476,39,99,0
12477,40,99,0
12478,40,97,0
12479,40,98,0
12480,39,98,0
12481,40,100,0
12482,39,100,0
12483,38,99,0
12484,39,99,0
12485,40,99,0
12486,41,97,0
12487,40,97,0
12488,40,97,0
12489,38,99,0
12490,40,97,0
12491,40,98,0
12492,40,98,0
12493,40,100,0
12494,40,98,0
12495,39,98,0
12496,39,98,0
12497,39,98,0
12498,39,96,0
12499,39,100,0
12500,39,99,0
12501,40,97,0
12502,41,95,0
12503,39,97,0
12504,39,99,0
12505,40,98,0
12506,125,100,0
12507,40,99,0
12508,38,101,0
12509,39,98,0
12510,40,100,0
12511,39,99,0
12512,40,97,0
12513,40,97,0
12514,39,101,0
12515,39,98,0
12516,40,98,0
12517,39,100,0
12518,39,97,0
12519,39,97,0
12520,40,97,0
12521,38,98,0
12522,39,96,0
12523,38,98,0
12524,39,98,0
12525,40,100,0
12526,40,97,0
12527,39,97,0
12528,39,97,0
12529,39,99,0
12530,39,99,0
12531,40,99,0
12532,39,99,0
12533,40,100,0
12534,40,98,0
12535,40,98,0
12536,39,96,0
12537,40,100,0
12538,40,97,0
12539,38,99,0
12540,39,99,0
12541,41,97,0
12542,40,97,0
12543,39,98,0
12544,40,100,0
12545,39,97,0
12546,40,99,0
12547,39,97,0
12548,38,99,0
12549,38,99,0
12550,39,97,0
12551,39,99,0
12552,38,97,0
12553,38,97,0
12554,38,97,0
12555,39,97,0
12556,39,97,0
12557,38,97,0
12558,39,97,0
12559,39,99,0
12560,40,95,0
12561,38,98,0
12562,40,100,0
12563,39,96,0
12564,40,98,0
12565,38,100,0
12566,40,101,0
12567,40,100,0
12568,39,101,0
12569,40,100,0
12570,40,99,0
12571,39,97,0
12572,39,97,0
12573,38,97,0
12574,39,99,0
12575,39,99,0
12576,39,99,0
12577,39,97,0
12578,39,97,0
12579,39,97,0
12580,40,97,0
12581,40,99,0
12582,40,98,0
12583,39,98,0
12584,39,98,0
12585,39,98,0
12586,39,98,0
12587,40,96,0
12588,40,98,0
12589,39,100,0
12590,39,99,0
12591,39,99,0
12592,39,97,0
12593,39,97,0
12594,40,97,0
12595,39,97,0
12596,39,101,0
12597,39,98,0
12598,39,98,0
12599,39,100,0
12600,39,97,0
12601,40,101,0
12602,39,98,0
12603,40,98,0
12604,40,100,0
12605,39,99,0
12606,41,97,0
12607,39,99,0
12608,40,101,0
12609,38,98,0
12610,38,98,0
12611,43,98,0
12612,39,99,0
12613,38,98,0
12614,40,98,0
12615,39,97,0
12616,39,99,0
12617,39,98,0
12618,41,98,0
12619,40,97,0
12620,39,99,0
12621,40,98,0
12622,40,100,0
12623,41,97,0
12624,39,98,0
12625,39,98,0
12626,40,98,0
12627,39,100,0
12628,40,97,0
12629,39,101,0
12630,39,100,0
12631,39,99,0
12632,39,95,0
12633,41,97,0
12634,40,96,0
12635,39,100,0
12636,40,97,0
12637,39,99,0
12638,39,101,0
12639,39,98,0
12640,39,98,0
12641,39,96,0
12642,40,100,0
12643,40,97,0
12644,40,98,0
12645,39,98,0
12646,40,100,0
12647,39,101,0
12648,40,98,0
12649,41,99,0
12650,40,99,0
12651,39,97,0
12652,39,101,0
12653,39,98,0
12654,39,98,0
12655,40,96,0
12656,39,98,0
12657,40,98,0
12658,39,98,0
12659,39,100,0
12660,38,99,0
12661,39,101,0
12662,39,98,0
12663,39,98,0
12664,39,102,0
12665,40,95,0
12666,40,97,0
12667,40,97,0
12668,40,97,0
12669,39,98,0
12670,38,96,0
12671,40,98,0
12672,40,98,0
12673,39,98,0
12674,39,98,0
12675,39,98,0
12676,38,96,0
12677,40,96,0
12678,39,98,0
12679,39,97,0
12680,40,101,0
12681,39,97,0
12682,39,98,0
12683,40,98,0
12684,40,100,0
12685,39,99,0
12686,39,97,0
12687,40,99,0
12688,39,99,0
12689,39,99,0
12690,39,99,0
12691,39,99,0
12692,39,99,0
12693,39,101,0
12694,40,100,0
12695,39,99,0
12696,40,97,0
12697,40,99,0
12698,39,101,0
12699,39,98,0
12700,38,98,0
12701,40,100,0
12702,38,97,0
12703,39,99,0
12704,39,97,0
12705,39,99,0
12706,40,97,0
12707,38,97,0
12708,39,101,0
12709,39,98,0
12710,40,96,0
12711,39,100,0
12712,38,101,0
12713,41,98,0
12714,39,98,0
12715,40,98,0
12716,38,100,0
12717,39,100,0
12718,39,101,0
12719,39,98,0
12720,38,98,0
12721,39,98,0
12722,39,98,0
12723,40,98,0
12724,39,98,0
12725,39,98,0
12726,40,98,0
12727,39,100,0
12728,40,97,0
12729,38,97,0
12730,39,97,0
12731,39,99,0
12732,39,99,0
12733,39,101,0
12734,39,98,0
12735,39,100,0
12736,39,99,0
12737,39,101,0
12738,40,100,0
12739,39,98,0
12740,37,98,0
12741,40,100,0
12742,39,101,0
12743,40,96,0
12744,39,96,0
12745,39,98,0
12746,40,100,0
12747,40,98,0
12748,40,96,0
12749,39,100,0
12750,40,99,0
12751,39,99,0
12752,39,99,0
12753,39,100,0
12754,40,98,0
12755,40,96,0
12756,38,97,0
12757,39,97,0
12758,39,101,0
12759,40,100,0
12760,39,99,0
12761,39,97,0
12762,40,97,0
12763,39,97,0
12764,39,97,0
12765,39,99,0
12766,39,99,0
12767,39,101,0
12768,38,100,0
12769,40,98,0
12770,39,98,0
12771,40,98,0
12772,39,96,0
12773,40,100,0
12774,39,101,0
12775,39,98,0
12776,40,98,0
12777,40,96,0
12778,40,98,0
12779,39,98,0
12780,40,98,0
12781,40,100,0
12782,39,101,0
12783,39,98,0
12784,40,100,0
12785,39,97,0
12786,41,97,0
12787,40,99,0
12788,41,97,0
12789,40,101,0
12790,39,96,0
12791,39,98,0
12792,41,98,0
12793,39,96,0
12794,39,96,0
12795,40,98,0
12796,39,98,0
12797,40,98,0
12798,40,100,0
12799,41,99,0
12800,39,97,0
12801,40,97,0
12802,40,97,0
12803,39,98,0
12804,39,98,0
12805,40,98,0
12806,39,98,0
12807,41,100,0
12808,39,97,0
12809,40,101,0
12810,38,98,0
12811,40,98,0
12812,39,100,0
12813,40,99,0
12814,39,101,0
12815,39,96,0
12816,41,98,0
12817,40,98,0
12818,40,98,0
12819,39,98,0
12820,40,98,0
12821,40,98,0
12822,40,98,0
12823,40,98,0
12824,40,100,0
12825,40,101,0
12826,40,100,0
12827,39,99,0
12828,39,99,0
12829,39,99,0
12830,40,99,0
12831,40,99,0
12832,39,97,0
12833,39,97,0
12834,40,98,0
12835,39,98,0
12836,41,100,0
12837,38,97,0
12838,40,99,0
12839,40,99,0
12840,40,99,0
12841,41,97,0
12842,39,99,0
12843,41,101,0
12844,40,98,0
12845,40,100,0
12846,40,99,0
12847,39,99,0
12848,39,99,0
12849,39,99,0
12850,39,101,0
12851,40,100,0
12852,39,101,0
12853,40,100,0
12854,40,98,0
12855,39,100,0
12856,40,97,0
12857,40,99,0
12858,40,99,0
12859,39,99,0
12860,39,99,0
12861,40,98,0
12862,40,100,0
12863,40,98,0
12864,39,98,0
12865,39,100,0
12866,39,101,0
12867,39,98,0
12868,39,98,0
12869,41,98,0
12870,40,98,0
12871,40,100,0
12872,39,101,0
12873,39,98,0
12874,40,96,0
12875,39,96,0
12876,39,98,0
12877,40,98,0
12878,39,100,0
12879,40,99,0
12880,40,99,0
12881,39,99,0
12882,39,99,0
12883,40,97,0
12884,39,101,0
12885,39,100,0
12886,40,97,0
12887,40,101,0
12888,40,98,0
12889,40,100,0
12890,40,97,0
12891,39,97,0
12892,39,97,0
12893,39,99,0
12894,40,99,0
12895,40,99,0
12896,39,97,0
12897,41,97,0
12898,39,101,0
12899,44,98,0
12900,39,97,0
12901,38,96,0
12902,38,98,0
12903,39,96,0
12904,38,99,0
12905,39,101,0
12906,39,98,0
12907,39,97,0
12908,39,99,0
12909,39,98,0
12910,39,98,0
12911,39,98,0
12912,39,97,0
12913,39,99,0
12914,40,97,0
12915,39,97,0
12916,39,101,0
12917,39,98,0
12918,40,98,0
12919,39,100,0
12920,39,97,0
12921,40,97,0
12922,39,99,0
12923,39,97,0
12924,39,97,0
12925,39,95,0
12926,40,97,0
12927,38,99,0
12928,40,97,0
12929,39,97,0
12930,38,99,0
12931,39,97,0
12932,39,98,0
12933,39,98,0
12934,39,96,0
12935,39,96,0
12936,39,96,0
12937,38,98,0
12938,39,96,0
12939,39,98,0
12940,38,98,0
12941,40,100,0
12942,40,101,0
12943,39,98,0
12944,39,96,0
12945,39,100,0
12946,40,99,0
12947,38,99,0
12948,39,99,0
12949,39,99,0
12950,40,97,0
12951,39,99,0
12952,39,97,0
12953,38,99,0
12954,40,97,0
12955,39,99,0
12956,41,95,0
12957,40,97,0
12958,39,98,0
12959,38,98,0
12960,39,98,0
12961,39,100,0
12962,40,98,0
12963,38,98,0
12964,40,98,0
12965,39,98,0
12966,39,100,0
12967,39,95,0
12968,39,99,0
12969,40,99,0
12970,39,99,0
12971,40,99,0
12972,40,97,0
12973,40,97,0
12974,40,97,0
12975,39,97,0
12976,39,97,0
12977,40,97,0
12978,39,101,0
12979,40,100,0
12980,40,97,0
12981,40,97,0
12982,38,99,0
12983,40,99,0
12984,39,97,0
12985,39,99,0
12986,41,99,0
12987,39,99,0
12988,38,99,0
12989,40,97,0
12990,40,99,0
12991,39,99,0
12992,40,97,0
12993,39,99,0
12994,40,99,0
12995,40,97,0
12996,40,99,0
12997,41,99,0
12998,39,99,0
12999,39,99,0
13000,38,99,0
13001,39,97,0
13002,39,99,0
13003,39,101,0
13004,39,98,0
13005,40,98,0
13006,39,96,0
13007,39,100,0
13008,40,97,0
13009,39,99,0
13010,39,97,0
13011,40,99,0
13012,38,99,0
13013,39,99,0
13014,40,101,0
13015,39,100,0
13016,40,96,0
13017,40,98,0
13018,39,98,0
13019,39,98,0
13020,39,98,0
13021,39,98,0
13022,39,98,0
13023,40,98,0
13024,40,102,0
13025,39,99,0
13026,39,99,0
13027,39,99,0
13028,41,99,0
13029,39,97,0
13030,40,97,0
13031,39,99,0
13032,40,95,0
13033,40,101,0
13034,39,98,0
13035,39,96,0
13036,39,100,0
13037,40,98,0
13038,40,98,0
13039,39,100,0
13040,40,97,0
13041,40,99,0
13042,39,99,0
13043,38,99,0
13044,39,97,0
13045,39,99,0
13046,40,99,0
13047,40,97,0
13048,39,97,0
13049,39,100,0
13050,40,98,0
13051,40,98,0
13052,40,100,0
13053,39,99,0
13054,40,97,0
13055,40,99,0
13056,40,99,0
13057,41,99,0
13058,41,99,0
13059,40,97,0
13060,39,99,0
13061,40,99,0
13062,39,99,0
13063,40,97,0
13064,40,101,0
13065,39,99,0
13066,40,99,0
13067,41,97,0
13068,40,97,0
13069,39,95,0
13070,39,101,0
13071,40,98,0
13072,40,98,0
13073,39,98,0
13074,39,100,0
13075,39,99,0
13076,40,101,0
13077,41,97,0
13078,38,101,0
13079,39,98,0
13080,41,98,0
13081,39,100,0
13082,39,99,0
13083,40,99,0
13084,38,97,0
13085,39,97,0
13086,40,101,0
13087,39,96,0
13088,39,100,0
13089,39,101,0
13090,40,97,0
13091,40,101,0
13092,41,97,0
13093,40,97,0
13094,40,96,0
13095,39,98,0
13096,40,96,0
13097,39,96,0
13098,40,98,0
13099,39,98,0
13100,39,98,0
13101,39,98,0
13102,39,98,0
13103,40,98,0
13104,40,98,0
13105,39,98,0
13106,39,98,0
13107,41,100,0
13108,39,98,0
13109,39,98,0
13110,39,100,0
13111,40,97,0
13112,39,100,0
13113,39,101,0
13114,39,100,0
13115,39,97,0
13116,39,101,0
13117,39,97,0
13118,39,99,0
13119,39,98,0
13120,38,98,0
13121,39,98,0
13122,39,98,0
13123,39,98,0
13124,40,98,0
13125,40,98,0
13126,39,98,0
13127,39,98,0
13128,39,99,0
13129,39,99,0
13130,39,99,0
13131,38,98,0
13132,41,97,0
13133,39,99,0
13134,39,100,0
13135,40,96,0
13136,40,98,0
13137,39,100,0
13138,41,99,0
13139,40,101,0
13140,39,96,0
13141,39,100,0
13142,40,98,0
13143,39,94,0
13144,40,98,0
13145,38,98,0
13146,38,98,0
13147,40,100,0
13148,39,99,0
13149,39,101,0
13150,40,97,0
13151,38,99,0
13152,40,99,0
13153,39,97,0
13154,40,97,0
13155,39,97,0
13156,38,101,0
13157,39,96,0
13158,40,98,0
13159,40,98,0
13160,40,100,0
13161,39,98,0
13162,39,98,0
13163,39,98,0
13164,40,98,0
13165,38,98,0
13166,39,98,0
13167,40,100,0
13168,40,95,0
13169,39,99,0
13170,40,97,0
13171,39,99,0
13172,40,97,0
13173,39,97,0
13174,39,101,0
13175,39,98,0
13176,40,98,0
13177,39,96,0
13178,39,98,0
13179,39,98,0
13180,39,98,0
13181,40,98,0
13182,40,100,0
13183,40,101,0
13184,40,97,0
13185,39,99,0
13186,41,97,0
13187,40,99,0
13188,64,106,0
13189,39,100,0
13190,38,97,0
13191,40,96,0
13192,40,98,0
13193,40,99,0
13194,39,101,0
13195,39,100,0
13196,39,98,0
13197,40,98,0
13198,39,97,0
13199,41,97,0
13200,41,98,0
13201,39,98,0
13202,40,98,0
13203,40,96,0
13204,39,98,0
13205,40,100,0
13206,40,97,0
13207,40,97,0
13208,38,97,0
13209,39,99,0
13210,40,98,0
13211,39,96,0
13212,40,100,0
13213,39,100,0
13214,39,101,0
13215,39,100,0
13216,40,97,0
13217,39,97,0
13218,40,101,0
13219,39,98,0
13220,39,98,0
13221,39,100,0
13222,39,97,0
13223,39,99,0
13224,40,99,0
13225,39,99,0
13226,39,99,0
13227,40,97,0
13228,39,99,0
13229,40,97,0
13230,39,103,0
13231,39,100,0
13232,39,99,0
13233,39,98,0
13234,40,96,0
13235,40,98,0
13236,39,98,0
13237,39,100,0
13238,39,99,0
13239,39,97,0
13240,39,99,0
13241,39,97,0
13242,39,99,0
13243,40,99,0
13244,39,99,0
13245,39,99,0
13246,40,99,0
13247,40,97,0
13248,39,97,0
13249,39,99,0
13250,40,97,0
13251,40,97,0
13252,40,99,0
13253,40,97,0
13254,39,95,0
13255,39,99,0
13256,40,99,0
13257,39,99,0
13258,39,99,0
13259,39,97,0
13260,40,99,0
13261,40,97,0
13262,40,97,0
13263,39,97,0
13264,39,98,0
13265,40,98,0
13266,38,100,0
13267,40,100,0
13268,39,99,0
13269,39,101,0
13270,39,98,0
13271,40,96,0
13272,39,98,0
13273,40,100,0
13274,40,97,0
13275,40,99,0
13276,39,99,0
13277,39,97,0
13278,39,99,0
13279,39,97,0
13280,41,97,0
13281,40,97,0
13282,38,101,0
13283,39,98,0
13284,40,98,0
13285,38,98,0
13286,39,100,0
13287,40,97,0
13288,39,99,0
13289,40,97,0
13290,41,99,0
13291,40,97,0
13292,40,95,0
13293,38,99,0
13294,40,97,0
13295,40,99,0
13296,41,97,0
13297,39,99,0
13298,38,97,0
13299,39,99,0
13300,39,101,0
13301,41,96,0
13302,38,98,0
13303,39,98,0
13304,40,98,0
13305,39,100,0
13306,39,99,0
13307,39,97,0
13308,38,99,0
13309,40,97,0
13310,39,97,0
13311,40,97,0
13312,41,99,0
13313,40,101,0
13314,39,96,0
13315,39,98,0
13316,39,96,0
13317,39,98,0
13318,40,98,0
13319,40,96,0
13320,39,96,0
13321,39,98,0
13322,40,98,0
13323,39,98,0
13324,38,100,0
13325,39,99,0
13326,40,97,0
13327,40,99,0
13328,39,99,0
13329,39,99,0
13330,39,101,0
13331,39,100,0
13332,40,97,0
13333,39,99,0
13334,39,99,0
13335,40,97,0
13336,41,99,0
13337,40,99,0
13338,40,97,0
13339,40,97,0
13340,40,97,0
13341,39,98,0
13342,39,98,0
13343,39,98,0
13344,40,100,0
13345,40,100,0
13346,40,98,0
13347,39,98,0
13348,41,100,0
13349,39,99,0
13350,39,97,0
13351,40,99,0
13352,40,100,0
13353,39,98,0
13354,40,98,0
13355,39,100,0
13356,40,101,0
13357,38,100,0
13358,39,97,0
13359,38,99,0
13360,40,99,0
13361,39,99,0
13362,39,99,0
13363,39,101,0
13364,39,98,0
13365,39,98,0
13366,40,98,0
13367,39,98,0
13368,39,98,0
13369,39,96,0
13370,39,98,0
13371,40,98,0
13372,40,98,0
13373,39,98,0
13374,40,100,0
13375,38,99,0
13376,40,97,0
13377,40,97,0
13378,39,97,0
13379,38,99,0
13380,40,95,0
13381,40,97,0
13382,39,99,0
13383,39,99,0
13384,39,101,0
13385,40,100,0
13386,40,101,0
13387,38,97,0
13388,39,97,0
13389,39,98,0
13390,39,98,0
13391,39,98,0
13392,39,96,0
13393,39,98,0
13394,39,98,0
13395,40,98,0
13396,39,96,0
13397,39,98,0
13398,39,100,0
13399,39,99,0
13400,39,99,0
13401,40,97,0
13402,39,99,0
13403,39,99,0
13404,40,97,0
13405,40,99,0
13406,56,96,0
13407,39,99,0
13408,39,98,0
13409,40,96,0
13410,40,97,0
13411,39,99,0
13412,39,96,0
13413,39,100,0
13414,39,96,0
13415,38,98,0
13416,39,98,0
13417,40,99,0
13418,40,99,0
13419,40,98,0
13420,38,98,0
13421,38,98,0
13422,39,98,0
13423,39,98,0
13424,39,100,0
13425,40,97,0
13426,39,97,0
13427,40,99,0
13428,41,99,0
13429,40,97,0
13430,40,99,0
13431,39,98,0
13432,39,98,0
13433,39,98,0
13434,38,98,0
13435,39,98,0
13436,39,96,0
13437,39,98,0
13438,41,100,0
13439,40,97,0
13440,39,101,0
13441,39,98,0
13442,39,100,0
13443,39,97,0
13444,39,99,0
13445,39,99,0
13446,39,101,0
13447,40,100,0
13448,39,99,0
13449,39,97,0
13450,40,97,0
13451,40,97,0
13452,39,101,0
13453,39,100,0
13454,40,99,0
13455,40,97,0
13456,40,99,0
13457,40,99,0
13458,39,99,0
13459,39,99,0
13460,40,99,0
13461,38,99,0
13462,39,97,0
13463,39,97,0
13464,39,99,0
13465,39,101,0
13466,40,100,0
13467,39,97,0
13468,40,99,0
13469,39,100,0
13470,39,100,0
13471,39,99,0
13472,41,97,0
13473,39,98,0
13474,39,100,0
13475,40,97,0
13476,63,100,0
13477,39,100,0
13478,40,98,0
13479,39,99,0
13480,40,100,0
13481,40,98,0
13482,40,98,0
13483,39,96,0
13484,40,97,0
13485,39,99,0
13486,39,100,0
13487,40,97,0
13488,39,97,0
13489,40,98,0
13490,39,98,0
13491,39,96,0
13492,38,98,0
13493,40,100,0
13494,39,100,0
13495,39,98,0
13496,39,99,0
13497,39,97,0
13498,40,99,0
13499,41,99,0
13500,40,100,0
13501,38,100,0
13502,40,97,0
13503,39,100,0
13504,40,98,0
13505,39,97,0
13506,39,99,0
13507,40,101,0
13508,39,96,0
13509,39,98,0
13510,39,98,0
13511,40,94,0
13512,39,96,0
13513,39,98,0
13514,40,99,0
13515,40,101,0
13516,40,99,0
13517,39,100,0
13518,39,100,0
13519,39,97,0
13520,39,99,0
13521,39,99,0
13522,39,97,0
13523,40,97,0
13524,39,95,0
13525,38,99,0
13526,39,99,0
13527,39,97,0
13528,40,97,0
13529,40,97,0
13530,39,97,0
13531,39,97,0
13532,39,97,0
13533,39,97,0
13534,39,99,0
13535,39,97,0
13536,39,97,0
13537,39,97,0
13538,40,95,0
13539,39,95,0
13540,39,97,0
13541,39,97,0
13542,40,98,0
13543,40,98,0
13544,38,98,0
13545,41,97,0
13546,41,97,0
13547,39,97,0
13548,40,97,0
13549,39,97,0
13550,39,97,0
13551,41,99,0
13552,39,97,0
13553,39,99,0
13554,39,99,0
13555,39,97,0
13556,39,99,0
13557,39,99,0
13558,39,97,0
13559,40,99,0
13560,39,99,0
13561,41,99,0
13562,39,97,0
13563,39,99,0
13564,39,99,0
13565,39,99,0
13566,39,99,0
13567,39,97,0
13568,39,97,0
13569,40,100,0
13570,39,97,0
13571,39,97,0
13572,38,97,0
13573,40,97,0
13574,39,97,0
13575,39,99,0
13576,41,97,0
13577,39,97,0
13578,38,99,0
13579,40,101,0
13580,39,96,0
13581,40,98,0
13582,39,96,0
13583,40,98,0
13584,40,100,0
13585,39,99,0
13586,39,99,0
13587,40,101,0
13588,40,95,0
13589,40,95,0
13590,40,97,0
13591,40,99,0
13592,39,99,0
13593,39,97,0
13594,40,97,0
13595,40,99,0
13596,39,99,0
13597,39,99,0
13598,41,99,0
13599,39,101,0
13600,39,96,0
13601,38,98,0
13602,39,100,0
13603,40,101,0
13604,40,97,0
13605,40,99,0
13606,38,99,0
13607,40,101,0
13608,39,100,0
13609,39,99,0
13610,40,97,0
13611,39,101,0
13612,39,96,0
13613,39,98,0
13614,39,96,0
13615,38,98,0
13616,38,98,0
13617,39,98,0
13618,39,98,0
13619,39,98,0
13620,39,98,0
13621,41,100,0
13622,39,98,0
13623,39,98,0
13624,39,98,0
13625,39,100,0
13626,40,97,0
13627,41,99,0
13628,39,101,0
13629,40,98,0
13630,39,99,0
13631,40,99,0
13632,39,99,0
13633,41,101,0
13634,39,98,0
13635,39,98,0
13636,38,98,0
13637,39,102,0
13638,39,100,0
13639,39,99,0
13640,41,99,0
13641,40,97,0
13642,41,100,0
13643,38,98,0
13644,40,98,0
13645,40,98,0
13646,38,100,0
13647,39,97,0
13648,41,97,0
13649,40,101,0
13650,40,98,0
13651,38,98,0
13652,40,98,0
13653,40,98,0
13654,41,98,0
13655,39,100,0
13656,41,97,0
13657,40,97,0
13658,39,96,0
13659,41,98,0
13660,40,100,0
13661,39,97,0
13662,39,97,0
13663,38,100,0
13664,39,98,0
13665,39,100,0
13666,39,98,0
13667,41,100,0
13668,39,97,0
13669,39,97,0
13670,39,97,0
13671,41,100,0
13672,39,100,0
13673,39,101,0
13674,39,98,0
13675,39,98,0
13676,40,98,0
13677,39,98,0
13678,39,94,0
13679,40,100,0
13680,41,99,0
13681,39,99,0
13682,39,98,0
13683,39,96,0
13684,39,98,0
13685,40,98,0
13686,40,98,0
13687,39,100,0
13688,40,98,0
13689,39,96,0
13690,40,98,0
13691,40,100,0
13692,39,95,0
13693,39,101,0
13694,39,98,0
13695,39,98,0
13696,40,98,0
13697,39,98,0
13698,39,98,0
13699,39,100,0
13700,40,98,0
13701,39,97,0
13702,38,100,0
13703,40,99,0
13704,38,97,0
13705,40,97,0
13706,39,97,0
13707,38,99,0
13708,40,99,0
13709,39,101,0
13710,39,96,0
13711,39,96,0
13712,40,98,0
13713,39,98,0
13714,40,98,0
13715,39,96,0
13716,40,98,0
13717,38,96,0
13718,40,96,0
13719,39,100,0
13720,39,99,0
13721,38,97,0
13722,39,101,0
13723,41,99,0
13724,39,98,0
13725,39,97,0
13726,40,97,0
13727,39,99,0
13728,39,99,0
13729,38,97,0
13730,38,97,0
13731,39,97,0
13732,38,99,0
13733,38,97,0
13734,39,99,0
13735,38,99,0
13736,39,99,0
13737,38,97,0
13738,39,97,0
13739,39,99,0
13740,39,97,0
13741,39,97,0
13742,39,101,0
13743,40,98,0
13744,38,97,0
13745,39,99,0
13746,40,97,0
13747,39,97,0
13748,40,97,0
13749,40,99,0
13750,40,97,0
13751,39,101,0
13752,39,100,0
13753,40,100,0
13754,39,95,0
13755,40,97,0
13756,39,99,0
13757,39,99,0
13758,39,99,0
13759,39,99,0
13760,39,97,0
13761,39,99,0
13762,39,99,0
13763,40,97,0
13764,39,99,0
13765,48,99,0
13766,38,97,0
13767,39,99,0
13768,39,97,0
13769,39,100,0
13770,40,97,0
13771,40,97,0
13772,39,96,0
13773,40,100,0
13774,40,97,0
13775,40,96,0
13776,39,100,0
13777,39,99,0
13778,39,100,0
13779,40,99,0
13780,40,97,0
13781,41,95,0
13782,40,98,0
13783,39,98,0
13784,39,100,0
13785,39,99,0
13786,40,97,0
13787,40,98,0
13788,39,98,0
13789,39,100,0
13790,39,99,0
13791,40,97,0
13792,40,98,0
13793,39,98,0
13794,39,98,0
13795,39,100,0
13796,41,99,0
13797,39,99,0
13798,39,98,0
13799,40,98,0
13800,40,98,0
13801,40,96,0
13802,40,97,0
13803,39,101,0
13804,39,98,0
13805,40,98,0
13806,39,98,0
13807,39,100,0
13808,40,99,0
13809,40,98,0
13810,40,98,0
13811,39,98,0
13812,39,98,0
13813,40,98,0
13814,39,100,0
13815,38,99,0
13816,39,101,0
13817,39,100,0
13818,40,99,0
13819,40,99,0
13820,39,101,0
13821,40,98,0
13822,39,96,0
13823,40,98,0
13824,38,98,0
13825,38,100,0
13826,39,97,0
13827,38,97,0
13828,39,99,0
13829,39,97,0
13830,41,97,0
13831,41,100,0
13832,39,94,0
13833,38,98,0
13834,40,97,0
13835,38,99,0
13836,40,101,0
13837,39,98,0
13838,39,98,0
13839,40,97,0
13840,38,99,0
13841,39,97,0
13842,38,99,0
13843,39,97,0
13844,39,97,0
13845,40,97,0
13846,39,99,0
13847,40,98,0
13848,40,96,0
13849,39,98,0
13850,39,98,0
13851,39,96,0
13852,40,96,0
13853,40,98,0
13854,39,96,0
13855,39,96,0
13856,39,98,0
13857,39,98,0
13858,39,100,0
13859,40,101,0
13860,39,98,0
13861,39,98,0
13862,39,98,0
13863,39,98,0
13864,39,98,0
13865,40,98,0
13866,38,97,0
13867,39,98,0
13868,39,98,0
13869,39,100,0
13870,39,98,0
13871,40,98,0
13872,40,100,0
13873,39,99,0
13874,39,99,0
13875,38,101,0
13876,39,96,0
13877,39,98,0
13878,39,96,0
13879,39,98,0
13880,38,100,0
13881,40,97,0
13882,39,97,0
13883,39,97,0
13884,39,99,0
13885,39,101,0
13886,39,99,0
13887,39,100,0
13888,39,98,0
13889,40,96,0
13890,39,98,0
13891,40,98,0
13892,38,98,0
13893,39,96,0
13894,40,96,0
13895,39,98,0
13896,38,98,0
13897,39,98,0
13898,39,98,0
13899,39,100,0
13900,40,97,0
13901,39,101,0
13902,39,98,0
13903,40,100,0
13904,40,99,0
13905,39,99,0
13906,38,101,0
13907,39,100,0
13908,38,96,0
13909,40,96,0
13910,39,96,0
13911,39,98,0
13912,39,98,0
13913,40,98,0
13914,39,100,0
13915,40,97,0
13916,40,97,0
13917,38,97,0
13918,39,101,0
13919,40,96,0
13920,40,98,0
13921,40,100,0
13922,39,101,0
13923,38,98,0
13924,40,100,0
13925,39,100,0
13926,39,98,0
13927,41,100,0
13928,39,97,0
13929,40,97,0
13930,39,97,0
13931,39,98,0
13932,39,96,0
13933,40,98,0
13934,39,100,0
13935,39,97,0
13936,40,97,0
13937,39,100,0
13938,39,98,0
13939,39,98,0
13940,38,99,0
13941,40,97,0
13942,40,99,0
13943,40,95,0
13944,39,101,0
13945,39,98,0
13946,39,98,0
13947,39,98,0
13948,39,100,0
13949,40,99,0
13950,40,99,0
13951,38,99,0
13952,40,98,0
13953,39,98,0
13954,39,100,0
13955,37,100,0
13956,40,101,0
13957,38,98,0
13958,39,98,0
13959,40,98,0
13960,40,98,0
13961,39,96,0
13962,39,98,0
13963,39,98,0
13964,40,98,0
13965,39,98,0
13966,40,100,0
13967,40,97,0
13968,40,101,0
13969,40,96,0
13970,40,98,0
13971,39,100,0
13972,40,101,0
13973,39,98,0
13974,39,98,0
13975,39,98,0
13976,39,100,0
13977,39,97,0
13978,39,97,0
13979,40,99,0
13980,39,101,0
13981,39,98,0
13982,40,100,0
13983,39,98,0
13984,39,97,0
13985,40,96,0
13986,40,98,0
13987,39,98,0
13988,40,98,0
13989,39,98,0
13990,39,98,0
13991,40,100,0
13992,39,97,0
13993,39,99,0
13994,40,98,0
13995,40,96,0
13996,40,100,0
13997,39,100,0
13998,38,99,0
13999,39,97,0
14000,39,96,0
14001,40,97,0
14002,39,98,0
14003,40,97,0
14004,40,97,0
14005,41,99,0
14006,40,97,0
14007,40,99,0
14008,40,100,0
14009,40,100,0
14010,40,101,0
14011,39,98,0
14012,39,98,0
14013,39,102,0
14014,39,99,0
14015,39,99,0
14016,40,99,0
14017,40,98,0
14018,39,96,0
14019,40,98,0
14020,39,100,0
14021,40,97,0
14022,41,99,0
14023,39,97,0
14024,40,97,0
14025,40,97,0
14026,40,102,0
14027,39,98,0
14028,40,99,0
14029,41,99,0
14030,38,99,0
14031,39,97,0
14032,40,95,0
14033,40,97,0
14034,40,97,0
14035,38,99,0
14036,38,98,0
14037,40,98,0
14038,39,98,0
14039,38,98,0
14040,38,100,0
14041,39,97,0
14042,38,101,0
14043,39,100,0
14044,40,99,0
14045,38,99,0
14046,41,99,0
14047,39,99,0
14048,39,97,0
14049,38,99,0
14050,39,99,0
14051,39,100,0
14052,39,97,0
14053,63,101,0
14054,39,98,0
14055,39,97,0
14056,40,100,0
14057,39,99,0
14058,38,98,0
14059,39,96,0
14060,39,99,0
14061,40,99,0
14062,39,98,0
14063,40,98,0
14064,40,99,0
14065,40,99,0
14066,39,99,0
14067,40,99,0
14068,40,98,0
14069,40,98,0
14070,39,98,0
14071,40,100,0
14072,40,99,0
14073,39,97,0
14074,38,98,0
14075,39,96,0
14076,39,98,0
14077,40,98,0
14078,39,100,0
14079,39,99,0
14080,39,99,0
14081,39,99,0
14082,39,99,0
14083,40,97,0
14084,39,101,0
14085,39,98,0
14086,39,98,0
14087,39,98,0
14088,38,98,0
14089,39,98,0
14090,39,100,0
14091,39,97,0
14092,39,97,0
14093,40,99,0
14094,38,97,0
14095,39,97,0
14096,39,97,0
14097,39,99,0
14098,38,99,0
14099,38,99,0
14100,39,95,0
14101,40,97,0
14102,39,99,0
14103,40,97,0
14104,38,99,0
14105,39,101,0
14106,38,100,0
14107,39,99,0
14108,39,99,0
14109,39,97,0
14110,38,101,0
14111,39,96,0
14112,39,98,0
14113,39,100,0
14114,40,97,0
14115,41,101,0
14116,40,98,0
14117,39,98,0
14118,39,98,0
14119,39,98,0
14120,38,98,0
14121,38,98,0
14122,39,98,0
14123,40,98,0
14124,39,100,0
14125,39,99,0
14126,39,99,0
14127,41,97,0
14128,40,97,0
14129,40,97,0
14130,40,97,0
14131,40,97,0
14132,40,100,0
14133,39,96,0
14134,39,98,0
14135,39,97,0
14136,40,97,0
14137,39,99,0
14138,39,97,0
14139,40,97,0
14140,39,97,0
14141,38,99,0
14142,39,97,0
14143,39,99,0
14144,41,99,0
14145,40,97,0
14146,39,101,0
14147,40,98,0
14148,39,98,0
14149,40,98,0
14150,40,98,0
14151,40,98,0
14152,40,98,0
14153,40,98,0
14154,40,100,0
14155,40,99,0
14156,39,97,0
14157,39,99,0
14158,39,99,0
14159,39,97,0
14160,39,97,0
14161,39,97,0
14162,39,101,0
14163,40,100,0
14164,39,99,0
14165,39,99,0
14166,41,97,0
14167,38,99,0
14168,40,99,0
14169,39,101,0
14170,39,98,0
14171,40,98,0
14172,39,100,0
14173,40,99,0
14174,40,99,0
14175,40,101,0
14176,40,100,0
14177,41,97,0
14178,41,99,0
14179,39,101,0
14180,39,98,0
14181,39,98,0
14182,40,100,0
14183,39,97,0
14184,40,97,0
14185,39,99,0
14186,40,97,0
14187,39,97,0
14188,39,99,0
14189,40,99,0
14190,39,99,0
14191,40,97,0
14192,39,97,0
14193,39,99,0
14194,39,97,0
14195,40,99,0
14196,40,97,0
14197,41,97,0
14198,41,97,0
14199,39,101,0
14200,40,100,0
14201,39,98,0
14202,40,97,0
14203,40,99,0
14204,40,101,0
14205,39,97,0
14206,39,99,0
14207,38,98,0
14208,39,100,0
14209,40,100,0
14210,39,99,0
14211,38,97,0
14212,40,97,0
14213,39,101,0
14214,38,98,0
14215,40,98,0
14216,40,97,0
14217,39,101,0
14218,39,100,0
14219,40,98,0
14220,39,98,0
14221,38,100,0
14222,39,99,0
14223,41,99,0
14224,39,98,0
14225,40,96,0
14226,39,98,0
14227,40,98,0
14228,39,100,0
14229,39,98,0
14230,39,96,0
14231,39,98,0
14232,39,98,0
14233,38,100,0
14234,38,99,0
14235,38,99,0
14236,39,96,0
14237,39,100,0
14238,40,101,0
14239,39,97,0
14240,38,99,0
14241,38,96,0
14242,40,100,0
14243,39,97,0
14244,39,97,0
14245,39,97,0
14246,39,97,0
14247,40,99,0
14248,39,99,0
14249,39,99,0
14250,40,97,0
14251,40,99,0
14252,39,97,0
14253,41,97,0
14254,39,101,0
14255,38,100,0
14256,39,99,0
14257,41,99,0
14258,40,99,0
14259,39,99,0
14260,40,99,0
14261,40,99,0
14262,40,99,0
14263,41,99,0
14264,40,99,0
14265,39,99,0
14266,39,97,0
14267,39,97,0
14268,41,99,0
14269,39,99,0
14270,41,97,0
14271,40,99,0
14272,40,99,0
14273,39,97,0
14274,40,97,0
14275,40,97,0
14276,39,99,0
14277,39,99,0
14278,40,97,0
14279,41,99,0
14280,39,97,0
14281,39,97,0
14282,38,99,0
14283,39,97,0
14284,39,99,0
14285,39,99,0
14286,40,97,0
14287,40,99,0
14288,38,99,0
14289,39,99,0
14290,39,99,0
14291,39,101,0
14292,39,96,0
14293,39,100,0
14294,40,100,0
14295,40,99,0
14296,39,99,0
14297,40,95,0
14298,39,101,0
14299,39,98,0
14300,40,98,0
14301,40,96,0
14302,39,96,0
14303,40,98,0
14304,38,100,0
14305,39,99,0
14306,39,101,0
14307,40,98,0
14308,40,98,0
14309,40,98,0
14310,39,98,0
14311,40,98,0
14312,39,98,0
14313,39,98,0
14314,38,98,0
14315,40,96,0
14316,40,96,0
14317,38,98,0
14318,39,98,0
14319,40,100,0
14320,39,99,0
14321,40,99,0
14322,40,101,0
14323,39,98,0
14324,40,100,0
14325,39,99,0
14326,39,101,0
14327,39,100,0
14328,41,98,0
14329,39,100,0
14330,40,97,0
14331,39,99,0
14332,40,102,0
14333,40,101,0
14334,40,98,0
14335,39,98,0
14336,39,98,0
14337,40,98,0
14338,39,98,0
14339,40,100,0
14340,39,97,0
14341,40,99,0
14342,63,101,0
14343,39,95,0
14344,39,98,0
14345,39,96,0
14346,39,97,0
14347,40,99,0
14348,40,100,0
14349,39,97,0
14350,40,97,0
14351,39,96,0
14352,40,99,0
14353,40,97,0
14354,40,99,0
14355,40,97,0
14356,38,98,0
14357,39,98,0
14358,38,98,0
14359,39,100,0
14360,39,97,0
14361,39,99,0
14362,39,97,0
14363,38,99,0
14364,39,97,0
14365,41,95,0
14366,41,98,0
14367,39,98,0
14368,39,96,0
14369,40,100,0
14370,40,99,0
14371,39,97,0
14372,39,99,0
14373,39,99,0
14374,39,97,0
14375,39,99,0
14376,39,97,0
14377,40,101,0
14378,40,98,0
14379,38,100,0
14380,39,101,0
14381,39,99,0
14382,41,97,0
14383,40,99,0
14384,39,99,0
14385,40,97,0
14386,40,100,0
14387,40,96,0
14388,39,98,0
14389,38,98,0
14390,38,98,0
14391,39,98,0
14392,39,98,0
14393,39,98,0
14394,39,98,0
14395,39,100,0
14396,40,97,0
14397,39,99,0
14398,38,101,0
14399,38,98,0
14400,39,98,0
14401,40,100,0
14402,39,97,0
14403,40,97,0
14404,41,101,0
14405,39,101,0
14406,40,98,0
14407,39,98,0
14408,40,100,0
14409,39,97,0
14410,40,97,0
14411,40,101,0
14412,40,98,0
14413,39,98,0
14414,40,99,0
14415,40,97,0
14416,40,97,0
14417,40,97,0
14418,40,97,0
14419,40,99,0
14420,39,101,0
14421,38,98,0
14422,39,100,0
14423,39,99,0
14424,39,101,0
14425,40,99,0
14426,40,98,0
14427,39,97,0
14428,39,100,0
14429,39,98,0
14430,39,98,0
14431,39,100,0
14432,41,97,0
14433,40,95,0
14434,39,98,0
14435,40,98,0
14436,40,100,0
14437,40,99,0
14438,40,99,0
14439,40,98,0
14440,38,98,0
14441,38,98,0
14442,39,98,0
14443,40,100,0
14444,39,99,0
14445,39,99,0
14446,39,99,0
14447,39,99,0
14448,39,99,0
14449,40,97,0
14450,40,97,0
14451,40,97,0
14452,40,99,0
14453,41,97,0
14454,39,99,0
14455,39,99,0
14456,40,99,0
14457,39,99,0
14458,40,99,0
14459,39,101,0
14460,39,98,0
14461,40,100,0
14462,41,99,0
14463,40,99,0
14464,40,99,0
14465,39,99,0
14466,39,99,0
14467,39,99,0
14468,40,97,0
14469,39,95,0
14470,39,99,0
14471,40,99,0
14472,40,97,0
14473,41,99,0
14474,40,97,0
14475,40,100,0
14476,39,100,0
14477,40,99,0
14478,39,101,0
14479,39,100,0
14480,40,99,0
14481,39,99,0
14482,40,99,0
14483,41,99,0
14484,39,97,0
14485,38,97,0
14486,39,101,0
14487,39,98,0
14488,39,98,0
14489,39,96,0
14490,40,100,0
14491,39,98,0
14492,40,98,0
14493,39,98,0
14494,40,100,0
14495,39,98,0
14496,40,98,0
14497,40,100,0
14498,39,101,0
14499,40,98,0
14500,40,98,0
14501,39,98,0
14502,40,96,0
14503,40,98,0
14504,39,96,0
14505,41,100,0
14506,38,101,0
14507,39,98,0
14508,40,98,0
14509,40,98,0
14510,40,100,0
14511,39,101,0
14512,40,98,0
14513,40,98,0
14514,39,98,0
14515,39,98,0
14516,40,100,0
14517,39,98,0
14518,39,98,0
14519,39,98,0
14520,39,98,0
14521,39,96,0
14522,40,98,0
14523,40,100,0
14524,39,101,0
14525,39,96,0
14526,40,98,0
14527,39,98,0
14528,39,96,0
14529,40,100,0
14530,40,97,0
14531,40,99,0
14532,39,97,0
14533,40,97,0
14534,39,101,0
14535,39,96,0
14536,39,98,0
14537,39,100,0
14538,39,101,0
14539,38,99,0
14540,40,95,0
14541,40,99,0
14542,41,97,0
14543,39,98,0
14544,38,98,0
14545,40,98,0
14546,39,97,0
14547,40,97,0
14548,39,97,0
14549,39,99,0
14550,39,97,0
14551,40,97,0
14552,38,98,0
14553,40,95,0
14554,39,100,0
14555,38,98,0
14556,40,96,0
14557,39,98,0
14558,39,98,0
14559,40,100,0
14560,40,97,0
14561,40,97,0
14562,39,99,0
14563,39,99,0
14564,40,99,0
14565,39,99,0
14566,38,99,0
14567,39,97,0
14568,39,99,0
14569,40,99,0
14570,40,99,0
14571,39,99,0
14572,40,101,0
14573,40,97,0
14574,40,99,0
14575,39,99,0
14576,39,98,0
14577,38,98,0
14578,39,98,0
14579,39,98,0
14580,40,98,0
14581,39,98,0
14582,39,95,0
14583,41,98,0
14584,39,97,0
14585,39,99,0
14586,41,100,0
14587,39,98,0
14588,40,98,0
14589,39,96,0
14590,40,98,0
14591,39,98,0
14592,39,98,0
14593,40,96,0
14594,40,98,0
14595,40,98,0
14596,40,98,0
14597,40,100,0
14598,39,97,0
14599,40,97,0
14600,39,101,0
14601,39,98,0
14602,39,96,0
14603,40,100,0
14604,38,98,0
14605,39,97,0
14606,40,99,0
14607,39,97,0
14608,39,97,0
14609,38,100,0
14610,39,101,0
14611,39,98,0
14612,39,98,0
14613,39,99,0
14614,39,99,0
14615,39,99,0
14616,39,97,0
14617,40,99,0
14618,39,100,0
14619,39,98,0
14620,40,98,0
14621,40,97,0
14622,39,99,0
14623,40,101,0
14624,39,96,0
14625,39,98,0
14626,40,100,0
14627,39,97,0
14628,40,99,0
14629,39,101,0
14630,39,98,0
14631,64,106,0
14632,40,97,0
14633,39,99,0
14634,39,98,0
14635,40,97,0
14636,39,97,0
14637,41,100,0
14638,40,97,0
14639,39,101,0
14640,39,100,0
14641,40,99,0
14642,38,97,0
14643,39,98,0
14644,39,98,0
14645,38,98,0
14646,39,98,0
14647,40,100,0
14648,39,99,0
14649,39,98,0
14650,40,98,0
14651,38,98,0
14652,40,100,0
14653,40,97,0
14654,40,97,0
14655,40,96,0
14656,39,98,0
14657,38,98,0
14658,39,98,0
14659,39,98,0
14660,39,98,0
14661,39,98,0
14662,39,96,0
14663,38,98,0
14664,40,96,0
14665,40,94,0
14666,40,98,0
14667,40,98,0
14668,39,98,0
14669,38,96,0
14670,38,100,0
14671,40,99,0
14672,39,99,0
14673,40,97,0
14674,39,97,0
14675,40,95,0
14676,39,98,0
14677,39,98,0
14678,38,98,0
14679,39,98,0
14680,39,98,0
14681,40,96,0
14682,40,98,0
14683,39,98,0
14684,39,98,0
14685,40,98,0
14686,39,96,0
14687,39,96,0
14688,39,98,0
14689,40,96,0
14690,40,96,0
14691,39,98,0
14692,39,100,0
14693,40,99,0
14694,39,99,0
14695,39,101,0
14696,40,100,0
14697,39,101,0
14698,40,96,0
14699,39,100,0
14700,40,97,0
14701,38,97,0
14702,39,101,0
14703,39,100,0
14704,40,99,0
14705,39,99,0
14706,40,100,0
14707,39,100,0
14708,40,101,0
14709,39,96,0
14710,40,100,0
14711,39,97,0
14712,39,100,0
14713,39,98,0
14714,40,99,0
14715,40,97,0
14716,41,97,0
14717,38,97,0
14718,40,99,0
14719,39,101,0
14720,41,98,0
14721,39,98,0
14722,39,100,0
14723,39,101,0
14724,39,98,0
14725,40,96,0
14726,39,99,0
14727,39,97,0
14728,39,99,0
14729,39,99,0
14730,40,97,0
14731,39,99,0
14732,39,97,0
14733,40,97,0
14734,39,101,0
14735,39,98,0
14736,39,98,0
14737,39,96,0
14738,39,100,0
14739,39,99,0
14740,38,99,0
14741,39,101,0
14742,39,100,0
14743,40,101,0
14744,40,97,0
14745,40,97,0
14746,40,99,0
14747,39,98,0
14748,40,100,0
14749,40,99,0
14750,39,99,0
14751,40,99,0
14752,40,100,0
14753,40,96,0
14754,40,98,0
14755,39,99,0
14756,39,99,0
14757,38,97,0
14758,40,99,0
14759,39,99,0
14760,39,99,0
14761,39,97,0
14762,39,99,0
14763,40,97,0
14764,40,101,0
14765,38,98,0
14766,39,100,0
14767,40,96,0
14768,39,100,0
14769,38,98,0
14770,39,98,0
14771,40,100,0
14772,39,97,0
14773,40,97,0
14774,38,98,0
14775,39,102,0
14776,39,99,0
14777,39,99,0
14778,40,98,0
14779,39,98,0
14780,40,100,0
14781,40,100,0
14782,39,101,0
14783,39,100,0
14784,39,98,0
14785,40,99,0
14786,39,98,0
14787,40,98,0
14788,39,98,0
14789,40,98,0
14790,39,98,0
14791,40,98,0
14792,39,100,0
14793,39,97,0
14794,39,99,0
14795,40,100,0
14796,40,100,0
14797,40,97,0
14798,39,98,0
14799,40,99,0
14800,40,97,0
14801,40,97,0
14802,39,99,0
14803,39,99,0
14804,39,101,0
14805,40,98,0
14806,39,96,0
14807,39,100,0
14808,40,101,0
14809,39,98,0
14810,41,99,0
14811,40,98,0
14812,41,98,0
14813,40,100,0
14814,39,96,0
14815,40,100,0
14816,41,98,0
14817,39,100,0
14818,39,100,0
14819,39,99,0
14820,39,100,0
14821,40,98,0
14822,39,100,0
14823,40,98,0
14824,39,98,0
14825,39,97,0
14826,41,99,0
14827,40,97,0
14828,40,99,0
14829,40,97,0
14830,39,99,0
14831,39,97,0
14832,39,99,0
14833,38,99,0
14834,39,99,0
14835,40,97,0
14836,41,99,0
14837,39,99,0
14838,40,97,0
14839,39,97,0
14840,40,97,0
14841,39,97,0
14842,39,99,0
14843,39,97,0
14844,41,99,0
14845,41,99,0
14846,40,97,0
14847,41,97,0
14848,39,101,0
14849,39,100,0
14850,39,101,0
14851,39,97,0
14852,39,96,0
14853,40,101,0
14854,39,98,0
14855,39,100,0
14856,39,96,0
14857,40,98,0
14858,42,97,0
14859,40,101,0
14860,39,99,0
14861,41,95,0
14862,39,98,0
14863,40,98,0
14864,40,100,0
14865,39,99,0
14866,39,99,0
14867,39,98,0
14868,39,98,0
14869,40,96,0
14870,41,96,0
14871,40,96,0
14872,39,98,0
14873,39,98,0
14874,40,100,0
14875,41,96,0
14876,40,98,0
14877,38,98,0
14878,40,100,0
14879,39,99,0
14880,39,99,0
14881,39,99,0
14882,39,99,0
14883,40,99,0
14884,39,97,0
14885,39,101,0
14886,40,96,0
14887,40,100,0
14888,39,96,0
14889,39,96,0
14890,39,99,0
14891,40,97,0
14892,39,97,0
14893,39,101,0
14894,39,98,0
14895,40,98,0
14896,39,98,0
14897,38,98,0
14898,40,96,0
14899,40,96,0
14900,39,98,0
14901,39,98,0
14902,39,100,0
14903,39,97,0
14904,39,99,0
14905,39,101,0
14906,39,96,0
14907,40,98,0
14908,39,98,0
14909,39,99,0
14910,40,97,0
14911,39,97,0
14912,39,97,0
14913,39,100,0
14914,38,99,0
14915,40,97,0
14916,39,98,0
14917,40,100,0
14918,66,100,0
14919,40,98,0
14920,38,95,0
14921,38,96,0
14922,38,99,0
14923,39,98,0
14924,40,101,0
14925,40,98,0
14926,39,98,0
14927,39,99,0
14928,41,97,0
14929,40,100,0
14930,39,97,0
14931,41,99,0
14932,39,98,0
14933,39,100,0
14934,39,97,0
14935,39,97,0
14936,39,99,0
14937,39,97,0
14938,39,98,0
14939,40,98,0
14940,39,98,0
14941,38,100,0
14942,41,101,0
14943,39,100,0
14944,39,99,0
14945,39,98,0
14946,39,98,0
14947,39,100,0
14948,39,99,0
14949,40,95,0
14950,40,97,0
14951,39,100,0
14952,41,98,0
14953,39,100,0
14954,39,97,0
14955,40,98,0
14956,39,98,0
14957,40,97,0
14958,38,99,0
14959,40,97,0
14960,39,97,0
14961,39,99,0
14962,40,98,0
14963,40,100,0
14964,39,99,0
14965,39,97,0
14966,39,99,0
14967,39,101,0
14968,39,96,0
14969,38,98,0
14970,40,97,0
14971,39,97,0
14972,40,99,0
14973,40,97,0
14974,39,98,0
14975,40,98,0
14976,40,98,0
14977,39,96,0
14978,40,98,0
14979,40,99,0
14980,39,101,0
14981,40,98,0
14982,40,100,0
14983,38,99,0
14984,39,99,0
14985,39,100,0
14986,40,98,0
14987,40,96,0
14988,40,99,0
14989,39,101,0
14990,39,96,0
14991,38,97,0
14992,39,97,0
14993,39,99,0
14994,39,98,0
14995,39,96,0
14996,39,100,0
14997,39,99,0
14998,40,97,0
14999,40,97,0
15000,39,97,0
15001,39,97,0
15002,38,97,0
15003,39,97,0
15004,39,98,0
15005,40,98,0
15006,39,96,0
15007,40,98,0
15008,39,96,0
15009,40,96,0
15010,39,96,0
15011,39,98,0
15012,39,98,0
15013,39,96,0
15014,39,98,0
15015,40,98,0
15016,39,100,0
15017,40,97,0
15018,40,101,0
15019,39,98,0
15020,39,98,0
15021,39,98,0
15022,39,98,0
15023,40,96,0
15024,38,98,0
15025,39,98,0
15026,40,98,0
15027,39,98,0
15028,39,100,0
15029,40,97,0
15030,39,99,0
15031,39,99,0
15032,40,99,0
15033,39,97,0
15034,39,97,0
15035,39,97,0
15036,39,99,0
15037,39,99,0
15038,40,97,0
15039,39,99,0
15040,38,97,0
15041,38,97,0
15042,38,99,0
15043,40,97,0
15044,38,99,0
15045,39,99,0
15046,39,99,0
15047,39,101,0
15048,39,98,0
15049,39,98,0
15050,39,98,0
15051,39,97,0
15052,40,97,0
15053,39,97,0
15054,38,97,0
15055,39,97,0
15056,39,97,0
15057,40,97,0
15058,39,97,0
15059,39,99,0
15060,40,97,0
15061,39,99,0
15062,40,97,0
15063,40,97,0
15064,39,99,0
15065,39,97,0
15066,38,99,0
15067,38,101,0
15068,40,98,0
15069,39,98,0
15070,39,96,0
15071,38,98,0
15072,39,99,0
15073,40,97,0
15074,39,99,0
15075,40,97,0
15076,39,101,0
15077,39,96,0
15078,39,98,0
15079,39,96,0
15080,40,98,0
15081,39,96,0
15082,40,98,0
15083,39,98,0
15084,38,98,0
15085,39,98,0
15086,39,98,0
15087,39,100,0
15088,39,99,0
15089,39,99,0
15090,41,99,0
15091,39,97,0
15092,40,98,0
15093,40,96,0
15094,39,100,0
15095,39,98,0
15096,40,97,0
15097,38,99,0
15098,39,97,0
15099,39,99,0
15100,39,95,0
15101,39,99,0
15102,38,99,0
15103,38,97,0
15104,40,97,0
15105,40,97,0
15106,40,97,0
15107,38,99,0
15108,39,97,0
15109,40,98,0
15110,40,98,0
15111,39,96,0
15112,39,98,0
15113,39,98,0
15114,39,98,0
15115,39,96,0
15116,39,98,0
15117,40,98,0
15118,40,100,0
15119,40,99,0
15120,39,99,0
15121,39,95,0
15122,39,97,0
15123,39,101,0
15124,39,98,0
15125,40,98,0
15126,40,96,0
15127,40,98,0
15128,39,98,0
15129,39,98,0
15130,39,96,0
15131,39,98,0
15132,40,96,0
15133,38,98,0
15134,39,100,0
15135,39,97,0
15136,40,97,0
15137,39,99,0
15138,39,97,0
15139,40,98,0
15140,39,96,0
15141,39,98,0
15142,38,98,0
15143,39,98,0
15144,39,96,0
15145,40,98,0
15146,40,98,0
15147,38,98,0
15148,39,98,0
15149,39,98,0
15150,39,98,0
15151,40,96,0
15152,39,98,0
15153,39,98,0
15154,39,97,0
15155,39,97,0
15156,39,97,0
15157,40,97,0
15158,40,97,0
15159,39,99,0
15160,39,97,0
15161,39,99,0
15162,39,97,0
15163,38,101,0
15164,40,98,0
15165,39,98,0
15166,38,100,0
15167,40,96,0
15168,40,98,0
15169,40,98,0
15170,39,98,0
15171,39,98,0
15172,38,97,0
15173,39,97,0
15174,40,99,0
15175,40,97,0
15176,40,99,0
15177,39,97,0
15178,39,97,0
15179,40,99,0
15180,38,97,0
15181,39,97,0
15182,39,99,0
15183,39,97,0
15184,39,97,0
15185,39,97,0
15186,39,97,0
15187,39,97,0
15188,39,97,0
15189,39,97,0
15190,39,97,0
15191,39,99,0
15192,40,95,0
15193,40,98,0
15194,40,98,0
15195,39,96,0
15196,38,96,0
15197,39,96,0
15198,39,96,0
15199,39,98,0
15200,40,98,0
15201,40,98,0
15202,38,96,0
15203,39,98,0
15204,39,98,0
15205,39,98,0
15206,39,98,0
15207,39,98,0
15208,39,98,0
15209,63,106,0
15210,39,98,0
15211,39,99,0
15212,39,99,0
15213,40,100,0
15214,39,100,0
15215,39,98,0
15216,39,98,0
15217,40,97,0
15218,39,99,0
15219,40,97,0
15220,40,100,0
15221,39,99,0
15222,40,101,0
15223,39,98,0
15224,39,100,0
15225,39,99,0
15226,40,100,0
15227,39,98,0
15228,40,98,0
15229,41,99,0
15230,38,99,0
15231,39,98,0
15232,40,98,0
15233,39,100,0
15234,39,99,0
15235,40,95,0
15236,40,100,0
15237,40,99,0
15238,39,101,0
15239,39,98,0
15240,39,100,0
15241,40,100,0
15242,40,101,0
15243,39,96,0
15244,39,98,0
15245,56,100,0
15246,39,97,0
15247,39,98,0
15248,41,99,0
15249,40,100,0
15250,39,101,0
15251,39,98,0
15252,39,97,0
15253,39,98,0
15254,39,98,0
15255,40,101,0
15256,40,96,0
15257,40,100,0
15258,40,99,0
15259,39,99,0
15260,39,98,0
15261,40,96,0
15262,40,100,0
15263,39,101,0
15264,40,98,0
15265,39,100,0
15266,39,99,0
15267,40,97,0
15268,39,98,0
15269,38,98,0
15270,40,98,0
15271,40,99,0
15272,39,97,0
15273,40,97,0
15274,39,97,0
15275,40,97,0
15276,40,98,0
15277,40,98,0
15278,39,98,0
15279,38,100,0
15280,38,99,0
15281,40,97,0
15282,41,97,0
15283,40,97,0
15284,39,97,0
15285,40,98,0
15286,39,96,0
15287,39,96,0
15288,39,96,0
15289,39,98,0
15290,39,98,0
15291,38,100,0
15292,39,97,0
15293,38,99,0
15294,39,101,0
15295,39,98,0
15296,39,100,0
15297,39,98,0
15298,39,99,0
15299,39,99,0
15300,39,98,0
15301,39,98,0
15302,39,100,0
15303,38,98,0
15304,40,97,0
15305,40,97,0
15306,39,97,0
15307,39,99,0
15308,39,97,0
15309,39,99,0
15310,39,99,0
15311,39,97,0
15312,39,99,0
15313,38,99,0
15314,38,97,0
15315,41,100,0
15316,38,98,0
15317,39,100,0
15318,39,99,0
15319,39,101,0
15320,39,98,0
15321,40,100,0
15322,39,100,0
15323,39,99,0
15324,40,97,0
15325,40,98,0
15326,39,96,0
15327,39,96,0
15328,39,98,0
15329,39,98,0
15330,39,100,0
15331,41,97,0
15332,38,99,0
15333,39,97,0
15334,40,97,0
15335,39,101,0
15336,39,100,0
15337,40,97,0
15338,40,101,0
15339,40,97,0
15340,39,97,0
15341,39,96,0
15342,40,97,0
15343,40,97,0
15344,39,97,0
15345,40,97,0
15346,40,95,0
15347,39,99,0
15348,39,101,0
15349,40,100,0
15350,39,99,0
15351,40,99,0
15352,39,99,0
15353,39,99,0
15354,39,99,0
15355,40,99,0
15356,39,99,0
15357,39,97,0
15358,39,99,0
15359,40,99,0
15360,39,97,0
15361,40,101,0
15362,40,98,0
15363,39,100,0
15364,39,99,0
15365,39,97,0
15366,39,97,0
15367,39,101,0
15368,39,100,0
15369,40,97,0
15370,39,99,0
15371,38,100,0
15372,40,97,0
15373,40,97,0
15374,39,98,0
15375,40,101,0
15376,40,98,0
15377,40,100,0
15378,40,97,0
15379,39,101,0
15380,41,101,0
15381,39,98,0
15382,38,98,0
15383,40,97,0
15384,40,95,0
15385,40,97,0
15386,39,99,0
15387,40,99,0
15388,39,98,0
15389,40,96,0
15390,39,98,0
15391,39,98,0
15392,39,100,0
15393,39,97,0
15394,39,97,0
15395,39,99,0
15396,39,97,0
15397,41,97,0
15398,40,97,0
15399,39,99,0
15400,39,99,0
15401,40,101,0
15402,39,98,0
15403,40,98,0
15404,40,98,0
15405,40,100,0
15406,40,99,0
15407,40,97,0
15408,39,99,0
15409,39,99,0
15410,40,97,0
15411,40,99,0
15412,39,99,0
15413,40,99,0
15414,40,97,0
15415,38,99,0
15416,39,101,0
15417,40,100,0
15418,40,99,0
15419,40,99,0
15420,40,99,0
15421,38,101,0
15422,40,99,0
15423,39,95,0
15424,40,95,0
15425,40,98,0
15426,39,97,0
15427,40,98,0
15428,39,98,0
15429,39,98,0
15430,39,98,0
15431,39,100,0
15432,39,98,0
15433,39,100,0
15434,40,97,0
15435,40,95,0
15436,40,97,0
15437,38,99,0
15438,38,101,0
15439,40,96,0
15440,39,100,0
15441,39,97,0
15442,39,101,0
15443,39,98,0
15444,40,98,0
15445,40,96,0
15446,39,98,0
15447,40,98,0
15448,38,98,0
15449,40,98,0
15450,39,98,0
15451,39,96,0
15452,39,98,0
15453,40,98,0
15454,40,98,0
15455,38,100,0
15456,39,97,0
15457,39,95,0
15458,40,101,0
15459,40,96,0
15460,40,100,0
15461,39,99,0
15462,39,97,0
15463,39,99,0
15464,39,97,0
15465,40,99,0
15466,40,97,0
15467,40,99,0
15468,40,101,0
15469,40,98,0
15470,39,98,0
15471,39,95,0
15472,39,97,0
15473,40,97,0
15474,40,99,0
15475,39,97,0
15476,39,97,0
15477,39,100,0
15478,40,100,0
15479,39,97,0
15480,39,99,0
15481,40,97,0
15482,39,97,0
15483,38,97,0
15484,40,97,0
15485,40,97,0
15486,39,97,0
15487,41,97,0
15488,40,99,0
15489,41,97,0
15490,40,97,0
15491,39,99,0
15492,40,99,0
15493,40,97,0
15494,39,99,0
15495,40,97,0
15496,40,97,0
15497,65,107,0
15498,40,98,0
15499,40,98,0
15500,41,98,0
15501,39,96,0
15502,40,100,0
15503,40,98,0
15504,40,98,0
15505,38,100,0
15506,39,98,0
15507,39,98,0
15508,40,98,0
15509,39,99,0
15510,39,99,0
15511,41,97,0
15512,40,97,0
15513,39,101,0
15514,40,100,0
15515,39,99,0
15516,40,95,0
15517,38,99,0
15518,40,99,0
15519,39,98,0
15520,40,96,0
15521,39,100,0
15522,39,101,0
15523,38,99,0
15524,40,98,0
15525,39,98,0
15526,39,98,0
15527,38,96,0
15528,38,98,0
15529,38,96,0
15530,39,98,0
15531,39,98,0
15532,39,100,0
15533,39,99,0
15534,40,99,0
15535,40,97,0
15536,40,97,0
15537,40,98,0
15538,38,98,0
15539,39,98,0
15540,40,96,0
15541,39,98,0
15542,39,100,0
15543,39,99,0
15544,40,97,0
15545,39,97,0
15546,41,97,0
15547,39,97,0
15548,39,97,0
15549,39,101,0
15550,39,100,0
15551,38,99,0
15552,39,99,0
15553,39,97,0
15554,39,97,0
15555,40,99,0
15556,39,99,0
15557,40,97,0
15558,39,99,0
15559,41,97,0
15560,39,97,0
15561,38,99,0
15562,41,97,0
15563,39,99,0
15564,40,99,0
15565,39,99,0
15566,39,99,0
15567,40,97,0
15568,40,97,0
15569,40,97,0
15570,39,99,0
15571,40,99,0
15572,40,101,0
15573,39,98,0
15574,39,98,0
15575,40,100,0
15576,39,97,0
15577,39,99,0
15578,40,97,0
15579,39,97,0
15580,40,97,0
15581,39,99,0
15582,40,99,0
15583,40,101,0
15584,40,97,0
15585,40,99,0
15586,41,97,0
15587,40,97,0
15588,38,99,0
15589,40,97,0
15590,39,97,0
15591,40,97,0
15592,39,98,0
15593,40,98,0
15594,39,98,0
15595,38,98,0
15596,40,98,0
15597,39,96,0
15598,40,98,0
15599,40,100,0
15600,39,97,0
15601,39,97,0
15602,41,99,0
15603,39,99,0
15604,40,99,0
15605,40,99,0
15606,40,99,0
15607,41,99,0
15608,40,97,0
15609,39,97,0
15610,39,97,0
15611,41,99,0
15612,39,99,0
15613,39,97,0
15614,40,97,0
15615,39,97,0
15616,39,97,0
15617,39,97,0
15618,40,99,0
15619,39,99,0
15620,39,97,0
15621,39,97,0
15622,40,97,0
15623,39,97,0
15624,38,99,0
15625,39,97,0
15626,40,101,0
15627,39,97,0
15628,39,101,0
15629,38,98,0
15630,39,96,0
15631,38,98,0
15632,39,98,0
15633,40,100,0
15634,39,99,0
15635,39,97,0
15636,40,99,0
15637,40,97,0
15638,39,99,0
15639,40,99,0
15640,39,99,0
15641,41,97,0
15642,39,97,0
15643,39,99,0
15644,39,99,0
15645,39,97,0
15646,38,99,0
15647,40,101,0
15648,40,98,0
15649,39,98,0
15650,40,98,0
15651,39,98,0
15652,39,98,0
15653,39,100,0
15654,40,97,0
15655,40,97,0
15656,40,95,0
15657,39,97,0
15658,41,97,0
15659,39,99,0
15660,40,97,0
15661,40,99,0
15662,40,98,0
15663,39,98,0
15664,40,100,0
15665,40,100,0
15666,40,97,0
15667,39,97,0
15668,39,97,0
15669,39,99,0
15670,40,99,0
15671,41,97,0
15672,41,99,0
15673,41,97,0
15674,40,99,0
15675,41,100,0
15676,40,100,0
15677,39,101,0
15678,39,98,0
15679,39,98,0
15680,40,100,0
15681,39,98,0
15682,39,97,0
15683,38,99,0
15684,39,99,0
15685,40,99,0
15686,41,99,0
15687,39,101,0
15688,38,98,0
15689,39,98,0
15690,40,96,0
15691,39,98,0
15692,39,98,0
15693,39,98,0
15694,40,98,0
15695,39,98,0
15696,39,98,0
15697,40,102,0
15698,40,97,0
15699,40,99,0
15700,40,97,0
15701,41,101,0
15702,39,96,0
15703,38,98,0
15704,39,98,0
15705,40,98,0
15706,39,98,0
15707,39,98,0
15708,39,98,0
15709,39,98,0
15710,38,98,0
15711,41,98,0
15712,40,98,0
15713,40,98,0
15714,40,98,0
15715,39,98,0
15716,40,102,0
15717,38,101,0
15718,40,100,0
15719,39,100,0
15720,39,99,0
15721,39,99,0
15722,39,97,0
15723,40,101,0
15724,39,100,0
15725,40,97,0
15726,39,99,0
15727,40,99,0
15728,39,97,0
15729,40,97,0
15730,39,97,0
15731,39,101,0
15732,39,98,0
15733,39,98,0
15734,40,102,0
15735,40,99,0
15736,39,97,0
15737,40,99,0
15738,39,99,0
15739,40,97,0
15740,40,97,0
15741,39,99,0
15742,39,99,0
15743,39,99,0
15744,40,97,0
15745,41,101,0
15746,40,98,0
15747,40,98,0
15748,39,100,0
15749,39,99,0
15750,40,99,0
15751,40,99,0
15752,38,99,0
15753,39,99,0
15754,39,97,0
15755,39,99,0
15756,40,97,0
15757,39,99,0
15758,69,120,0
15759,46,117,0
15760,38,98,0
15761,46,115,0
15762,39,97,0
15763,39,98,0
15764,40,98,0
15765,38,97,0
15766,40,97,0
15767,39,97,0
15768,39,99,0
15769,39,98,0
15770,40,98,0
15771,38,98,0
15772,40,98,0
15773,40,98,0
15774,40,99,0
15775,40,99,0
15776,39,101,0
15777,40,97,0
15778,172,134,0
15779,59,134,0
15780,45,124,0
15781,52,112,0
15782,46,110,0
15783,47,116,0
15784,45,110,0
15785,44,115,0
15786,70,100,0
15787,40,113,0
15788,45,109,0
15789,55,171,0
15790,48,148,0
15791,54,136,0
15792,60,161,0
15793,87,225,0
15794,55,118,0
15795,48,115,0
15796,43,104,0
15797,42,105,0
15798,42,102,0
15799,42,103,0
15800,41,104,0
15801,42,105,0
15802,41,106,0
15803,43,104,0
15804,41,105,0
15805,42,104,0
15806,42,105,0
15807,42,104,0
15808,41,104,0
15809,74,174,0
15810,73,180,0
15811,72,183,0
15812,70,250,0
15813,41,105,0
15814,49,132,0
15815,42,167,0
15816,95,169,0
15817,71,108,0
15818,47,120,0
15819,49,114,0
15820,51,120,0
15821,48,113,0
15822,47,126,0
15823,47,114,0
15824,45,116,0
15825,43,106,0
15826,45,114,0
15827,42,108,0
15828,44,110,0
15829,41,104,0
15830,41,107,0
15831,48,118,0
15832,48,118,0
15833,41,103,0
15834,41,102,0
15835,42,104,0
15836,41,103,0
15837,41,104,0
15838,42,101,0
15839,42,104,0
15840,42,103,0
15841,41,102,0
15842,41,103,0
15843,42,104,0
15844,41,103,0
15845,42,104,0
15846,42,105,0
15847,42,104,0
15848,41,102,0
15849,42,103,0
15850,42,102,0
15851,41,101,0
15852,42,105,0
15853,42,104,0
15854,41,103,0
15855,39,104,0
15856,40,102,0
15857,41,109,0
15858,41,104,0
15859,40,102,0
15860,40,103,0
15861,41,102,0
15862,41,103,0
15863,41,101,0
15864,41,104,0
15865,42,105,0
15866,41,104,0
15867,42,102,0
15868,41,105,0
15869,41,102,0
15870,42,102,0
15871,42,105,0
15872,42,104,0
15873,42,103,0
15874,42,102,0
15875,41,104,0
15876,41,101,0
15877,42,102,0
15878,42,103,0
15879,41,104,0
15880,42,104,0
15881,41,103,0
15882,42,104,0
15883,40,103,0
15884,41,102,0
15885,42,102,0
15886,41,101,0
15887,40,102,0
15888,42,105,0
15889,42,104,0
15890,42,104,0
15891,42,103,0
15892,42,104,0
15893,41,103,0
15894,41,102,0
15895,41,104,0
15896,41,99,0
15897,42,104,0
15898,41,110,0
15899,41,103,0
15900,41,104,0
15901,42,103,0
15902,42,104,0
15903,41,110,0
15904,41,101,0
15905,41,112,0
15906,42,103,0
15907,41,102,0
15908,41,102,0
15909,41,101,0
15910,42,102,0
15911,42,104,0
15912,42,103,0
15913,41,104,0
15914,42,103,0
15915,41,106,0
15916,42,108,0
15917,41,101,0
15918,41,104,0
15919,42,368,0
15920,95,110,0
15921,46,116,0
15922,49,118,0
15923,46,118,0
15924,46,115,0
15925,48,120,0
15926,48,120,0
15927,42,107,0
15928,44,110,0
15929,42,104,0
15930,46,114,0
15931,48,117,0
15932,46,105,0
15933,62,103,0
15934,41,102,0
15935,41,102,0
15936,41,101,0
15937,41,102,0
15938,41,104,0
15939,42,105,0
15940,41,105,0
15941,42,106,0
15942,41,102,0
15943,42,103,0
15944,41,104,0
15945,41,101,0
15946,41,104,0
15947,41,103,0
15948,41,104,0
15949,42,103,0
15950,41,102,0
15951,40,103,0
15952,40,102,0
15953,41,102,0
15954,41,101,0
15955,41,102,0
15956,42,101,0
15957,41,102,0
15958,42,103,0
15959,40,102,0
15960,40,103,0
15961,42,100,0
15962,41,103,0
15963,40,102,0
15964,40,103,0
15965,41,102,0
15966,41,103,0
15967,40,104,0
15968,40,103,0
15969,41,102,0
15970,41,103,0
15971,41,102,0
15972,42,104,0
15973,42,104,0
15974,42,104,0
15975,42,102,0
15976,41,102,0
15977,41,101,0
15978,42,104,0
15979,40,103,0
15980,42,102,0
15981,42,103,0
15982,40,104,0
15983,41,103,0
15984,42,102,0
15985,41,103,0
15986,40,104,0
15987,43,101,0
15988,41,104,0
15989,40,103,0
15990,40,104,0
15991,42,103,0
15992,41,104,0
15993,41,103,0
15994,41,104,0
15995,42,104,0
15996,41,103,0
15997,41,102,0
15998,41,103,0
15999,42,104,0
16000,41,105,0
16001,48,120,0
16002,41,105,0
16003,40,103,0
16004,41,100,0
16005,41,103,0
16006,41,99,0
16007,41,103,0
16008,41,102,0
16009,41,103,0
16010,41,102,0
16011,41,102,0
16012,41,103,0
16013,41,102,0
16014,40,102,0
16015,42,103,0
16016,41,104,0
16017,41,103,0
16018,42,102,0
16019,42,104,0
16020,42,103,0
16021,42,102,0
16022,41,101,0
16023,42,103,0
16024,41,102,0
16025,42,101,0
16026,41,104,0
16027,41,102,0
16028,41,103,0
16029,41,102,0
16030,41,104,0
16031,42,103,0
16032,41,104,0
16033,41,102,0
16034,41,103,0
16035,42,104,0
16036,41,103,0
16037,41,103,0
16038,40,104,0
16039,42,103,0
16040,41,104,0
16041,42,104,0
16042,42,103,0
16043,42,104,0
16044,41,104,0
16045,41,101,0
16046,41,102,0
16047,42,104,0
16048,41,103,0
16049,42,102,0
16050,41,103,0
16051,42,104,0
16052,41,102,0
16053,42,101,0
16054,41,104,0
16055,42,103,0
16056,41,103,0
16057,41,102,0
16058,42,101,0
16059,44,104,0
16060,41,101,0
16061,41,100,0
16062,40,103,0
16063,43,104,0
16064,41,104,0
16065,42,103,0
16066,41,102,0
16067,42,107,0
16068,42,104,0
16069,42,103,0
16070,42,102,0
16071,42,106,0
16072,43,101,0
16073,41,104,0
16074,41,101,0
16075,43,106,0
16076,41,104,0
16077,41,103,0
16078,42,102,0
16079,41,105,0
16080,41,102,0
16081,42,101,0
16082,41,104,0
16083,41,102,0
16084,40,103,0
16085,40,104,0
16086,42,103,0
16087,41,102,0
16088,42,104,0
16089,41,101,0
16090,42,102,0
16091,41,103,0
16092,41,102,0
16093,42,103,0
16094,41,104,0
16095,42,104,0
16096,42,105,0
16097,41,102,0
16098,41,103,0
16099,41,102,0
16100,41,104,0
16101,41,103,0
16102,42,104,0
16103,41,103,0
16104,42,104,0
16105,41,102,0
16106,41,103,0
16107,42,102,0
16108,42,103,0
16109,41,102,0
16110,42,104,0
16111,41,103,0
16112,41,104,0
16113,42,103,0
16114,43,104,0
16115,42,100,0
16116,41,101,0
16117,41,102,0
16118,41,104,0
16119,42,105,0
16120,42,102,0
16121,42,103,0
16122,40,102,0
16123,40,102,0
16124,41,103,0
16125,41,104,0
16126,41,102,0
16127,41,103,0
16128,42,102,0
16129,41,104,0
16130,42,105,0
16131,41,102,0
16132,41,103,0
16133,42,104,0
16134,41,102,0
16135,41,101,0
16136,42,104,0
16137,41,104,0
16138,42,103,0
16139,41,102,0
16140,42,104,0
16141,41,103,0
16142,42,102,0
16143,41,105,0
16144,42,104,0
16145,42,104,0
16146,41,101,0
16147,41,102,0
16148,41,104,0
16149,41,103,0
16150,41,102,0
16151,41,102,0
16152,41,103,0
16153,42,104,0
16154,42,103,0
16155,42,103,0
16156,42,104,0
16157,42,103,0
16158,42,102,0
16159,40,104,0
16160,41,103,0
16161,41,104,0
16162,41,102,0
16163,41,103,0
16164,42,106,0
16165,332,711,0
16166,40,98,0
16167,39,99,0
16168,41,99,0
16169,40,97,0
16170,39,97,0
16171,39,101,0
16172,39,98,0
16173,41,99,0
16174,39,97,0
16175,38,99,0
16176,39,99,0
16177,39,99,0
16178,39,98,0
16179,38,100,0
16180,39,98,0
16181,39,95,0
16182,40,99,0
16183,40,97,0
16184,39,97,0
16185,40,99,0
16186,40,100,0
16187,40,98,0
16188,39,99,0
16189,40,97,0
16190,39,99,0
16191,39,99,0
16192,39,95,0
16193,40,99,0
16194,39,99,0
16195,39,95,0
16196,38,99,0
16197,126,98,0
16198,40,97,0
16199,38,98,0
16200,40,96,0
16201,39,98,0
16202,40,98,0
16203,40,98,0
16204,40,99,0
16205,39,99,0
16206,39,99,0
16207,39,95,0
16208,41,100,0
16209,39,98,0
16210,40,99,0
16211,40,97,0
16212,40,99,0
16213,39,101,0
16214,40,98,0
16215,39,98,0
16216,39,98,0
16217,40,98,0
16218,39,99,0
16219,39,97,0
16220,39,97,0
16221,39,99,0
16222,41,99,0
16223,39,98,0
16224,39,98,0
16225,39,98,0
16226,39,100,0
16227,40,97,0
16228,39,99,0
16229,38,99,0
16230,40,97,0
16231,40,97,0
16232,39,99,0
16233,38,98,0
16234,39,100,0
16235,39,98,0
16236,40,97,0
16237,41,97,0
16238,39,99,0
16239,40,99,0
16240,39,99,0
16241,39,97,0
16242,40,95,0
16243,40,98,0
16244,40,96,0
16245,39,98,0
16246,40,96,0
16247,38,96,0
16248,40,100,0
16249,38,101,0
16250,40,100,0
16251,39,99,0
16252,39,99,0
16253,39,99,0
16254,39,101,0
16255,40,98,0
16256,39,100,0
16257,39,99,0
16258,40,97,0
16259,40,97,0
16260,40,97,0
16261,40,97,0
16262,39,98,0
16263,40,100,0
16264,39,98,0
16265,40,97,0
16266,39,97,0
16267,39,99,0
16268,39,101,0
16269,40,100,0
16270,39,102,0
16271,39,99,0
16272,41,99,0
16273,39,98,0
16274,40,98,0
16275,39,98,0
16276,40,96,0
16277,38,98,0
16278,39,98,0
16279,39,98,0
16280,39,100,0
16281,40,99,0
16282,38,97,0
16283,39,97,0
16284,38,99,0
16285,39,100,0
16286,39,100,0
16287,39,97,0
16288,39,97,0
16289,40,97,0
16290,39,97,0
16291,39,97,0
16292,40,98,0
16293,38,98,0
16294,39,98,0
16295,40,98,0
16296,40,98,0
16297,39,100,0
16298,39,99,0
16299,38,97,0
16300,39,97,0
16301,40,97,0
16302,39,96,0
16303,40,98,0
16304,39,98,0
16305,39,100,0
16306,39,101,0
16307,40,100,0
16308,40,98,0
16309,39,100,0
16310,40,97,0
16311,39,101,0
16312,39,98,0
16313,39,100,0
16314,40,97,0
16315,39,101,0
16316,39,100,0
16317,40,100,0
16318,39,97,0
16319,39,99,0
16320,40,98,0
16321,39,94,0
16322,39,96,0
16323,39,98,0
16324,39,97,0
16325,39,99,0
16326,39,99,0
16327,39,99,0
16328,39,97,0
16329,39,99,0
16330,39,97,0
16331,38,99,0
16332,38,97,0
16333,39,99,0
16334,39,97,0
16335,39,100,0
16336,40,98,0
16337,38,100,0
16338,38,99,0
16339,40,99,0
16340,40,98,0
16341,39,98,0
16342,39,97,0
16343,39,97,0
16344,39,98,0
16345,38,99,0
16346,39,99,0
16347,39,98,0
16348,40,100,0
16349,39,98,0
16350,39,96,0
16351,39,100,0
16352,40,98,0
16353,38,100,0
16354,39,99,0
16355,39,97,0
16356,38,97,0
16357,41,98,0
16358,39,100,0
16359,40,101,0
16360,40,98,0
16361,40,98,0
16362,39,98,0
16363,40,100,0
16364,39,97,0
16365,40,101,0
16366,39,98,0
16367,39,96,0
16368,39,99,0
16369,39,101,0
16370,39,100,0
16371,40,99,0
16372,40,99,0
16373,41,99,0
16374,39,97,0
16375,40,99,0
16376,39,97,0
16377,39,99,0
16378,40,98,0
16379,40,98,0
16380,39,96,0
16381,40,98,0
16382,40,100,0
16383,40,97,0
16384,40,97,0
16385,39,99,0
16386,39,100,0
16387,39,100,0
16388,40,97,0
16389,39,101,0
16390,40,100,0
16391,41,97,0
16392,39,101,0
16393,41,100,0
16394,39,101,0
16395,39,100,0
16396,40,98,0
16397,39,97,0
16398,38,98,0
16399,40,98,0
16400,39,98,0
16401,39,98,0
16402,40,98,0
16403,39,98,0
16404,39,98,0
16405,38,100,0
16406,40,97,0
16407,39,98,0
16408,39,98,0
16409,40,101,0
16410,39,97,0
16411,39,99,0
16412,39,98,0
16413,39,98,0
16414,40,99,0
16415,40,97,0
16416,39,99,0
16417,40,99,0
16418,39,97,0
16419,40,95,0
16420,38,97,0
16421,39,98,0
16422,40,98,0
16423,40,98,0
16424,39,102,0
16425,40,99,0
16426,40,99,0
16427,39,97,0
16428,41,99,0
16429,39,99,0
16430,39,98,0
16431,40,100,0
16432,40,99,0
16433,41,99,0
16434,39,99,0
16435,40,97,0
16436,40,95,0
16437,41,97,0
16438,40,100,0
16439,39,100,0
16440,40,98,0
16441,40,96,0
16442,39,98,0
16443,39,97,0
16444,40,97,0
16445,41,99,0
16446,39,97,0
16447,39,95,0
16448,41,97,0
16449,39,99,0
16450,39,98,0
16451,40,98,0
16452,40,100,0
16453,40,97,0
16454,40,97,0
16455,39,99,0
16456,40,97,0
16457,39,99,0
16458,39,101,0
16459,40,98,0
16460,40,100,0
16461,39,99,0
16462,41,97,0
16463,40,100,0
16464,39,100,0
16465,40,97,0
16466,39,98,0
16467,40,102,0
16468,40,101,0
16469,39,94,0
16470,39,101,0
16471,40,98,0
16472,40,98,0
16473,40,97,0
16474,39,100,0
16475,40,99,0
16476,39,99,0
16477,40,98,0
16478,40,98,0
16479,39,100,0
16480,38,97,0
16481,40,97,0
16482,41,99,0
16483,40,98,0
16484,39,100,0
16485,40,100,0
16486,39,98,0
16487,39,97,0
16488,40,97,0
16489,40,98,0
16490,39,98,0
16491,39,98,0
16492,39,98,0
16493,39,100,0
16494,40,97,0
16495,40,95,0
16496,42,99,0
16497,38,97,0
16498,39,98,0
16499,40,100,0
16500,40,96,0
16501,39,97,0
16502,40,99,0
16503,39,97,0
16504,39,99,0
16505,39,95,0
16506,40,99,0
16507,40,99,0
16508,39,98,0
16509,40,98,0
16510,40,100,0
16511,40,99,0
16512,39,99,0
16513,40,97,0
16514,39,97,0
16515,40,99,0
16516,40,99,0
16517,38,99,0
16518,39,97,0
16519,38,96,0
16520,40,100,0
16521,39,97,0
16522,42,99,0
16523,40,97,0
16524,40,97,0
16525,39,99,0
16526,40,98,0
16527,39,98,0
16528,38,98,0
16529,39,98,0
16530,40,98,0
16531,39,96,0
16532,39,96,0
16533,40,98,0
16534,39,98,0
16535,39,99,0
16536,39,99,0
16537,39,97,0
16538,40,97,0
16539,39,97,0
16540,40,101,0
16541,39,98,0
16542,40,98,0
16543,38,98,0
16544,38,100,0
16545,39,97,0
16546,39,99,0
16547,40,98,0
16548,39,98,0
16549,39,98,0
16550,39,96,0
16551,39,98,0
16552,38,100,0
16553,39,99,0
16554,39,97,0
16555,39,95,0
16556,38,97,0
16557,39,97,0
16558,39,99,0
16559,40,98,0
16560,39,98,0
16561,40,100,0
16562,40,97,0
16563,39,101,0
16564,40,98,0
16565,40,96,0
16566,39,98,0
16567,40,100,0
16568,40,97,0
16569,39,99,0
16570,40,97,0
16571,39,99,0
16572,39,100,0
16573,39,98,0
16574,39,100,0
16575,40,97,0
16576,39,98,0
16577,39,98,0
16578,38,100,0
16579,40,97,0
16580,40,97,0
16581,40,97,0
16582,40,97,0
16583,41,95,0
16584,40,98,0
16585,39,96,0
16586,39,98,0
16587,39,98,0
16588,40,98,0
16589,40,96,0
16590,38,100,0
16591,40,99,0
16592,40,98,0
16593,39,98,0
16594,40,98,0
16595,39,98,0
16596,39,96,0
16597,40,98,0
16598,38,99,0
16599,39,97,0
16600,41,99,0
16601,39,95,0
16602,39,97,0
16603,39,99,0
16604,41,98,0
16605,39,98,0
16606,40,100,0
16607,41,99,0
16608,40,97,0
16609,39,97,0
16610,38,99,0
16611,40,99,0
16612,40,100,0
16613,41,98,0
16614,39,101,0
16615,39,98,0
16616,40,98,0
16617,39,98,0
16618,39,100,0
16619,39,99,0
16620,38,97,0
16621,40,102,0
16622,39,97,0
16623,40,97,0
16624,39,98,0
16625,39,96,0
16626,38,96,0
16627,39,100,0
16628,40,97,0
16629,39,99,0
16630,64,99,0
16631,39,99,0
16632,40,99,0
16633,40,97,0
16634,39,100,0
16635,39,101,0
16636,40,100,0
16637,39,97,0
16638,39,98,0
16639,39,100,0
16640,39,95,0
16641,39,96,0
16642,38,98,0
16643,40,100,0
16644,40,99,0
16645,40,97,0
16646,39,97,0
16647,39,100,0
16648,39,100,0
16649,40,97,0
16650,40,97,0
16651,40,97,0
16652,39,96,0
16653,40,98,0
16654,39,98,0
16655,40,98,0
16656,39,98,0
16657,40,97,0
16658,38,99,0
16659,39,99,0
16660,39,97,0
16661,39,99,0
16662,39,99,0
16663,39,97,0
16664,40,97,0
16665,39,95,0
16666,39,98,0
16667,40,98,0
16668,39,96,0
16669,39,98,0
16670,39,98,0
16671,39,98,0
16672,39,100,0
16673,40,97,0
16674,39,97,0
16675,39,99,0
16676,40,97,0
16677,39,97,0
16678,39,99,0
16679,40,97,0
16680,40,97,0
16681,39,99,0
16682,38,99,0
16683,39,97,0
16684,40,99,0
16685,40,97,0
16686,39,99,0
16687,40,95,0
16688,38,99,0
16689,39,97,0
16690,40,97,0
16691,40,97,0
16692,40,97,0
16693,38,97,0
16694,39,97,0
16695,39,97,0
16696,39,101,0
16697,39,98,0
16698,39,98,0
16699,39,96,0
16700,39,98,0
16701,39,98,0
16702,39,98,0
16703,39,98,0
16704,39,98,0
16705,39,98,0
16706,39,98,0
16707,38,98,0
16708,39,98,0
16709,39,96,0
16710,39,96,0
16711,39,98,0
16712,39,98,0
16713,40,98,0
16714,39,94,0
16715,39,98,0
16716,38,98,0
16717,39,98,0
16718,39,98,0
16719,40,98,0
16720,39,97,0
16721,39,97,0
16722,39,97,0
16723,39,97,0
16724,39,99,0
16725,39,97,0
16726,39,99,0
16727,39,99,0
16728,40,99,0
16729,39,99,0
16730,38,99,0
16731,39,99,0
16732,40,95,0
16733,40,95,0
16734,40,95,0
16735,39,99,0
16736,39,99,0
16737,40,99,0
16738,39,99,0
16739,40,97,0
16740,40,97,0
16741,38,97,0
16742,38,99,0
16743,38,97,0
16744,40,97,0
16745,40,95,0
16746,40,97,0
16747,39,97,0
16748,39,99,0
16749,40,97,0
16750,40,97,0
16751,40,99,0
16752,40,98,0
16753,39,98,0
16754,39,98,0
16755,38,98,0
16756,39,100,0
16757,40,98,0
16758,39,100,0
16759,39,101,0
16760,40,98,0
16761,39,100,0
16762,39,100,0
16763,40,101,0
16764,39,100,0
16765,40,99,0
16766,40,95,0
16767,39,97,0
16768,39,97,0
16769,39,100,0
16770,41,98,0
16771,40,98,0
16772,40,98,0
16773,39,98,0
16774,39,102,0
16775,39,101,0
16776,39,100,0
16777,40,97,0
16778,40,97,0
16779,39,100,0
16780,40,98,0
16781,40,100,0
16782,39,99,0
16783,38,99,0
16784,39,100,0
16785,39,98,0
16786,39,98,0
16787,39,98,0
16788,41,97,0
16789,39,97,0
16790,39,97,0
16791,39,100,0
16792,40,97,0
16793,39,99,0
16794,40,97,0
16795,39,97,0
16796,39,99,0
16797,39,101,0
16798,40,100,0
16799,40,100,0
16800,40,97,0
16801,39,99,0
16802,38,99,0
16803,38,99,0
16804,38,97,0
16805,38,99,0
16806,40,95,0
16807,39,99,0
16808,39,97,0
16809,39,101,0
16810,39,98,0
16811,40,97,0
16812,41,97,0
16813,39,97,0
16814,40,97,0
16815,40,101,0
16816,39,96,0
16817,39,98,0
16818,40,100,0
16819,39,100,0
16820,39,97,0
16821,39,99,0
16822,38,99,0
16823,39,99,0
16824,39,98,0
16825,39,98,0
16826,40,98,0
16827,39,97,0
16828,39,99,0
16829,39,97,0
16830,39,99,0
16831,40,97,0
16832,40,101,0
16833,40,98,0
16834,39,104,0
16835,39,97,0
16836,40,99,0
16837,40,101,0
16838,39,98,0
16839,39,98,0
16840,40,98,0
16841,40,97,0
16842,40,99,0
16843,39,99,0
16844,39,99,0
16845,40,97,0
16846,40,97,0
16847,38,99,0
16848,39,99,0
16849,40,97,0
16850,40,99,0
16851,39,101,0
16852,39,98,0
16853,40,96,0
16854,40,98,0
16855,39,98,0
16856,40,98,0
16857,39,96,0
16858,39,96,0
16859,40,98,0
16860,40,98,0
16861,39,98,0
16862,39,96,0
16863,40,98,0
16864,39,98,0
16865,39,96,0
16866,39,98,0
16867,40,98,0
16868,40,96,0
16869,41,98,0
16870,38,97,0
16871,39,97,0
16872,39,99,0
16873,40,99,0
16874,38,97,0
16875,39,98,0
16876,39,98,0
16877,39,98,0
16878,40,98,0
16879,40,98,0
16880,40,96,0
16881,39,96,0
16882,38,98,0
16883,40,98,0
16884,39,98,0
16885,40,97,0
16886,39,97,0
16887,40,97,0
16888,39,97,0
16889,38,97,0
16890,40,97,0
16891,39,99,0
16892,40,95,0
16893,39,99,0
16894,40,99,0
16895,39,99,0
16896,40,97,0
16897,39,99,0
16898,40,97,0
16899,40,97,0
16900,41,99,0
16901,39,101,0
16902,39,98,0
16903,40,100,0
16904,38,98,0
16905,40,96,0
16906,40,100,0
16907,39,97,0
16908,38,99,0
16909,39,99,0
16910,39,97,0
16911,40,97,0
16912,40,101,0
16913,40,96,0
16914,39,100,0
16915,40,99,0
16916,40,99,0
16917,40,99,0
16918,40,97,0
16919,39,97,0
16920,53,112,0
16921,44,109,0
16922,46,108,0
16923,44,111,0
16924,43,110,0
16925,39,99,0
16926,45,110,0
16927,45,130,0
16928,46,115,0
16929,40,97,0
16930,39,98,0
16931,40,98,0
16932,40,97,0
16933,39,99,0
16934,39,98,0
16935,40,98,0
16936,39,100,0
16937,40,97,0
16938,40,99,0
16939,40,97,0
16940,40,97,0
16941,40,99,0
16942,39,100,0
16943,40,98,0
16944,38,98,0
16945,39,99,0
16946,39,99,0
16947,40,101,0
16948,40,100,0
16949,40,101,0
16950,39,99,0
16951,39,100,0
16952,40,99,0
16953,40,97,0
16954,39,99,0
16955,39,99,0
16956,39,99,0
16957,40,99,0
16958,39,99,0
16959,39,99,0
16960,40,99,0
16961,40,99,0
16962,40,99,0
16963,39,99,0
16964,38,97,0
16965,39,97,0
16966,40,99,0
16967,39,99,0
16968,39,99,0
16969,40,99,0
16970,40,97,0
16971,39,99,0
16972,40,98,0
16973,40,98,0
16974,40,98,0
16975,39,98,0
16976,39,98,0
16977,40,100,0
16978,39,98,0
16979,40,98,0
16980,40,100,0
16981,39,101,0
16982,38,98,0
16983,40,96,0
16984,39,98,0
16985,38,98,0
16986,40,98,0
16987,39,98,0
16988,40,98,0
16989,40,98,0
16990,39,98,0
16991,39,100,0
16992,39,97,0
16993,40,97,0
16994,40,97,0
16995,40,97,0
16996,40,98,0
16997,40,100,0
16998,39,97,0
16999,39,99,0
17000,40,97,0
17001,40,99,0
17002,40,98,0
17003,40,98,0
17004,39,100,0
17005,39,94,0
17006,39,98,0
17007,40,96,0
17008,40,96,0
17009,39,98,0
17010,40,98,0
17011,40,100,0
17012,40,101,0
17013,40,97,0
17014,39,96,0
17015,39,98,0
17016,39,100,0
17017,39,101,0
17018,39,99,0
17019,39,98,0
17020,40,98,0
17021,39,98,0
17022,39,98,0
17023,39,100,0
17024,39,97,0
17025,40,99,0
17026,39,97,0
17027,39,99,0
17028,39,97,0
17029,39,99,0
17030,39,97,0
17031,40,97,0
17032,39,100,0
17033,39,101,0
17034,38,100,0
17035,39,96,0
17036,39,97,0
17037,39,97,0
17038,40,97,0
17039,41,97,0
17040,39,101,0
17041,38,97,0
17042,40,98,0
17043,39,100,0
17044,39,99,0
17045,40,101,0
17046,39,98,0
17047,38,98,0
17048,39,100,0
17049,40,99,0
17050,39,97,0
17051,40,100,0
17052,40,96,0
17053,41,100,0
17054,40,100,0
17055,39,97,0
17056,39,99,0
17057,40,98,0
17058,40,99,0
17059,39,97,0
17060,40,99,0
17061,40,99,0
17062,39,97,0
17063,40,97,0
17064,39,101,0
17065,40,99,0
17066,38,97,0
17067,40,99,0
17068,41,97,0
17069,40,97,0
17070,40,99,0
17071,40,97,0
17072,39,99,0
17073,39,100,0
17074,39,99,0
17075,40,99,0
17076,39,99,0
17077,40,97,0
17078,39,97,0
17079,40,99,0
17080,39,100,0
17081,40,101,0
17082,39,98,0
17083,40,100,0
17084,40,101,0
17085,40,99,0
17086,40,97,0
17087,39,99,0
17088,39,99,0
17089,39,99,0
17090,39,100,0
17091,40,98,0
17092,39,100,0
17093,39,99,0
17094,39,99,0
17095,40,97,0
17096,40,97,0
17097,39,101,0
17098,40,100,0
17099,39,100,0
17100,40,99,0
17101,39,100,0
17102,39,97,0
17103,39,99,0
17104,39,98,0
17105,39,98,0
17106,39,98,0
17107,39,96,0
17108,39,100,0
17109,41,101,0
17110,40,100,0
17111,38,98,0
17112,39,97,0
17113,39,99,0
17114,39,99,0
17115,39,101,0
17116,39,98,0
17117,39,98,0
17118,40,97,0
17119,40,97,0
17120,39,99,0
17121,40,97,0
17122,40,99,0
17123,40,99,0
17124,41,99,0
17125,39,99,0
17126,39,99,0
17127,39,99,0
17128,40,97,0
17129,39,99,0
17130,39,99,0
17131,40,99,0
17132,40,99,0
17133,39,99,0
17134,38,99,0
17135,40,99,0
17136,40,99,0
17137,41,97,0
17138,39,99,0
17139,40,97,0
17140,39,101,0
17141,39,100,0
17142,40,101,0
17143,39,97,0
17144,40,98,0
17145,39,98,0
17146,39,98,0
17147,40,102,0
17148,40,99,0
17149,40,101,0
17150,39,98,0
17151,39,98,0
17152,40,98,0
17153,40,98,0
17154,39,100,0
17155,39,97,0
17156,40,99,0
17157,40,97,0
17158,38,99,0
17159,39,99,0
17160,40,97,0
17161,40,98,0
17162,40,98,0
17163,39,98,0
17164,39,98,0
17165,39,98,0
17166,40,100,0
17167,40,101,0
17168,38,98,0
17169,39,98,0
17170,39,98,0
17171,39,98,0
17172,39,98,0
17173,40,96,0
17174,39,98,0
17175,39,96,0
17176,39,98,0
17177,39,98,0
17178,39,100,0
17179,39,97,0
17180,39,97,0
17181,40,101,0
17182,39,98,0
17183,39,100,0
17184,39,99,0
17185,40,97,0
17186,40,97,0
17187,40,97,0
17188,38,99,0
17189,40,97,0
17190,39,101,0
17191,39,98,0
17192,40,100,0
17193,39,97,0
17194,40,99,0
17195,39,97,0
17196,39,101,0
17197,39,100,0
17198,38,96,0
17199,40,96,0
17200,38,98,0
17201,39,100,0
17202,39,99,0
17203,40,97,0
17204,40,101,0
17205,38,98,0
17206,40,96,0
17207,39,97,0
17208,43,98,0
17209,38,96,0
17210,40,96,0
17211,39,98,0
17212,40,97,0
17213,39,101,0
17214,39,96,0
17215,39,97,0
17216,38,99,0
17217,40,96,0
17218,40,96,0
17219,40,96,0
17220,39,99,0
17221,40,99,0
17222,39,97,0
17223,39,101,0
17224,40,100,0
17225,40,97,0
17226,39,101,0
17227,39,98,0
17228,39,96,0
17229,40,97,0
17230,39,97,0
17231,39,99,0
17232,40,97,0
17233,40,99,0
17234,38,98,0
17235,40,98,0
17236,38,98,0
17237,40,98,0
17238,39,100,0
17239,41,97,0
17240,39,99,0
17241,39,98,0
17242,39,98,0
17243,39,98,0
17244,40,98,0
17245,40,97,0
17246,40,99,0
17247,38,97,0
17248,39,99,0
17249,39,99,0
17250,39,99,0
17251,41,99,0
17252,40,97,0
17253,41,99,0
17254,40,100,0
17255,39,100,0
17256,39,99,0
17257,38,97,0
17258,39,101,0
17259,38,100,0
17260,39,99,0
17261,40,99,0
17262,41,97,0
17263,41,99,0
17264,39,101,0
17265,39,98,0
17266,39,96,0
17267,40,98,0
17268,40,98,0
17269,39,100,0
17270,40,97,0
17271,38,99,0
17272,38,99,0
17273,40,98,0
17274,40,98,0
17275,40,98,0
17276,40,100,0
17277,39,97,0
17278,40,101,0
17279,38,98,0
17280,38,98,0
17281,38,98,0
17282,40,96,0
17283,40,100,0
17284,40,97,0
17285,40,101,0
17286,39,98,0
17287,39,98,0
17288,40,98,0
17289,40,100,0
17290,39,99,0
17291,39,99,0
17292,40,97,0
17293,39,99,0
17294,40,95,0
17295,40,99,0
17296,40,99,0
17297,40,98,0
17298,39,98,0
17299,39,98,0
17300,39,98,0
17301,39,98,0
17302,40,98,0
17303,39,98,0
17304,39,98,0
17305,40,100,0
17306,39,99,0
17307,39,99,0
17308,39,97,0
17309,39,100,0
17310,41,98,0
17311,39,100,0
17312,40,97,0
17313,41,100,0
17314,39,98,0
17315,39,98,0
17316,40,99,0
17317,40,97,0
17318,39,99,0
17319,39,99,0
17320,40,97,0
17321,39,101,0
17322,40,100,0
17323,41,97,0
17324,40,97,0
17325,40,97,0
17326,39,97,0
17327,40,97,0
17328,39,99,0
17329,40,97,0
17330,41,100,0
17331,40,100,0
17332,38,101,0
17333,39,96,0
17334,39,98,0
17335,40,98,0
17336,40,100,0
17337,39,99,0
17338,39,99,0
17339,39,101,0
17340,39,98,0
17341,40,98,0
17342,40,100,0
17343,39,97,0
17344,39,97,0
17345,38,99,0
17346,40,99,0
17347,39,101,0
17348,41,100,0
17349,38,99,0
17350,39,99,0
17351,39,99,0
17352,38,99,0
17353,40,95,0
17354,40,99,0
17355,41,98,0
17356,40,100,0
17357,40,100,0
17358,39,99,0
17359,39,101,0
17360,40,100,0
17361,40,97,0
17362,39,101,0
17363,39,98,0
17364,40,98,0
17365,39,98,0
17366,39,98,0
17367,40,98,0
17368,39,98,0
17369,40,98,0
17370,39,98,0
17371,40,100,0
17372,39,97,0
17373,39,97,0
17374,39,97,0
17375,38,97,0
17376,39,97,0
17377,40,97,0
17378,39,98,0
17379,38,98,0
17380,39,98,0
17381,39,96,0
17382,39,98,0
17383,39,100,0
17384,38,101,0
17385,39,100,0
17386,39,94,0
17387,40,98,0
17388,40,98,0
17389,40,100,0
17390,39,99,0
17391,38,97,0
17392,39,97,0
17393,39,99,0
17394,39,98,0
17395,39,96,0
17396,40,100,0
17397,39,98,0
17398,40,99,0
17399,39,97,0
17400,40,97,0
17401,38,99,0
17402,39,99,0
17403,39,99,0
17404,40,99,0
17405,40,99,0
17406,40,99,0
17407,40,97,0
17408,40,95,0
17409,39,101,0
17410,38,98,0
17411,39,100,0
17412,40,99,0
17413,41,99,0
17414,40,99,0
17415,40,101,0
17416,40,98,0
17417,39,100,0
17418,40,99,0
17419,41,99,0
17420,39,100,0
17421,39,98,0
17422,38,98,0
17423,39,97,0
17424,40,101,0
17425,39,98,0
17426,40,96,0
17427,38,101,0
17428,39,96,0
17429,39,96,0
17430,39,100,0
17431,40,99,0
17432,39,99,0
17433,40,96,0
17434,38,100,0
17435,40,97,0
17436,39,99,0
17437,40,95,0
17438,40,96,0
17439,39,98,0
17440,39,100,0
17441,39,98,0
17442,38,98,0
17443,40,101,0
17444,40,97,0
17445,39,101,0
17446,39,98,0
17447,38,100,0
17448,39,99,0
17449,40,97,0
17450,39,100,0
17451,39,99,0
17452,39,99,0
17453,39,98,0
17454,40,98,0
17455,40,100,0
17456,40,99,0
17457,41,99,0
17458,40,98,0
17459,38,98,0
17460,40,100,0
17461,39,98,0
17462,38,97,0
17463,39,99,0
17464,41,99,0
17465,39,99,0
17466,39,99,0
17467,39,99,0
17468,39,99,0
17469,40,97,0
17470,39,99,0
17471,40,97,0
17472,40,98,0
17473,39,100,0
17474,39,99,0
17475,39,99,0
17476,39,97,0
17477,40,97,0
17478,40,99,0
17479,39,101,0
17480,40,98,0
17481,40,98,0
17482,39,96,0
17483,40,98,0
17484,39,98,0
17485,40,98,0
17486,39,100,0
17487,40,99,0
17488,41,97,0
17489,40,100,0
17490,39,98,0
17491,38,97,0
17492,39,99,0
17493,40,99,0
17494,39,99,0
17495,40,97,0
17496,148,102,0
17497,39,98,0
17498,39,99,0
17499,39,99,0
17500,39,98,0
17501,39,98,0
17502,40,99,0
17503,40,97,0
17504,39,98,0
17505,38,98,0
17506,39,98,0
17507,40,97,0
17508,39,101,0
17509,39,98,0
17510,39,98,0
17511,38,98,0
17512,39,97,0
17513,39,101,0
17514,39,98,0
17515,39,98,0
17516,40,98,0
17517,39,96,0
17518,38,99,0
17519,39,99,0
17520,39,99,0
17521,39,97,0
17522,39,97,0
17523,39,100,0
17524,39,98,0
17525,39,97,0
17526,40,97,0
17527,38,97,0
17528,39,97,0
17529,39,98,0
17530,39,98,0
17531,39,98,0
17532,40,96,0
17533,40,96,0
17534,38,99,0
17535,40,101,0
17536,40,98,0
17537,39,100,0
17538,42,99,0
17539,39,97,0
17540,39,97,0
17541,39,97,0
17542,39,96,0
17543,40,98,0
17544,39,98,0
17545,40,98,0
17546,39,100,0
17547,39,97,0
17548,40,99,0
17549,38,97,0
17550,39,99,0
17551,39,97,0
17552,41,99,0
17553,40,95,0
17554,39,99,0
17555,40,97,0
17556,40,97,0
17557,39,97,0
17558,40,97,0
17559,39,97,0
17560,39,97,0
17561,38,98,0
17562,38,98,0
17563,147,427,0
17564,44,102,0
17565,41,107,0
17566,45,120,0
17567,45,114,0
17568,44,119,0
17569,44,111,0
17570,44,108,0
17571,45,121,0
17572,39,98,0
17573,41,106,0
17574,43,103,0
17575,40,99,0
17576,45,112,0
17577,46,111,0
17578,125,111,0
17579,41,99,0
17580,40,97,0
17581,40,97,0
17582,38,96,0
17583,39,98,0
17584,39,100,0
17585,39,100,0
17586,39,98,0
17587,39,99,0
17588,39,98,0
17589,39,96,0
17590,38,98,0
17591,40,96,0
17592,40,98,0
17593,40,99,0
17594,40,99,0
17595,39,99,0
17596,39,97,0
17597,39,96,0
17598,39,98,0
17599,40,98,0
17600,39,98,0
17601,38,98,0
17602,39,98,0
17603,41,97,0
17604,40,101,0
17605,40,98,0
17606,39,98,0
17607,40,101,0
17608,40,97,0
17609,39,100,0
17610,39,98,0
17611,39,99,0
17612,39,99,0
17613,40,97,0
17614,40,97,0
17615,39,101,0
17616,40,96,0
17617,40,98,0
17618,39,96,0
17619,39,98,0
17620,39,99,0
17621,39,99,0
17622,39,99,0
17623,40,95,0
17624,40,97,0
17625,40,99,0
17626,39,98,0
17627,40,98,0
17628,40,98,0
17629,39,96,0
17630,40,98,0
17631,39,98,0
17632,40,100,0
17633,40,97,0
17634,40,99,0
17635,40,97,0
17636,41,98,0
17637,40,98,0
17638,40,98,0
17639,39,98,0
17640,40,100,0
17641,39,99,0
17642,40,97,0
17643,40,97,0
17644,40,97,0
17645,39,101,0
17646,40,98,0
17647,40,98,0
17648,40,102,0
17649,39,100,0
17650,39,96,0
17651,40,98,0
17652,40,99,0
17653,38,99,0
17654,40,101,0
17655,39,96,0
17656,39,98,0
17657,40,98,0
17658,40,100,0
17659,39,97,0
17660,39,99,0
17661,38,101,0
17662,39,98,0
17663,38,98,0
17664,39,100,0
17665,40,97,0
17666,40,101,0
17667,39,99,0
17668,40,97,0
17669,39,98,0
17670,39,98,0
17671,39,96,0
17672,39,96,0
17673,40,96,0
17674,40,96,0
17675,40,98,0
17676,39,98,0
17677,39,98,0
17678,38,98,0
17679,40,98,0
17680,40,98,0
17681,39,100,0
17682,40,99,0
17683,39,97,0
17684,39,101,0
17685,39,98,0
17686,39,96,0
17687,39,98,0
17688,38,98,0
17689,40,100,0
17690,39,97,0
17691,39,97,0
17692,39,101,0
17693,39,98,0
17694,40,98,0
17695,39,98,0
17696,40,100,0
17697,40,97,0
17698,39,99,0
17699,39,97,0
17700,40,97,0
17701,39,97,0
17702,41,99,0
17703,39,99,0
17704,39,97,0
17705,39,97,0
17706,39,99,0
17707,41,99,0
17708,39,99,0
17709,39,99,0
17710,40,99,0
17711,40,99,0
17712,41,99,0
17713,39,99,0
17714,39,97,0
17715,39,99,0
17716,40,97,0
17717,39,99,0
17718,39,97,0
17719,40,97,0
17720,39,99,0
17721,39,101,0
17722,39,96,0
17723,38,98,0
17724,39,98,0
17725,40,98,0
17726,40,100,0
17727,38,100,0
17728,39,97,0
17729,39,101,0
17730,39,98,0
17731,39,98,0
17732,40,100,0
17733,40,97,0
17734,41,97,0
17735,40,99,0
17736,40,97,0
17737,39,99,0
17738,41,97,0
17739,39,97,0
17740,38,99,0
17741,40,97,0
17742,39,99,0
17743,39,101,0
17744,41,96,0
17745,40,98,0
17746,40,100,0
17747,39,99,0
17748,38,97,0
17749,40,97,0
17750,40,97,0
17751,39,99,0
17752,39,97,0
17753,39,101,0
17754,40,98,0
17755,39,98,0
17756,39,98,0
17757,40,100,0
17758,38,97,0
17759,40,99,0
17760,40,101,0
17761,40,99,0
17762,38,97,0
17763,40,97,0
17764,41,95,0
17765,40,102,0
17766,39,96,0
17767,40,98,0
17768,39,96,0
17769,40,100,0
17770,40,97,0
17771,40,99,0
17772,40,99,0
17773,38,99,0
17774,39,97,0
17775,39,99,0
17776,39,99,0
17777,40,97,0
17778,39,101,0
17779,40,100,0
17780,39,97,0
17781,38,99,0
17782,39,99,0
17783,39,99,0
17784,44,99,0
17785,40,98,0
17786,40,98,0
17787,38,99,0
17788,39,98,0
17789,40,98,0
17790,39,99,0
17791,39,97,0
17792,39,98,0
17793,39,98,0
17794,40,97,0
17795,39,101,0
17796,40,100,0
17797,40,99,0
17798,40,98,0
17799,39,98,0
17800,39,98,0
17801,39,100,0
17802,40,99,0
17803,39,97,0
17804,40,100,0
17805,40,100,0
17806,40,97,0
17807,41,97,0
17808,40,100,0
17809,40,96,0
17810,40,99,0
17811,41,99,0
17812,39,99,0
17813,39,99,0
17814,40,99,0
17815,39,98,0
17816,40,96,0
17817,40,100,0
17818,41,99,0
17819,39,99,0
17820,38,99,0
17821,38,99,0
17822,39,100,0
17823,39,98,0
17824,40,97,0
17825,39,97,0
17826,39,99,0
17827,40,97,0
17828,40,97,0
17829,38,98,0
17830,38,98,0
17831,40,98,0
17832,39,98,0
17833,39,98,0
17834,40,98,0
17835,40,97,0
17836,40,101,0
17837,39,100,0
17838,39,98,0
17839,39,99,0
17840,40,97,0
17841,39,99,0
17842,39,97,0
17843,40,99,0
17844,38,97,0
17845,39,99,0
17846,40,101,0
17847,40,97,0
17848,38,101,0
17849,39,100,0
17850,40,99,0
17851,39,99,0
17852,40,101,0
17853,40,97,0
17854,39,97,0
17855,38,97,0
17856,39,98,0
17857,39,98,0
17858,39,98,0
17859,40,96,0
17860,38,98,0
17861,40,98,0
17862,39,100,0
17863,40,100,0
17864,39,97,0
17865,39,97,0
17866,39,101,0
17867,40,98,0
17868,39,98,0
17869,40,98,0
17870,40,100,0
17871,39,100,0
17872,40,97,0
17873,38,97,0
17874,39,100,0
17875,40,99,0
17876,39,99,0
17877,41,98,0
17878,40,98,0
17879,40,98,0
17880,39,98,0
17881,39,98,0
17882,38,96,0
17883,40,98,0
17884,39,98,0
17885,40,100,0
17886,40,100,0
17887,39,99,0
17888,40,97,0
17889,39,97,0
17890,39,97,0
17891,39,99,0
17892,39,101,0
17893,39,100,0
17894,39,98,0
17895,38,98,0
17896,41,100,0
17897,40,97,0
17898,39,97,0
17899,40,101,0
17900,40,100,0
17901,40,98,0
17902,38,100,0
17903,39,97,0
17904,39,97,0
17905,38,97,0
17906,40,97,0
17907,41,99,0
17908,39,97,0
17909,40,97,0
17910,40,101,0
17911,39,98,0
17912,39,98,0
17913,38,98,0
17914,39,100,0
17915,39,100,0
17916,40,99,0
17917,39,101,0
17918,40,100,0
17919,39,97,0
17920,40,97,0
17921,39,98,0
17922,40,97,0
17923,38,100,0
17924,39,97,0
17925,40,97,0
17926,39,97,0
17927,39,101,0
17928,39,98,0
17929,39,96,0
17930,39,100,0
17931,41,97,0
17932,39,99,0
17933,40,99,0
17934,40,99,0
17935,40,99,0
17936,39,101,0
17937,40,98,0
17938,39,98,0
17939,39,95,0
17940,40,99,0
17941,39,99,0
17942,40,99,0
17943,39,99,0
17944,40,97,0
17945,40,97,0
17946,40,97,0
17947,39,97,0
17948,39,99,0
17949,39,97,0
17950,40,101,0
17951,39,98,0
17952,39,98,0
17953,40,96,0
17954,38,98,0
17955,39,98,0
17956,40,100,0
17957,40,101,0
17958,40,99,0
17959,39,98,0
17960,40,98,0
17961,39,96,0
17962,39,100,0
17963,39,101,0
17964,39,100,0
17965,40,100,0
17966,39,98,0
17967,39,98,0
17968,38,100,0
17969,39,101,0
17970,39,100,0
17971,40,98,0
17972,40,97,0
17973,40,99,0
17974,39,99,0
17975,39,97,0
17976,39,99,0
17977,39,97,0
17978,39,99,0
17979,39,97,0
17980,39,99,0
17981,39,101,0
17982,39,98,0
17983,40,98,0
17984,39,97,0
17985,40,99,0
17986,40,97,0
17987,40,101,0
17988,38,99,0
17989,40,100,0
17990,39,98,0
17991,40,98,0
17992,40,100,0
17993,40,98,0
17994,40,100,0
17995,39,101,0
17996,39,99,0
17997,39,98,0
17998,39,101,0
17999,39,99,0
18000,39,97,0
18001,47,116,0
18002,40,98,0
18003,39,100,0
18004,39,98,0
18005,40,100,0
18006,40,98,0
18007,40,98,0
18008,40,99,0
18009,40,97,0
18010,39,97,0
18011,39,99,0
18012,39,101,0
18013,39,100,0
18014,39,98,0
18015,40,96,0
18016,40,100,0
18017,39,101,0
18018,39,96,0
18019,40,96,0
18020,40,98,0
18021,39,98,0
18022,40,98,0
18023,39,98,0
18024,39,98,0
18025,39,98,0
18026,41,100,0
18027,40,99,0
18028,38,99,0
18029,39,99,0
18030,40,97,0
18031,40,97,0
18032,39,99,0
18033,40,97,0
18034,41,99,0
18035,40,97,0
18036,40,99,0
18037,40,97,0
18038,41,97,0
18039,40,97,0
18040,40,97,0
18041,39,99,0
18042,41,99,0
18043,40,97,0
18044,40,99,0
18045,39,101,0
18046,39,100,0
18047,39,100,0
18048,39,99,0
18049,39,101,0
18050,39,98,0
18051,38,98,0
18052,39,100,0
18053,39,101,0
18054,39,98,0
18055,40,98,0
18056,39,100,0
18057,40,97,0
18058,39,99,0
18059,39,98,0
18060,39,96,0
18061,40,98,0
18062,39,98,0
18063,38,98,0
18064,39,98,0
18065,39,96,0
18066,39,96,0
18067,40,96,0
18068,40,96,0
18069,39,98,0
18070,40,98,0
18071,39,98,0
18072,41,97,0
18073,40,97,0
18074,39,96,0
18075,39,98,0
18076,39,99,0
18077,40,99,0
18078,40,96,0
18079,39,98,0
18080,40,101,0
18081,40,98,0
18082,38,100,0
18083,40,98,0
18084,39,98,0
18085,39,98,0
18086,40,99,0
18087,38,97,0
18088,41,99,0
18089,40,97,0
18090,39,98,0
18091,40,100,0
18092,39,97,0
18093,39,97,0
18094,40,98,0
18095,40,96,0
18096,39,98,0
18097,39,96,0
18098,39,97,0
18099,39,97,0
18100,40,99,0
18101,39,96,0
18102,39,98,0
18103,38,98,0
18104,39,99,0
18105,38,97,0
18106,39,97,0
18107,39,100,0
18108,38,98,0
18109,40,99,0
18110,39,99,0
18111,41,99,0
18112,39,98,0
18113,39,98,0
18114,39,100,0
18115,40,99,0
18116,39,99,0
18117,39,99,0
18118,39,98,0
18119,39,98,0
18120,39,98,0
18121,40,98,0
18122,39,98,0
18123,40,99,0
18124,40,97,0
18125,40,97,0
18126,39,99,0
18127,40,100,0
18128,39,97,0
18129,39,99,0
18130,39,97,0
18131,40,97,0
18132,39,98,0
18133,39,98,0
18134,39,98,0
18135,40,100,0
18136,39,101,0
18137,39,98,0
18138,39,96,0
18139,39,98,0
18140,40,100,0
18141,39,101,0
18142,39,100,0
18143,41,99,0
18144,38,97,0
18145,39,98,0
18146,39,98,0
18147,39,98,0
18148,40,98,0
18149,39,99,0
18150,40,99,0
18151,40,97,0
18152,40,97,0
18153,40,100,0
18154,39,100,0
18155,40,97,0
18156,39,98,0
18157,40,98,0
18158,40,98,0
18159,40,98,0
18160,40,99,0
18161,38,99,0
18162,40,99,0
18163,40,99,0
18164,40,98,0
18165,39,98,0
18166,40,98,0
18167,39,96,0
18168,39,100,0
18169,40,101,0
18170,39,98,0
18171,40,98,0
18172,39,98,0
18173,39,100,0
18174,40,99,0
18175,40,99,0
18176,41,100,0
18177,40,98,0
18178,39,97,0
18179,38,99,0
18180,40,101,0
18181,39,102,0
18182,40,99,0
18183,39,101,0
18184,39,98,0
18185,39,100,0
18186,40,99,0
18187,40,97,0
18188,40,97,0
18189,40,97,0
18190,39,97,0
18191,41,100,0
18192,40,100,0
18193,39,99,0
18194,40,99,0
18195,40,99,0
18196,40,98,0
18197,40,96,0
18198,38,98,0
18199,39,100,0
18200,41,97,0
18201,39,97,0
18202,40,97,0
18203,39,100,0
18204,40,98,0
18205,40,97,0
18206,39,99,0
18207,38,99,0
18208,39,99,0
18209,40,99,0
18210,38,99,0
18211,38,98,0
18212,40,98,0
18213,39,98,0
18214,39,100,0
18215,40,99,0
18216,39,97,0
18217,40,99,0
18218,40,99,0
18219,40,97,0
18220,39,98,0
18221,39,98,0
18222,39,96,0
18223,40,98,0
18224,39,98,0
18225,40,98,0
18226,40,97,0
18227,39,99,0
18228,39,99,0
18229,39,99,0
18230,40,101,0
18231,40,98,0
18232,39,100,0
18233,39,97,0
18234,41,97,0
18235,39,99,0
18236,40,98,0
18237,40,98,0
18238,40,100,0
18239,40,97,0
18240,40,99,0
18241,39,99,0
18242,39,97,0
18243,39,97,0
18244,39,101,0
18245,40,96,0
18246,39,98,0
18247,39,98,0
18248,38,98,0
18249,39,97,0
18250,40,99,0
18251,39,99,0
18252,39,97,0
18253,39,99,0
18254,40,99,0
18255,40,97,0
18256,38,97,0
18257,39,99,0
18258,39,97,0
18259,39,97,0
18260,39,97,0
18261,39,99,0
18262,39,97,0
18263,40,99,0
18264,39,99,0
18265,40,95,0
18266,40,97,0
18267,40,97,0
18268,38,97,0
18269,38,97,0
18270,39,97,0
18271,40,97,0
18272,38,97,0
18273,38,99,0
18274,38,101,0
18275,39,98,0
18276,39,98,0
18277,39,96,0
18278,39,100,0
18279,39,99,0
18280,38,97,0
18281,39,99,0
18282,39,99,0
18283,39,99,0
18284,40,99,0
18285,39,101,0
18286,39,96,0
18287,38,98,0
18288,38,98,0
18289,39,98,0
18290,40,96,0
18291,39,96,0
18292,39,98,0
18293,39,98,0
18294,38,96,0
18295,40,96,0
18296,39,98,0
18297,40,100,0
18298,39,97,0
18299,38,97,0
18300,40,99,0
18301,39,95,0
18302,40,97,0
18303,39,97,0
18304,39,99,0
18305,39,97,0
18306,39,97,0
18307,39,97,0
18308,40,97,0
18309,40,99,0
18310,40,99,0
18311,39,99,0
18312,40,97,0
18313,39,97,0
18314,39,99,0
18315,40,98,0
18316,39,98,0
18317,39,98,0
18318,39,100,0
18319,40,100,0
18320,40,99,0
18321,40,98,0
18322,39,100,0
18323,39,98,0
18324,40,98,0
18325,39,98,0
18326,40,98,0
18327,39,98,0
18328,38,100,0
18329,39,99,0
18330,40,97,0
18331,40,100,0
18332,39,100,0
18333,39,97,0
18334,38,99,0
18335,39,97,0
18336,40,99,0
18337,38,99,0
18338,39,101,0
18339,39,96,0
18340,39,98,0
18341,39,98,0
18342,39,100,0
18343,40,97,0
18344,38,99,0
18345,39,97,0
18346,40,99,0
18347,40,97,0
18348,41,97,0
18349,41,99,0
18350,40,97,0
18351,39,101,0
18352,40,100,0
18353,40,101,0
18354,39,100,0
18355,39,98,0
18356,39,98,0
18357,40,100,0
18358,40,99,0
18359,40,98,0
18360,40,98,0
18361,41,98,0
18362,39,95,0
18363,39,98,0
18364,38,99,0
18365,39,95,0
18366,40,98,0
18367,40,98,0
18368,39,99,0
18369,40,99,0
18370,40,100,0
18371,40,99,0
18372,40,99,0
18373,40,100,0
18374,38,99,0
18375,39,99,0
18376,39,99,0
18377,38,99,0
18378,40,98,0
18379,38,98,0
18380,40,98,0
18381,39,96,0
18382,39,100,0
18383,40,97,0
18384,40,98,0
18385,39,100,0
18386,40,97,0
18387,40,99,0
18388,40,97,0
18389,40,99,0
18390,39,95,0
18391,40,97,0
18392,39,98,0
18393,38,98,0
18394,38,98,0
18395,39,98,0
18396,39,100,0
18397,39,99,0
18398,38,101,0
18399,38,98,0
18400,40,96,0
18401,39,98,0
18402,38,100,0
18403,39,97,0
18404,40,95,0
18405,39,98,0
18406,39,96,0
18407,38,96,0
18408,40,98,0
18409,39,100,0
18410,41,97,0
18411,39,99,0
18412,39,97,0
18413,40,97,0
18414,40,97,0
18415,39,98,0
18416,38,98,0
18417,39,98,0
18418,38,98,0
18419,39,100,0
18420,40,97,0
18421,39,97,0
18422,40,97,0
18423,40,99,0
18424,39,97,0
18425,39,97,0
18426,39,99,0
18427,40,99,0
18428,40,97,0
18429,39,97,0
18430,40,99,0
18431,40,97,0
18432,40,97,0
18433,40,99,0
18434,39,99,0
18435,40,101,0
18436,40,97,0
18437,39,101,0
18438,40,100,0
18439,41,99,0
18440,40,99,0
18441,39,101,0
18442,38,98,0
18443,39,100,0
18444,38,98,0
18445,40,98,0
18446,41,98,0
18447,38,98,0
18448,39,98,0
18449,40,97,0
18450,38,97,0
18451,39,97,0
18452,39,100,0
18453,39,101,0
18454,38,98,0
18455,40,98,0
18456,40,96,0
18457,39,98,0
18458,40,98,0
18459,40,96,0
18460,39,96,0
18461,40,98,0
18462,40,98,0
18463,39,100,0
18464,40,100,0
18465,39,97,0
18466,39,101,0
18467,39,98,0
18468,38,98,0
18469,39,96,0
18470,38,98,0
18471,39,98,0
18472,40,98,0
18473,39,98,0
18474,40,100,0
18475,38,97,0
18476,39,100,0
18477,40,97,0
18478,40,99,0
18479,38,99,0
18480,39,99,0
18481,39,97,0
18482,39,97,0
18483,39,99,0
18484,40,99,0
18485,39,101,0
18486,40,98,0
18487,39,100,0
18488,39,97,0
18489,40,99,0
18490,41,99,0
18491,38,99,0
18492,40,97,0
18493,39,99,0
18494,39,99,0
18495,40,101,0
18496,40,99,0
18497,40,97,0
18498,39,101,0
18499,40,100,0
18500,39,99,0
18501,39,97,0
18502,39,97,0
18503,40,101,0
18504,38,99,0
18505,39,99,0
18506,39,99,0
18507,41,97,0
18508,40,97,0
18509,39,99,0
18510,40,99,0
18511,39,101,0
18512,39,100,0
18513,39,101,0
18514,42,98,0
18515,40,100,0
18516,40,97,0
18517,39,101,0
18518,39,100,0
18519,40,97,0
18520,39,100,0
18521,39,98,0
18522,39,98,0
18523,39,98,0
18524,40,97,0
18525,40,97,0
18526,40,97,0
18527,40,97,0
18528,40,97,0
18529,38,99,0
18530,41,101,0
18531,40,98,0
18532,40,96,0
18533,39,100,0
18534,40,97,0
18535,40,98,0
18536,39,100,0
18537,41,98,0
18538,40,98,0
18539,40,98,0
18540,39,100,0
18541,39,101,0
18542,40,98,0
18543,39,98,0
18544,39,100,0
18545,40,101,0
18546,38,98,0
18547,39,99,0
18548,40,99,0
18549,40,101,0
18550,39,98,0
18551,39,98,0
18552,40,97,0
18553,41,97,0
18554,41,101,0
18555,39,98,0
18556,38,100,0
18557,39,99,0
18558,39,99,0
18559,39,100,0
18560,40,100,0
18561,40,99,0
18562,40,98,0
18563,39,100,0
18564,40,101,0
18565,40,98,0
18566,40,99,0
18567,39,98,0
18568,40,100,0
18569,39,96,0
18570,40,98,0
18571,39,97,0
18572,39,101,0
18573,40,100,0
18574,39,97,0
18575,39,99,0
18576,63,98,0
18577,39,98,0
18578,40,98,0
18579,39,99,0
18580,38,98,0
18581,39,98,0
18582,39,97,0
18583,41,97,0
18584,39,98,0
18585,40,98,0
18586,39,98,0
18587,39,97,0
18588,39,101,0
18589,40,98,0
18590,39,96,0
18591,40,96,0
18592,39,98,0
18593,39,99,0
18594,39,97,0
18595,39,99,0
18596,39,97,0
18597,41,98,0
18598,39,96,0
18599,39,98,0
18600,40,98,0
18601,40,100,0
18602,39,101,0
18603,39,98,0
18604,39,96,0
18605,39,98,0
18606,39,97,0
18607,39,99,0
18608,39,99,0
18609,38,101,0
18610,39,100,0
18611,40,97,0
18612,39,99,0
18613,39,97,0
18614,39,99,0
18615,40,100,0
18616,39,98,0
18617,40,99,0
18618,39,101,0
18619,40,100,0
18620,39,97,0
18621,39,99,0
18622,40,97,0
18623,41,97,0
18624,39,98,0
18625,40,98,0
18626,39,100,0
18627,40,95,0
18628,39,97,0
18629,40,98,0
18630,40,100,0
18631,40,99,0
18632,39,99,0
18633,39,97,0
18634,39,97,0
18635,40,97,0
18636,39,98,0
18637,39,98,0
18638,39,100,0
18639,40,97,0
18640,40,99,0
18641,39,101,0
18642,40,100,0
18643,39,96,0
18644,40,97,0
18645,39,99,0
18646,40,97,0
18647,40,97,0
18648,40,99,0
18649,44,97,0
18650,39,100,0
18651,41,99,0
18652,40,96,0
18653,40,98,0
18654,40,101,0
18655,39,98,0
18656,40,101,0
18657,39,96,0
18658,39,98,0
18659,39,97,0
18660,39,98,0
18661,40,100,0
18662,40,101,0
18663,39,98,0
18664,39,100,0
18665,39,99,0
18666,39,96,0
18667,39,100,0
18668,40,101,0
18669,38,98,0
18670,38,98,0
18671,40,101,0
18672,39,98,0
18673,39,98,0
18674,39,96,0
18675,39,99,0
18676,40,99,0
18677,39,97,0
18678,39,98,0
18679,40,96,0
18680,39,99,0
18681,41,99,0
18682,40,99,0
18683,39,96,0
18684,40,98,0
18685,40,98,0
18686,39,97,0
18687,40,95,0
18688,40,97,0
18689,39,98,0
18690,38,98,0
18691,39,98,0
18692,40,98,0
18693,39,97,0
18694,39,99,0
18695,40,99,0
18696,40,97,0
18697,39,97,0
18698,39,99,0
18699,40,95,0
18700,40,97,0
18701,41,95,0
18702,39,100,0
18703,40,98,0
18704,40,98,0
18705,39,98,0
18706,38,98,0
18707,40,98,0
18708,40,99,0
18709,38,99,0
18710,39,99,0
18711,39,99,0
18712,39,99,0
18713,39,99,0
18714,39,99,0
18715,40,97,0
18716,39,99,0
18717,40,97,0
18718,40,98,0
18719,40,96,0
18720,38,98,0
18721,39,104,0
18722,39,99,0
18723,39,99,0
18724,39,97,0
18725,39,97,0
18726,40,97,0
18727,41,97,0
18728,40,97,0
18729,40,97,0
18730,39,99,0
18731,39,97,0
18732,39,100,0
18733,40,96,0
18734,39,96,0
18735,39,98,0
18736,39,97,0
18737,40,99,0
18738,40,97,0
18739,39,99,0
18740,39,99,0
18741,39,97,0
18742,39,97,0
18743,40,97,0
18744,40,97,0
18745,39,97,0
18746,39,97,0
18747,38,99,0
18748,39,97,0
18749,39,100,0
18750,39,96,0
18751,40,98,0
18752,39,98,0
18753,39,96,0
18754,40,98,0
18755,39,100,0
18756,40,97,0
18757,40,99,0
18758,38,97,0
18759,40,98,0
18760,39,98,0
18761,39,96,0
18762,38,98,0
18763,39,96,0
18764,40,96,0
18765,39,98,0
18766,39,98,0
18767,39,98,0
18768,39,98,0
18769,40,98,0
18770,40,96,0
18771,39,97,0
18772,39,99,0
18773,39,97,0
18774,38,99,0
18775,39,99,0
18776,39,99,0
18777,39,97,0
18778,40,101,0
18779,38,98,0
18780,39,96,0
18781,38,98,0
18782,38,100,0
18783,39,99,0
18784,40,97,0
18785,40,99,0
18786,40,97,0
18787,39,101,0
18788,40,100,0
18789,41,99,0
18790,39,99,0
18791,39,101,0
18792,39,98,0
18793,39,98,0
18794,39,96,0
18795,39,98,0
18796,39,98,0
18797,39,98,0
18798,40,98,0
18799,39,98,0
18800,39,98,0
18801,39,96,0
18802,39,98,0
18803,39,98,0
18804,39,98,0
18805,40,98,0
18806,40,98,0
18807,40,96,0
18808,39,98,0
18809,39,98,0
18810,40,98,0
18811,39,98,0
18812,39,96,0
18813,39,98,0
18814,39,96,0
18815,40,98,0
18816,39,98,0
18817,39,96,0
18818,39,98,0
18819,38,97,0
18820,40,99,0
18821,38,99,0
18822,40,101,0
18823,40,97,0
18824,40,98,0
18825,40,98,0
18826,39,98,0
18827,40,100,0
18828,39,100,0
18829,40,101,0
18830,39,100,0
18831,40,95,0
18832,38,99,0
18833,39,97,0
18834,39,101,0
18835,39,100,0
18836,40,97,0
18837,40,98,0
18838,40,100,0
18839,40,99,0
18840,39,99,0
18841,40,97,0
18842,40,97,0
18843,40,97,0
18844,39,99,0
18845,39,99,0
18846,39,97,0
18847,39,99,0
18848,40,97,0
18849,39,97,0
18850,39,99,0
18851,39,99,0
18852,39,99,0
18853,38,99,0
18854,38,99,0
18855,38,99,0
18856,40,97,0
18857,40,101,0
18858,40,98,0
18859,40,96,0
18860,39,98,0
18861,40,98,0
18862,39,98,0
18863,39,98,0
18864,38,98,0
18865,39,97,0
18866,39,99,0
18867,40,99,0
18868,40,99,0
18869,40,97,0
18870,39,101,0
18871,40,98,0
18872,39,96,0
18873,39,98,0
18874,38,100,0
18875,39,99,0
18876,40,101,0
18877,39,99,0
18878,38,99,0
18879,39,98,0
18880,39,96,0
18881,40,98,0
18882,40,100,0
18883,39,99,0
18884,39,97,0
18885,38,99,0
18886,39,101,0
18887,39,98,0
18888,39,96,0
18889,39,98,0
18890,40,98,0
18891,40,100,0
18892,39,99,0
18893,38,98,0
18894,40,100,0
18895,39,97,0
18896,40,97,0
18897,39,97,0
18898,39,97,0
18899,39,95,0
18900,38,99,0
18901,40,97,0
18902,39,97,0
18903,40,96,0
18904,39,98,0
18905,39,98,0
18906,39,100,0
18907,39,101,0
18908,40,96,0
18909,39,98,0
18910,39,98,0
18911,39,98,0
18912,39,98,0
18913,40,100,0
18914,39,97,0
18915,40,95,0
18916,40,98,0
18917,39,98,0
18918,39,98,0
18919,39,96,0
18920,41,96,0
18921,39,98,0
18922,38,98,0
18923,39,97,0
18924,39,99,0
18925,38,99,0
18926,40,99,0
18927,39,97,0
18928,40,97,0
18929,40,97,0
18930,39,98,0
18931,40,98,0
18932,39,98,0
18933,39,96,0
18934,39,98,0
18935,40,98,0
18936,40,96,0
18937,39,97,0
18938,39,99,0
18939,40,98,0
18940,40,98,0
18941,39,97,0
18942,39,98,0
18943,39,96,0
18944,39,99,0
18945,39,97,0
18946,41,100,0
18947,39,97,0
18948,40,95,0
18949,39,98,0
18950,40,99,0
18951,39,99,0
18952,39,99,0
18953,40,96,0
18954,39,98,0
18955,39,98,0
18956,39,97,0
18957,40,97,0
18958,38,97,0
18959,39,97,0
18960,40,98,0
18961,39,98,0
18962,40,96,0
18963,39,97,0
18964,39,97,0
18965,39,97,0
18966,39,101,0
18967,39,98,0
18968,40,100,0
18969,40,97,0
18970,38,98,0
18971,39,96,0
18972,39,96,0
18973,40,98,0
18974,40,101,0
18975,39,98,0
18976,39,98,0
18977,39,96,0
18978,39,98,0
18979,40,97,0
18980,40,97,0
18981,40,97,0
18982,39,99,0
18983,39,101,0
18984,40,100,0
18985,39,99,0
18986,40,99,0
18987,40,97,0
18988,38,98,0
18989,39,98,0
18990,40,100,0
18991,38,101,0
18992,39,100,0
18993,39,97,0
18994,39,97,0
18995,41,97,0
18996,39,97,0
18997,40,98,0
18998,39,96,0
18999,40,98,0
19000,38,98,0
19001,39,98,0
19002,39,98,0
19003,39,101,0
19004,39,98,0
19005,39,98,0
19006,39,100,0
19007,39,99,0
19008,40,95,0
19009,39,97,0
19010,40,98,0
19011,39,98,0
19012,39,100,0
19013,40,99,0
19014,39,97,0
19015,40,97,0
19016,40,98,0
19017,40,100,0
19018,39,97,0
19019,40,97,0
19020,40,101,0
19021,39,96,0
19022,39,98,0
19023,40,99,0
19024,38,101,0
19025,39,98,0
19026,39,96,0
19027,40,98,0
19028,39,98,0
19029,39,97,0
19030,39,99,0
19031,39,99,0
19032,40,101,0
19033,39,98,0
19034,39,96,0
19035,39,101,0
19036,39,101,0
19037,40,98,0
19038,39,98,0
19039,40,99,0
19040,38,99,0
19041,40,95,0
19042,39,99,0
19043,40,95,0
19044,39,98,0
19045,39,96,0
19046,40,98,0
19047,38,98,0
19048,40,98,0
19049,38,98,0
19050,39,98,0
19051,39,100,0
19052,41,97,0
19053,40,97,0
19054,40,97,0
19055,39,101,0
19056,40,98,0
19057,40,96,0
19058,39,98,0
19059,38,98,0
19060,40,98,0
19061,39,98,0
19062,40,100,0
19063,40,99,0
19064,39,99,0
19065,39,99,0
19066,39,99,0
19067,40,97,0
19068,40,98,0
19069,40,100,0
19070,39,99,0
19071,40,99,0
19072,39,97,0
19073,39,97,0
19074,40,97,0
19075,39,99,0
19076,39,99,0
19077,39,97,0
19078,38,99,0
19079,40,101,0
19080,38,98,0
19081,39,98,0
19082,39,98,0
19083,40,100,0
19084,39,99,0
19085,40,101,0
19086,39,98,0
19087,38,98,0
19088,40,100,0
19089,40,101,0
19090,39,99,0
19091,39,100,0
19092,39,96,0
19093,39,98,0
19094,39,97,0
19095,39,101,0
19096,40,96,0
19097,40,96,0
19098,39,99,0
19099,40,101,0
19100,40,98,0
19101,39,98,0
19102,40,96,0
19103,40,100,0
19104,38,99,0
19105,40,99,0
19106,38,98,0
19107,40,96,0
19108,40,100,0
19109,39,97,0
19110,39,99,0
19111,40,99,0
19112,40,97,0
19113,39,97,0
19114,40,97,0
19115,40,97,0
19116,39,97,0
19117,40,95,0
19118,39,99,0
19119,38,97,0
19120,39,99,0
19121,40,97,0
19122,39,99,0
19123,39,101,0
19124,39,96,0
19125,39,98,0
19126,40,96,0
19127,39,98,0
19128,40,98,0
19129,40,100,0
19130,39,99,0
19131,39,99,0
19132,39,97,0
19133,40,99,0
19134,40,97,0
19135,39,99,0
19136,39,99,0
19137,40,99,0
19138,40,99,0
19139,40,99,0
19140,39,99,0
19141,40,97,0
19142,39,97,0
19143,38,99,0
19144,40,101,0
19145,39,96,0
19146,39,96,0
19147,40,98,0
19148,40,98,0
19149,39,98,0
19150,40,98,0
19151,39,100,0
19152,38,97,0
19153,40,99,0
19154,40,97,0
19155,40,97,0
19156,40,101,0
19157,39,99,0
19158,40,97,0
19159,39,97,0
19160,40,97,0
19161,40,99,0
19162,39,97,0
19163,39,99,0
19164,39,99,0
19165,40,97,0
19166,39,99,0
19167,39,97,0
19168,38,97,0
19169,40,99,0
19170,40,97,0
19171,41,97,0
19172,41,95,0
19173,38,99,0
19174,39,99,0
19175,41,97,0
19176,41,100,0
19177,38,100,0
19178,39,99,0
19179,40,97,0
19180,39,99,0
19181,40,101,0
19182,39,98,0
19183,40,100,0
19184,40,99,0
19185,39,97,0
19186,41,99,0
19187,40,97,0
19188,40,101,0
19189,40,98,0
19190,40,100,0
19191,39,96,0
19192,39,96,0
19193,39,99,0
19194,39,97,0
19195,40,101,0
19196,40,100,0
19197,38,99,0
19198,39,97,0
19199,39,100,0
19200,39,96,0
19201,39,100,0
19202,40,99,0
19203,40,99,0
19204,38,99,0
19205,40,98,0
19206,39,96,0
19207,40,100,0
19208,40,95,0
19209,40,97,0
19210,39,98,0
19211,40,98,0
19212,40,98,0
19213,39,98,0
19214,39,100,0
19215,39,97,0
19216,40,99,0
19217,39,98,0
19218,40,98,0
19219,38,98,0
19220,39,96,0
19221,39,98,0
19222,40,98,0
19223,39,96,0
19224,40,98,0
19225,39,96,0
19226,39,98,0
19227,40,98,0
19228,42,95,0
19229,39,98,0
19230,39,98,0
19231,39,99,0
19232,40,98,0
19233,39,98,0
19234,40,99,0
19235,38,98,0
19236,39,97,0
19237,38,99,0
19238,38,98,0
19239,40,100,0
19240,40,97,0
19241,39,96,0
19242,39,100,0
19243,40,97,0
19244,40,97,0
19245,39,98,0
19246,40,98,0
19247,38,100,0
19248,41,97,0
19249,40,101,0
19250,40,98,0
19251,39,99,0
19252,39,99,0
19253,40,97,0
19254,40,99,0
19255,40,98,0
19256,40,100,0
19257,39,101,0
19258,40,98,0
19259,38,98,0
19260,40,100,0
19261,40,97,0
19262,39,98,0
19263,39,100,0
19264,40,99,0
19265,39,97,0
19266,41,98,0
19267,39,98,0
19268,40,100,0
19269,40,97,0
19270,39,101,0
19271,40,98,0
19272,39,97,0
19273,40,101,0
19274,39,98,0
19275,39,98,0
19276,40,98,0
19277,39,99,0
19278,40,105,0
19279,39,98,0
19280,40,100,0
19281,40,97,0
19282,40,99,0
19283,40,100,0
19284,39,99,0
19285,39,101,0
19286,40,96,0
19287,39,100,0
19288,40,100,0
19289,39,101,0
19290,40,96,0
19291,38,99,0
19292,40,100,0
19293,39,98,0
19294,38,96,0
19295,40,97,0
19296,39,97,0
19297,40,96,0
19298,39,96,0
19299,38,98,0
19300,39,98,0
19301,40,99,0
19302,39,97,0
19303,39,99,0
19304,38,99,0
19305,40,96,0
19306,40,100,0
19307,40,99,0
19308,39,101,0
19309,40,98,0
19310,39,96,0
19311,40,100,0
19312,39,99,0
19313,39,101,0
19314,38,98,0
19315,40,97,0
19316,39,98,0
19317,40,98,0
19318,39,100,0
19319,40,99,0
19320,39,95,0
19321,39,99,0
19322,39,98,0
19323,40,100,0
19324,40,99,0
19325,40,97,0
19326,39,99,0
19327,41,99,0
19328,38,98,0
19329,40,98,0
19330,39,98,0
19331,39,98,0
19332,39,96,0
19333,39,98,0
19334,39,100,0
19335,40,97,0
19336,40,98,0
19337,39,96,0
19338,40,98,0
19339,40,96,0
19340,40,98,0
19341,39,94,0
19342,39,98,0
19343,39,97,0
19344,40,97,0
19345,39,99,0
19346,40,97,0
19347,39,97,0
19348,39,97,0
19349,40,98,0
19350,39,98,0
19351,40,98,0
19352,39,98,0
19353,39,98,0
19354,39,98,0
19355,40,98,0
19356,39,97,0
19357,38,97,0
19358,39,99,0
19359,39,99,0
19360,39,101,0
19361,40,100,0
19362,40,97,0
19363,40,99,0
19364,39,101,0
19365,40,98,0
19366,39,98,0
19367,39,99,0
19368,40,97,0
19369,39,97,0
19370,39,99,0
19371,39,97,0
19372,39,98,0
19373,39,98,0
19374,38,98,0
19375,39,98,0
19376,40,98,0
19377,39,98,0
19378,39,97,0
19379,39,99,0
19380,39,97,0
19381,40,97,0
19382,39,101,0
19383,40,100,0
19384,39,99,0
19385,39,99,0
19386,38,101,0
19387,40,98,0
19388,39,98,0
19389,40,99,0
19390,40,99,0
19391,39,97,0
19392,40,97,0
19393,40,97,0
19394,39,98,0
19395,39,96,0
19396,40,98,0
19397,39,96,0
19398,40,96,0
19399,39,100,0
19400,40,101,0
19401,39,98,0
19402,39,97,0
19403,39,99,0
19404,39,99,0
19405,40,97,0
19406,39,97,0
19407,40,97,0
19408,40,98,0
19409,39,98,0
19410,40,98,0
19411,39,96,0
19412,39,98,0
19413,40,98,0
19414,40,101,0
19415,39,97,0
19416,40,98,0
19417,40,98,0
19418,39,100,0
19419,39,101,0
19420,39,100,0
19421,41,99,0
19422,39,101,0
19423,40,100,0
19424,39,101,0
19425,41,100,0
19426,39,100,0
19427,39,98,0
19428,40,99,0
19429,40,97,0
19430,39,98,0
19431,40,96,0
19432,39,98,0
19433,40,100,0
19434,39,99,0
19435,40,100,0
19436,39,99,0
19437,39,99,0
19438,39,97,0
19439,39,101,0
19440,39,96,0
19441,39,98,0
19442,40,99,0
19443,39,99,0
19444,40,97,0
19445,39,97,0
19446,40,97,0
19447,39,99,0
19448,38,98,0
19449,40,98,0
19450,39,98,0
19451,38,98,0
19452,40,98,0
19453,39,100,0
19454,40,97,0
19455,39,98,0
19456,39,98,0
19457,40,100,0
19458,41,97,0
19459,38,99,0
19460,39,99,0
19461,40,95,0
19462,38,98,0
19463,39,96,0
19464,40,98,0
19465,38,98,0
19466,39,100,0
19467,39,97,0
19468,39,101,0
19469,40,98,0
19470,39,98,0
19471,39,100,0
19472,40,99,0
19473,40,98,0
19474,39,100,0
19475,40,98,0
19476,39,97,0
19477,39,99,0
19478,39,97,0
19479,40,97,0
19480,40,99,0
19481,40,97,0
19482,39,98,0
19483,39,98,0
19484,39,96,0
19485,40,96,0
19486,40,98,0
19487,39,96,0
19488,39,98,0
19489,40,99,0
19490,39,99,0
19491,39,99,0
19492,40,97,0
19493,39,95,0
19494,39,97,0
19495,39,98,0
19496,39,100,0
19497,40,97,0
19498,39,97,0
19499,40,97,0
19500,39,99,0
19501,39,97,0
19502,38,101,0
19503,40,96,0
19504,39,96,0
19505,39,99,0
19506,39,97,0
19507,40,97,0
19508,39,97,0
19509,39,95,0
19510,39,97,0
19511,38,97,0
19512,39,98,0
19513,38,98,0
19514,39,96,0
19515,39,98,0
19516,39,96,0
19517,43,96,0
19518,39,97,0
19519,39,96,0
19520,39,100,0
19521,39,100,0
19522,39,99,0
19523,39,97,0
19524,40,98,0
19525,40,100,0
19526,39,98,0
19527,39,98,0
19528,39,97,0
19529,40,99,0
19530,39,98,0
19531,39,98,0
19532,38,100,0
19533,40,99,0
19534,39,101,0
19535,39,98,0
19536,40,100,0
19537,40,99,0
19538,39,98,0
19539,38,98,0
19540,39,98,0
19541,40,98,0
19542,39,99,0
19543,40,97,0
19544,39,99,0
19545,39,99,0
19546,40,98,0
19547,40,100,0
19548,39,97,0
19549,40,97,0
19550,39,97,0
19551,39,101,0
19552,40,96,0
19553,40,98,0
19554,40,99,0
19555,39,99,0
19556,40,99,0
19557,41,97,0
19558,39,99,0
19559,39,100,0
19560,39,100,0
19561,39,101,0
19562,38,98,0
19563,40,98,0
19564,39,98,0
19565,40,101,0
19566,38,99,0
19567,39,100,0
19568,40,98,0
19569,38,97,0
19570,40,99,0
19571,38,99,0
19572,40,99,0
19573,39,99,0
19574,40,98,0
19575,40,98,0
19576,40,98,0
19577,39,98,0
19578,39,97,0
19579,40,97,0
19580,39,101,0
19581,40,100,0
19582,39,99,0
19583,39,99,0
19584,40,101,0
19585,39,98,0
19586,39,100,0
19587,39,99,0
19588,40,99,0
19589,41,101,0
19590,40,100,0
19591,39,101,0
19592,41,97,0
19593,38,96,0
19594,40,97,0
19595,39,101,0
19596,39,96,0
19597,39,100,0
19598,40,99,0
19599,39,101,0
19600,39,101,0
19601,39,98,0
19602,39,98,0
19603,38,101,0
19604,39,99,0
19605,39,98,0
19606,40,98,0
19607,40,97,0
19608,40,101,0
19609,39,97,0
19610,39,98,0
19611,39,100,0
19612,40,97,0
19613,38,101,0
19614,40,98,0
19615,40,98,0
19616,39,98,0
19617,40,97,0
19618,40,99,0
19619,40,100,0
19620,40,98,0
19621,40,98,0
19622,40,97,0
19623,40,101,0
19624,41,99,0
19625,40,98,0
19626,40,98,0
19627,39,98,0
19628,39,97,0
19629,40,101,0
19630,39,98,0
19631,40,98,0
19632,39,97,0
19633,40,99,0
19634,39,99,0
19635,40,97,0
19636,40,97,0
19637,40,101,0
19638,40,96,0
19639,38,98,0
19640,39,98,0
19641,40,98,0
19642,39,101,0
19643,40,101,0
19644,40,100,0
19645,40,99,0
19646,40,99,0
19647,38,101,0
19648,39,98,0
19649,40,98,0
19650,39,100,0
19651,39,97,0
19652,40,97,0
19653,39,99,0
19654,39,99,0
19655,40,98,0
19656,39,98,0
19657,39,100,0
19658,41,101,0
19659,39,101,0
19660,39,98,0
19661,40,97,0
19662,39,99,0
19663,39,101,0
19664,40,96,0
19665,40,98,0
19666,40,97,0
19667,39,101,0
19668,39,99,0
19669,40,99,0
19670,40,98,0
19671,40,98,0
19672,38,98,0
19673,39,98,0
19674,39,97,0
19675,40,97,0
19676,40,99,0
19677,39,97,0
19678,39,99,0
19679,39,97,0
19680,40,99,0
19681,39,101,0
19682,40,98,0
19683,38,96,0
19684,39,98,0
19685,39,100,0
19686,40,99,0
19687,40,97,0
19688,39,99,0
19689,39,97,0
19690,40,101,0
19691,39,96,0
19692,40,96,0
19693,39,96,0
19694,40,97,0
19695,39,99,0
19696,41,99,0
19697,39,99,0
19698,39,99,0
19699,39,97,0
19700,41,99,0
19701,39,101,0
19702,40,100,0
19703,39,100,0
19704,38,101,0
19705,40,100,0
19706,39,98,0
19707,40,99,0
19708,38,97,0
19709,40,99,0
19710,40,97,0
19711,39,99,0
19712,40,99,0
19713,39,101,0
19714,39,98,0
19715,39,98,0
19716,40,99,0
19717,39,99,0
19718,40,97,0
19719,39,97,0
19720,38,101,0
19721,40,96,0
19722,39,98,0
19723,40,100,0
19724,40,101,0
19725,38,98,0
19726,39,100,0
19727,38,99,0
19728,39,97,0
19729,39,98,0
19730,40,98,0
19731,39,98,0
19732,39,98,0
19733,39,98,0
19734,40,100,0
19735,39,99,0
19736,39,97,0
19737,39,99,0
19738,40,97,0
19739,39,98,0
19740,38,98,0
19741,39,98,0
19742,39,100,0
19743,39,97,0
19744,40,97,0
19745,39,97,0
19746,40,97,0
19747,40,97,0
19748,40,101,0
19749,40,100,0
19750,39,97,0
19751,40,101,0
19752,40,97,0
19753,40,99,0
19754,40,98,0
19755,40,98,0
19756,40,98,0
19757,39,98,0
19758,39,100,0
19759,39,99,0
19760,40,101,0
19761,40,98,0
19762,39,98,0
19763,40,100,0
19764,39,101,0
19765,39,101,0
19766,39,100,0
19767,40,98,0
19768,40,100,0
19769,39,97,0
19770,39,96,0
19771,40,100,0
19772,39,101,0
19773,40,97,0
19774,39,98,0
19775,40,99,0
19776,38,99,0
19777,39,101,0
19778,40,98,0
19779,41,98,0
19780,40,100,0
19781,40,101,0
19782,39,98,0
19783,39,101,0
19784,41,98,0
19785,39,98,0
19786,38,100,0
19787,39,101,0
19788,39,98,0
19789,39,98,0
19790,40,99,0
19791,41,99,0
19792,40,99,0
19793,41,99,0
19794,40,95,0
19795,39,97,0
19796,39,96,0
19797,39,100,0
19798,39,100,0
19799,40,97,0
19800,39,99,0
19801,39,100,0
19802,39,98,0
19803,38,100,0
19804,45,99,0
19805,38,99,0
19806,40,99,0
19807,40,98,0
19808,39,98,0
19809,40,99,0
19810,39,99,0
19811,39,98,0
19812,40,98,0
19813,39,101,0
19814,39,96,0
19815,39,100,0
19816,40,97,0
19817,40,98,0
19818,40,96,0
19819,39,98,0
19820,40,98,0
19821,39,98,0
19822,39,99,0
19823,40,97,0
19824,39,97,0
19825,40,97,0
19826,39,98,0
19827,39,100,0
19828,39,97,0
19829,39,99,0
19830,40,97,0
19831,40,99,0
19832,39,96,0
19833,39,96,0
19834,40,100,0
19835,39,99,0
19836,40,97,0
19837,40,97,0
19838,40,95,0
19839,39,96,0
19840,39,100,0
19841,41,99,0
19842,41,97,0
19843,38,99,0
19844,40,96,0
19845,39,96,0
19846,39,98,0
19847,39,100,0
19848,39,99,0
19849,40,99,0
19850,38,97,0
19851,39,97,0
19852,39,99,0
19853,40,97,0
19854,40,99,0
19855,38,98,0
19856,39,98,0
19857,39,96,0
19858,39,98,0
19859,40,100,0
19860,39,97,0
19861,39,99,0
19862,39,99,0
19863,38,99,0
19864,39,97,0
19865,38,99,0
19866,40,98,0
19867,38,98,0
19868,40,98,0
19869,38,98,0
19870,39,96,0
19871,39,96,0
19872,39,98,0
19873,39,98,0
19874,40,97,0
19875,39,99,0
19876,40,97,0
19877,39,99,0
19878,39,101,0
19879,38,98,0
19880,39,98,0
19881,40,98,0
19882,39,96,0
19883,39,98,0
19884,39,98,0
19885,40,100,0
19886,39,97,0
19887,39,97,0
19888,40,99,0
19889,39,95,0
19890,38,97,0
19891,39,97,0
19892,39,95,0
19893,39,97,0
19894,39,97,0
19895,39,99,0
19896,39,97,0
19897,41,100,0
19898,40,98,0
19899,39,100,0
19900,40,97,0
19901,39,99,0
19902,40,97,0
19903,38,99,0
19904,39,95,0
19905,39,99,0
19906,39,97,0
19907,39,99,0
19908,41,99,0
19909,41,97,0
19910,40,98,0
19911,39,98,0
19912,39,100,0
19913,39,98,0
19914,39,100,0
19915,39,97,0
19916,39,99,0
19917,40,99,0
19918,39,97,0
19919,39,97,0
19920,40,99,0
19921,40,99,0
19922,41,100,0
19923,40,98,0
19924,39,98,0
19925,40,100,0
19926,38,99,0
19927,40,97,0
19928,40,100,0
19929,40,98,0
19930,39,98,0
19931,40,98,0
19932,40,97,0
19933,39,97,0
19934,40,99,0
19935,39,97,0
19936,39,101,0
19937,39,100,0
19938,41,99,0
19939,40,99,0
19940,39,97,0
19941,39,99,0
19942,40,99,0
19943,40,97,0
19944,40,99,0
19945,40,97,0
19946,39,99,0
19947,40,97,0
19948,40,102,0
19949,40,98,0
19950,40,98,0
19951,39,100,0
19952,39,99,0
19953,39,99,0
19954,39,99,0
19955,40,99,0
19956,39,97,0
19957,39,100,0
19958,40,98,0
19959,39,100,0
19960,40,101,0
19961,40,98,0
19962,40,100,0
19963,39,99,0
19964,40,99,0
19965,40,100,0
19966,39,99,0
19967,39,99,0
19968,39,98,0
19969,39,98,0
19970,39,98,0
19971,39,98,0
19972,39,100,0
19973,39,99,0
19974,39,97,0
19975,38,98,0
19976,39,96,0
19977,39,98,0
19978,39,98,0
19979,39,96,0
19980,39,98,0
19981,39,98,0
19982,39,98,0
19983,40,98,0
19984,40,96,0
19985,38,98,0
19986,38,98,0
19987,39,96,0
19988,40,100,0
19989,39,101,0
19990,39,98,0
19991,38,100,0
19992,39,99,0
19993,38,99,0
19994,38,98,0
19995,39,100,0
19996,39,99,0
19997,39,99,0
19998,39,98,0
19999,40,100,0
